CIF,Account Name,Region,Product Type,End Balance,Days_Since_Last_Txn,CLV_Predicted,Churn_Probability
CIF01003020,Customer_3021,Sidama,Ahadu Bereket Saving Account,8077297.2,3499,3759159.0,0.9999999190337522
CIF01004715,Customer_4716,Amhara,Ordinary Saving Account,3895004.26,2425,1843526.4,0.9999999705361919
CIF01006044,Customer_6045,SNNPR,Ahadu Bereket Saving Account,3083777.29,3266,1396725.0,0.9999999761235813
CIF01005585,Customer_5586,Amhara,Hiruyan Saving Account,2529295.43,2967,1186617.8,0.9999999308966349
CIF01003184,Customer_3185,Benishangul-Gumuz,Special Saving Account,898960.58,4272,1175688.6,0.9999999477893179
CIF01002525,Customer_2526,Benishangul-Gumuz,Ahadu Bereket Saving Account,1704054.59,1882,1104353.9,0.9999998751881387
CIF01003936,Customer_3937,Amhara,Blatena Saving Account,2085947.87,3033,1070963.8,0.9999999367934329
CIF01000157,Customer_158,Sidama,Ordinary Saving Account,1516955.0,2208,1067553.1,0.9999999548436396
CIF01009796,Customer_9797,Addis Ababa,Ordinary Saving Account,2053359.58,772,1062289.2,0.9999999468200914
CIF01004311,Customer_4312,Amhara,Special Saving Account,1716919.17,2244,998891.06,0.9999998768225774
CIF01009652,Customer_9653,Addis Ababa,Ahati Saving Account,1679849.27,773,978861.06,0.9999998679877643
CIF01005153,Customer_5154,Amhara,Ordinary Saving Account,2060922.93,1406,938945.94,0.9999999749596153
CIF01009013,Customer_9014,Tigray,Hiruyan Saving Account,2053204.0,1891,905206.3,0.9999998614183906
CIF01005503,Customer_5504,SNNPR,Ahati Saving Account,1233051.04,532,892147.44,0.9999925899273934
CIF01007872,Customer_7873,Dire Dawa,Ordinary Saving Account,422507.12,3743,887071.75,0.9999999316856318
CIF01007713,Customer_7714,Addis Ababa,Sitota Saving Deposit,1237408.31,1698,858000.3,0.9999998683354896
CIF01008885,Customer_8886,Addis Ababa,Ordinary Saving Account,1643016.61,624,833275.5,0.9999998601556963
CIF01000490,Customer_491,Addis Ababa,Ordinary Saving Account,1847425.57,4646,829937.9,0.9999999326772245
CIF01000632,Customer_633,Oromia,Prime Customer Deposit Account,1784435.12,1517,817011.25,0.9999999755083478
CIF01005182,Customer_5183,Addis Ababa,Ordinary Saving Account,1684862.0,2842,810281.6,0.9999999719451146
CIF01009436,Customer_9437,Addis Ababa,Blatena Saving Account,1466746.97,1181,778986.75,0.9999998347464989
CIF01009225,Customer_9226,Oromia,Prime Customer Deposit Account,1661661.24,598,772484.2,0.9999969128158858
CIF01006468,Customer_6469,Addis Ababa,Agape Saving Account,1575838.48,833,735337.8,0.9999998131443597
CIF01002580,Customer_2581,Amhara,Abew Saving Account,1106966.39,1915,702730.75,0.9999997607121229
CIF01005174,Customer_5175,Amhara,Hiruyan Saving Account,1137035.72,405,658938.4,0.9999992814499185
CIF01009156,Customer_9157,Tigray,Agape Saving Account,1238095.13,1213,625910.25,0.9999999380496866
CIF01004556,Customer_4557,Oromia,Ahati Saving Account,1285521.72,1579,624272.44,0.999999616404123
CIF01007655,Customer_7656,Oromia,Ordinary Saving Account,1166928.22,2151,593565.44,0.9999999839736431
CIF01003844,Customer_3845,Addis Ababa,Ordinary Saving Account,1154054.74,2193,582042.6,0.999999989657082
CIF01001303,Customer_1304,Dire Dawa,Abew Saving Account,1194604.03,1222,578919.8,0.9999998419812691
CIF01001467,Customer_1468,Gambela,Prime Customer Deposit Account,1198834.78,4534,570533.9,0.9999999677186656
CIF01002456,Customer_2457,Addis Ababa,Special Saving Account,1156319.94,1379,556289.1,0.9999999671857327
CIF01005945,Customer_5946,Oromia,Special Saving Account,960038.96,568,522912.97,0.9999990049761163
CIF01004335,Customer_4336,Addis Ababa,Ordinary Saving Account,1070113.7,1630,522652.25,0.9999997193327876
CIF01005504,Customer_5505,Tigray,Special Saving Account,1068203.88,2662,514049.66,0.9999999228015375
CIF01002448,Customer_2449,Oromia,Special Saving Account,1113431.76,1069,509996.4,0.999999923149803
CIF01004123,Customer_4124,Addis Ababa,Special Saving Account,868420.8,924,498913.22,0.9999999376752086
CIF01007809,Customer_7810,Oromia,Asrat Bekurat Saving Account,1096153.83,4553,489997.78,0.999999960178352
CIF01000712,Customer_713,Addis Ababa,Werazut Saving Account,1030747.08,710,486142.28,0.9999962541994624
CIF01007182,Customer_7183,Amhara,Blatena Saving Account,850175.31,1018,475486.62,0.9999999334600593
CIF01004525,Customer_4526,Oromia,Ahati Saving Account,1012356.0,1191,459488.4,0.9999995293014239
CIF01009321,Customer_9322,Somali,Hiruyan Saving Account,929177.02,515,459167.38,0.9999941358465898
CIF01002601,Customer_2602,Oromia,Sitota Saving Deposit,711956.78,617,457940.44,0.9999993738346467
CIF01005816,Customer_5817,Amhara,Blatena Saving Account,1053002.14,384,453512.22,0.9999765685651145
CIF01005061,Customer_5062,Addis Ababa,Ordinary Saving Account,898266.86,680,451093.4,0.9999993742681595
CIF01007012,Customer_7013,Addis Ababa,Dekemezmur Saving Account,945457.27,531,444037.66,0.9999899438996513
CIF01003761,Customer_3762,Addis Ababa,Tirufat Savings Account,933053.67,1295,437264.16,0.9999998633347014
CIF01001775,Customer_1776,Dire Dawa,Prime Customer Deposit Account,882428.81,1923,433009.7,0.9999999785018969
CIF01006051,Customer_6052,Amhara,Couples Saving Deposit,805201.72,859,430955.16,0.9999997043713341
CIF01001340,Customer_1341,Oromia,Hiruyan Saving Account,707672.39,930,426125.97,0.9999998462485681
CIF01007725,Customer_7726,SNNPR,Ordinary Saving Account,844457.34,479,422079.97,0.9999996324615271
CIF01003958,Customer_3959,Addis Ababa,Hiruyan Saving Account,755736.58,774,421591.66,0.9999996940698638
CIF01002730,Customer_2731,Addis Ababa,Ordinary Saving Account,783973.68,1930,416922.53,0.9999998434707017
CIF01001683,Customer_1684,Tigray,Ahati Saving Account,735336.39,1519,416451.6,0.9999999830785001
CIF01003875,Customer_3876,Amhara,Werazut Saving Account,700205.63,372,411081.25,0.9999995386460293
CIF01008029,Customer_8030,Addis Ababa,Werazut Saving Account,741981.78,1477,406480.4,0.9999999698617039
CIF01002665,Customer_2666,Oromia,Tirufat Savings Account,785836.58,369,401916.5,0.999996893088472
CIF01000110,Customer_111,Addis Ababa,Ahati Saving Account,709416.89,4330,398144.84,0.9999999425033124
CIF01006665,Customer_6666,Tigray,Ordinary Saving Account,745266.47,2285,397694.78,0.999999975052515
CIF01008020,Customer_8021,Addis Ababa,Dekemezmur Saving Account,700459.59,713,394252.97,0.9999908443827368
CIF01000474,Customer_475,Dire Dawa,Hiruyan Saving Account,1006799.91,1534,388025.9,0.9999999567733205
CIF01007835,Customer_7836,Oromia,Blatena Saving Account,813352.09,1364,387353.06,0.9999997617483453
CIF01001402,Customer_1403,Addis Ababa,Ahadu Bereket Saving Account,974319.05,3069,384164.4,0.999999960796085
CIF01006433,Customer_6434,Oromia,Werazut Saving Account,669300.44,1351,381982.5,0.9999999189683301
CIF01006884,Customer_6885,Addis Ababa,Special Saving Account,699211.75,1440,377990.7,0.9999999259235232
CIF01000533,Customer_534,Sidama,Abew Saving Account,632098.57,1046,377818.9,0.9999999212884669
CIF01004013,Customer_4014,Oromia,Dekemezmur Saving Account,789918.28,2636,372093.78,0.9999999211700066
CIF01006085,Customer_6086,Addis Ababa,Tirufat Savings Account,728271.8,3340,368334.25,0.9999999059330595
CIF01008218,Customer_8219,Addis Ababa,Ordinary Saving Account,704956.63,1193,365950.5,0.9999995906830145
CIF01001345,Customer_1346,Dire Dawa,Ordinary Saving Account,703873.89,370,363864.0,0.9999959524154051
CIF01007171,Customer_7172,Afar,Ordinary Saving Account,611589.47,559,363756.6,0.9999986151206518
CIF01002945,Customer_2946,Oromia,Special Saving Account,611500.87,2596,363359.56,0.9999999726072603
CIF01009353,Customer_9354,Harari,Blatena Saving Account,732058.95,3853,362499.44,0.9999999234395728
CIF01009392,Customer_9393,Addis Ababa,Ahati Saving Account,698289.9,683,362403.6,0.9999996337875658
CIF01008366,Customer_8367,Addis Ababa,Werazut Saving Account,730225.54,2728,362192.78,0.9999998899435972
CIF01000404,Customer_405,Afar,Ordinary Saving Account,534098.42,2436,361241.1,0.9999999361801851
CIF01008341,Customer_8342,Dire Dawa,Ordinary Saving Account,650683.22,2162,359175.75,0.9999999181810637
CIF01000823,Customer_824,Oromia,Ordinary Saving Account,613647.91,644,357518.44,0.9999999261210252
CIF01006066,Customer_6067,Addis Ababa,Ordinary Saving Account,718520.09,3512,353721.88,0.9999999821319946
CIF01003471,Customer_3472,SNNPR,Tirufat Savings Account,632313.27,3142,350023.8,0.999999893072889
CIF01003830,Customer_3831,Oromia,Ordinary Saving Account,638430.77,1597,349825.4,0.9999999816962107
CIF01002388,Customer_2389,SNNPR,Ordinary Saving Account,637886.9,594,344694.22,0.9999995966633058
CIF01002998,Customer_2999,Addis Ababa,Special Saving Account,553976.19,403,343749.9,0.9999976625935948
CIF01002697,Customer_2698,Oromia,Sitota Saving Deposit,361463.82,405,343713.2,0.9999991213893288
CIF01006344,Customer_6345,Oromia,Ordinary Saving Account,681211.41,2007,341964.72,0.9999999700965185
CIF01001317,Customer_1318,Sidama,Abew Saving Account,637587.94,641,338697.22,0.999990919911679
CIF01008407,Customer_8408,Addis Ababa,Dekemezmur Saving Account,590691.17,370,338135.53,0.9999981129499103
CIF01007828,Customer_7829,Amhara,Ordinary Saving Account,607121.32,732,334984.62,0.9999987459126136
CIF01001577,Customer_1578,Amhara,Werazut Saving Account,686293.52,400,334410.1,0.9999970300313716
CIF01005744,Customer_5745,Amhara,Asrat Bekurat Saving Account,731306.17,2543,333402.47,0.9999998963934408
CIF01009671,Customer_9672,SNNPR,Special Saving Account,595858.2,600,331498.75,0.9999927318522188
CIF01008138,Customer_8139,Sidama,Couples Saving Deposit,671647.06,901,328544.94,0.9999999419954115
CIF01001072,Customer_1073,Addis Ababa,Werazut Saving Account,605038.19,573,327571.94,0.9999998468099843
CIF01003953,Customer_3954,Addis Ababa,Dekemezmur Saving Account,506087.31,3373,326814.8,0.9999999506052266
CIF01004499,Customer_4500,Sidama,Blatena Saving Account,634543.42,2406,325074.47,0.9999999808911185
CIF01007570,Customer_7571,Harari,Werazut Saving Account,685146.64,446,324395.53,0.9999991805503603
CIF01007220,Customer_7221,Oromia,Special Saving Account,708071.94,1065,322910.34,0.9999998444052667
CIF01009308,Customer_9309,Gambela,Special Saving Account,578630.39,497,322117.72,0.9999916431652962
CIF01007969,Customer_7970,Addis Ababa,Werazut Saving Account,614109.46,871,321540.94,0.999999853939828
CIF01003151,Customer_3152,Harari,Ordinary Saving Account,575593.93,731,320664.78,0.9999966251799898
CIF01000096,Customer_97,Afar,Ahadu Bereket Saving Account,663235.2,1461,320221.84,0.9999996458944062
CIF01000430,Customer_431,Amhara,Blatena Saving Account,579061.46,1961,317607.47,0.9999999793947589
CIF01001046,Customer_1047,Amhara,Ordinary Saving Account,398456.21,906,317387.4,0.9999998936687242
CIF01004190,Customer_4191,Benishangul-Gumuz,Special Saving Account,592502.39,1515,317357.22,0.9999997049160729
CIF01003986,Customer_3987,Sidama,Dekemezmur Saving Account,396195.98,441,315493.78,0.9999948086999495
CIF01007246,Customer_7247,Amhara,Special Saving Account,645941.93,2628,312035.9,0.9999999600764626
CIF01004032,Customer_4033,Addis Ababa,Ahati Saving Account,642219.23,3205,311044.9,0.9999999451137854
CIF01004572,Customer_4573,Sidama,Abew Saving Account,459953.75,1257,310716.1,0.999999896157931
CIF01003898,Customer_3899,Oromia,Prime Customer Deposit Account,726582.1,1179,307786.78,0.9999998425396491
CIF01003440,Customer_3441,Addis Ababa,Washera Saving Account,599220.02,3989,307408.9,0.9999999691857219
CIF01002354,Customer_2355,Addis Ababa,Prime Customer Deposit Account,661576.26,2555,306106.22,0.999999976888316
CIF01000565,Customer_566,Dire Dawa,Ahati Saving Account,489882.74,1171,304679.72,0.9999999509387758
CIF01002425,Customer_2426,Amhara,Hiruyan Saving Account,533044.35,1415,301253.0,0.9999999695444515
CIF01008938,Customer_8939,Addis Ababa,Asrat Bekurat Saving Account,573200.55,1371,296603.53,0.9999998079536427
CIF01007871,Customer_7872,Addis Ababa,Abew Saving Account,442596.71,2477,295093.7,0.9999999392435609
CIF01009623,Customer_9624,Amhara,Ordinary Saving Account,521373.01,401,294393.94,0.9999892902766763
CIF01005913,Customer_5914,Addis Ababa,Ordinary Saving Account,487044.97,2004,291453.6,0.9999998999954294
CIF01004243,Customer_4244,Amhara,Ahati Saving Account,500959.8,891,290227.22,0.999999946604774
CIF01009211,Customer_9212,Addis Ababa,Ordinary Saving Account,535807.51,787,285099.7,0.9999998751960557
CIF01007992,Customer_7993,Addis Ababa,Agape Saving Account,480558.69,1609,281550.78,0.9999999672239372
CIF01000230,Customer_231,Oromia,Tirufat Savings Account,537429.64,421,275414.78,0.9999962821663896
CIF01005385,Customer_5386,SNNPR,Ordinary Saving Account,428034.54,698,273930.53,0.999990961328585
CIF01007164,Customer_7165,Oromia,Abew Saving Account,432569.62,1392,273143.4,0.9999999698397082
CIF01006252,Customer_6253,Sidama,Blatena Saving Account,452363.87,662,271591.22,0.9999915275845815
CIF01009272,Customer_9273,Addis Ababa,Tirufat Savings Account,467717.73,1813,269585.34,0.9999999599694596
CIF01000766,Customer_767,Harari,Asrat Bekurat Saving Account,513041.78,4166,269166.1,0.9999999263159228
CIF01001123,Customer_1124,Tigray,Ordinary Saving Account,440050.04,1812,268519.47,0.9999998781155928
CIF01005637,Customer_5638,SNNPR,Abew Saving Account,508421.5,3254,267896.62,0.9999998404110205
CIF01002495,Customer_2496,Addis Ababa,Equb Saving Account,447318.78,3237,267745.9,0.9999998338907515
CIF01001946,Customer_1947,Oromia,Equb Saving Account,534182.91,2164,266417.34,0.9999998702785406
CIF01003963,Customer_3964,Addis Ababa,Ordinary Saving Account,430054.26,3209,265796.16,0.9999999456376044
CIF01001765,Customer_1766,Amhara,Ordinary Saving Account,454395.39,2317,264481.47,0.9999999741350774
CIF01001537,Customer_1538,Sidama,Ahati Saving Account,509133.07,2514,264370.1,0.999999884827305
CIF01004451,Customer_4452,SNNPR,Werazut Saving Account,424909.3,3251,263854.66,0.999999705309687
CIF01007058,Customer_7059,SNNPR,Abew Saving Account,474555.49,4710,263614.72,0.9999999369441013
CIF01009376,Customer_9377,Addis Ababa,Werazut Saving Account,572052.1,2584,262198.34,0.9999999372693965
CIF01007289,Customer_7290,Dire Dawa,Abew Saving Account,410456.45,762,260898.28,0.9999966187261262
CIF01007825,Customer_7826,Oromia,Special Saving Account,437113.11,2508,258158.5,0.9999999620387897
CIF01002533,Customer_2534,Oromia,Washera Saving Account,457090.85,4151,256779.94,0.9999999427371211
CIF01008531,Customer_8532,Oromia,Ordinary Saving Account,511023.41,3145,255291.42,0.9999999489803261
CIF01003618,Customer_3619,Dire Dawa,Werazut Saving Account,504126.98,1160,253960.69,0.9999998167947686
CIF01004790,Customer_4791,Addis Ababa,Ordinary Saving Account,430275.56,922,253803.7,0.9999998709084081
CIF01007028,Customer_7029,Oromia,Agape Saving Account,529461.75,2592,253169.97,0.9999999589495584
CIF01002640,Customer_2641,Addis Ababa,Special Saving Account,325755.07,1915,252238.53,0.9999999634046419
CIF01004866,Customer_4867,Addis Ababa,Ordinary Saving Account,402870.73,3789,251191.16,0.9999999697176376
CIF01002898,Customer_2899,Oromia,Special Saving Account,383631.36,1769,249052.17,0.9999998798258152
CIF01007638,Customer_7639,SNNPR,Werazut Saving Account,476813.94,2307,248781.48,0.999999787772534
CIF01007356,Customer_7357,SNNPR,Ahati Saving Account,475863.41,3308,247637.27,0.999999934258948
CIF01005963,Customer_5964,Amhara,Werazut Saving Account,365360.63,1425,245241.06,0.9999999121399501
CIF01002178,Customer_2179,Oromia,Special Saving Account,483517.33,2223,245052.84,0.9999999675868881
CIF01000839,Customer_840,Tigray,Dekemezmur Saving Account,502995.99,1351,244215.7,0.9999997221730746
CIF01000085,Customer_86,Addis Ababa,Agape Saving Account,308701.87,1482,243223.56,0.9999998904174487
CIF01004571,Customer_4572,Tigray,Couples Saving Deposit,403900.62,4112,242538.45,0.9999999399611634
CIF01008945,Customer_8946,Amhara,Washera Saving Account,310078.94,569,241879.75,0.9999981446568023
CIF01003503,Customer_3504,Addis Ababa,Ordinary Saving Account,482111.0,962,241166.4,0.999999892805762
CIF01006202,Customer_6203,Addis Ababa,Dekemezmur Saving Account,345622.06,619,240780.05,0.9999998625498525
CIF01004222,Customer_4223,Somali,Dekemezmur Saving Account,297449.49,1544,238897.1,0.9999998163623804
CIF01002158,Customer_2159,Addis Ababa,Abew Saving Account,374846.74,1377,238171.28,0.9999999200103413
CIF01005332,Customer_5333,Amhara,Ahati Saving Account,364883.47,2084,238036.36,0.9999999591616667
CIF01008923,Customer_8924,SNNPR,Special Saving Account,444449.22,540,237965.98,0.9999924996461785
CIF01002796,Customer_2797,Oromia,Dekemezmur Saving Account,337004.01,398,235009.38,0.9999998206879581
CIF01000115,Customer_116,Addis Ababa,Ordinary Saving Account,413656.77,3504,234332.12,0.9999999324921091
CIF01000548,Customer_549,Addis Ababa,Prime Customer Deposit Account,365107.31,955,234246.8,0.9999998749774525
CIF01006647,Customer_6648,Addis Ababa,Tirufat Savings Account,400671.18,2533,233347.11,0.9999999422236028
CIF01005132,Customer_5133,Oromia,Ordinary Saving Account,361590.2,2084,232917.22,0.9999999488595603
CIF01006721,Customer_6722,Oromia,Blatena Saving Account,429974.57,3445,232769.22,0.9999999860477422
CIF01002504,Customer_2505,Tigray,Hiruyan Saving Account,366866.13,534,231018.83,0.9999996460084856
CIF01009301,Customer_9302,Oromia,Agape Saving Account,397476.59,2541,229764.06,0.9999999684552169
CIF01003026,Customer_3027,Amhara,Blatena Saving Account,417759.11,2598,229366.66,0.9999999460607742
CIF01003641,Customer_3642,Oromia,Tirufat Savings Account,390404.4,1758,228820.08,0.9999999620387944
CIF01008047,Customer_8048,Dire Dawa,Agape Saving Account,347052.72,2571,227981.47,0.9999999556138621
CIF01003817,Customer_3818,Oromia,Blatena Saving Account,409269.21,3312,227134.16,0.9999999278309991
CIF01004623,Customer_4624,SNNPR,Ordinary Saving Account,334775.57,2035,226591.05,0.9999999241073623
CIF01004840,Customer_4841,Tigray,Ahadu Bereket Saving Account,348895.71,2089,226513.1,0.9999999013200498
CIF01007740,Customer_7741,Sidama,Ahadu Bereket Saving Account,397816.38,657,226387.84,0.9999956359734445
CIF01009766,Customer_9767,Amhara,Ordinary Saving Account,348118.3,4609,225463.78,0.9999999435446639
CIF01007714,Customer_7715,Addis Ababa,Ahati Saving Account,435129.12,504,225271.42,0.9999939050412208
CIF01008011,Customer_8012,SNNPR,Ordinary Saving Account,348462.47,921,224262.17,0.9999999769810547
CIF01008326,Customer_8327,Addis Ababa,Ahadu Bereket Saving Account,402007.71,1041,223483.64,0.9999998419557211
CIF01007276,Customer_7277,Addis Ababa,Blatena Saving Account,304183.53,564,221991.48,0.9999965029203336
CIF01008897,Customer_8898,Addis Ababa,Dekemezmur Saving Account,406202.92,1679,218025.3,0.9999999277951331
CIF01000670,Customer_671,Dire Dawa,Sitota Saving Deposit,400896.29,1789,217783.03,0.999999940408782
CIF01002592,Customer_2593,Amhara,Special Saving Account,399909.52,4117,216891.44,0.9999999609801531
CIF01002516,Customer_2517,Addis Ababa,Special Saving Account,390127.78,785,215704.3,0.9999996410954772
CIF01006440,Customer_6441,Addis Ababa,Ordinary Saving Account,384612.64,1016,215527.89,0.999999966025918
CIF01001799,Customer_1800,Oromia,Werazut Saving Account,386708.53,1854,215089.56,0.999999948063752
CIF01007783,Customer_7784,Oromia,Ahati Saving Account,390886.59,2017,213779.4,0.999999893071026
CIF01002272,Customer_2273,Harari,Dekemezmur Saving Account,225921.05,1747,212773.98,0.999999855112708
CIF01000441,Customer_442,SNNPR,Special Saving Account,387555.69,1320,211096.92,0.9999997421152415
CIF01003003,Customer_3004,Harari,Ahati Saving Account,348599.29,688,210509.2,0.9999959072557818
CIF01001439,Customer_1440,Somali,Werazut Saving Account,374107.22,700,209792.4,0.999996642792847
CIF01009062,Customer_9063,Oromia,Ahadu Bereket Saving Account,408482.87,615,209315.17,0.9999923558389162
CIF01004997,Customer_4998,Amhara,Blatena Saving Account,348129.74,1321,208724.95,0.9999998233174489
CIF01003468,Customer_3469,Amhara,Tirufat Savings Account,363816.05,1488,208523.53,0.9999999306861748
CIF01008958,Customer_8959,Tigray,Ahadu Bereket Saving Account,306872.72,1036,208451.94,0.999999920623626
CIF01007083,Customer_7084,Amhara,Ordinary Saving Account,289834.58,2114,208422.19,0.9999999714852176
CIF01008966,Customer_8967,Benishangul-Gumuz,Hiruyan Saving Account,399618.13,974,207982.73,0.9999997928935249
CIF01009697,Customer_9698,Addis Ababa,Ordinary Saving Account,275240.14,912,207397.47,0.9999999378278924
CIF01004529,Customer_4530,Amhara,Werazut Saving Account,218774.82,1732,207215.75,0.9999999265215024
CIF01002880,Customer_2881,Oromia,Ordinary Saving Account,281453.36,1418,207134.47,0.9999998763874978
CIF01009899,Customer_9900,Addis Ababa,Blatena Saving Account,367311.49,3039,205980.62,0.9999998862260672
CIF01002909,Customer_2910,Addis Ababa,Special Saving Account,394463.36,793,205649.48,0.999999769017697
CIF01000491,Customer_492,Addis Ababa,Agape Saving Account,235540.79,646,204942.73,0.9999973296136717
CIF01004992,Customer_4993,Tigray,Blatena Saving Account,326115.7,2072,204150.69,0.9999999794776355
CIF01007338,Customer_7339,Addis Ababa,Special Saving Account,334667.47,939,203774.38,0.9999999474547315
CIF01002676,Customer_2677,Oromia,Hiruyan Saving Account,299329.34,1030,203728.77,0.9999998689909336
CIF01001526,Customer_1527,Addis Ababa,Sitota Saving Deposit,350992.28,1306,203627.84,0.9999999273708238
CIF01005776,Customer_5777,Tigray,Special Saving Account,343513.01,1131,203601.1,0.9999999543850323
CIF01002602,Customer_2603,Addis Ababa,Dekemezmur Saving Account,297957.89,582,202061.44,0.9999980374783898
CIF01003662,Customer_3663,Amhara,Ordinary Saving Account,313484.72,1790,201935.28,0.9999999075716121
CIF01001903,Customer_1904,Addis Ababa,Special Saving Account,252316.61,721,201302.16,0.9999978998272323
CIF01008833,Customer_8834,Addis Ababa,Ordinary Saving Account,360605.73,742,200900.2,0.9999982695896876
CIF01004959,Customer_4960,SNNPR,Dekemezmur Saving Account,332485.91,1414,200174.14,0.9999994302073192
CIF01006611,Customer_6612,Amhara,Special Saving Account,349397.21,1336,200023.42,0.9999997738505365
CIF01008625,Customer_8626,Addis Ababa,Blatena Saving Account,318541.5,576,199933.52,0.9999988534539171
CIF01007311,Customer_7312,Addis Ababa,Tirufat Savings Account,361563.62,920,199691.98,0.9999999042333086
CIF01003053,Customer_3054,Addis Ababa,Hiruyan Saving Account,264891.75,2441,199316.2,0.9999998965551564
CIF01002062,Customer_2063,Addis Ababa,Ordinary Saving Account,275210.4,678,198999.98,0.9999997302206087
CIF01007419,Customer_7420,Addis Ababa,Prime Customer Deposit Account,224711.68,2150,198812.33,0.9999999491989927
CIF01008367,Customer_8368,Amhara,Blatena Saving Account,335532.58,625,197745.86,0.9999978297889862
CIF01000873,Customer_874,Addis Ababa,Blatena Saving Account,318886.17,664,197639.67,0.99999734404337
CIF01003738,Customer_3739,Oromia,Blatena Saving Account,307876.5,779,197633.88,0.999999887115509
CIF01008905,Customer_8906,Addis Ababa,Janderebaw Saving Account,353432.02,430,197612.44,0.999996703354577
CIF01008478,Customer_8479,Oromia,Ordinary Saving Account,325072.91,1084,197608.16,0.9999999060982457
CIF01003438,Customer_3439,SNNPR,Ahadu Bereket Saving Account,410996.59,486,197497.66,0.9999979710332014
CIF01001251,Customer_1252,SNNPR,Ordinary Saving Account,308309.2,2974,197302.94,0.9999998271325897
CIF01001259,Customer_1260,Addis Ababa,Ordinary Saving Account,291064.39,2483,196063.48,0.9999999528602022
CIF01004708,Customer_4709,SNNPR,Couples Saving Deposit,256285.52,1355,195782.75,0.999999776993437
CIF01004683,Customer_4684,Oromia,Hiruyan Saving Account,352718.38,850,195364.72,0.9999999897518769
CIF01002814,Customer_2815,Addis Ababa,Prime Customer Deposit Account,243762.68,1625,195288.0,0.9999999247790078
CIF01002435,Customer_2436,Gambela,Ahati Saving Account,317050.57,2770,194980.81,0.9999999005536254
CIF01006094,Customer_6095,Addis Ababa,Ordinary Saving Account,321728.71,1792,194725.81,0.9999999449064002
CIF01002161,Customer_2162,Somali,Washera Saving Account,296343.08,2619,193833.39,0.9999999594224042
CIF01000776,Customer_777,Oromia,Ordinary Saving Account,281565.19,1277,192664.8,0.9999999344174234
CIF01002478,Customer_2479,Harari,Hiruyan Saving Account,310805.56,2249,191806.52,0.9999999281949323
CIF01009279,Customer_9280,SNNPR,Blatena Saving Account,313156.91,1207,191646.55,0.9999999179935529
CIF01003548,Customer_3549,Amhara,Ordinary Saving Account,314302.55,1333,190951.5,0.9999999492881663
CIF01000818,Customer_819,Addis Ababa,Werazut Saving Account,169740.91,935,190256.64,0.9999998452906946
CIF01004626,Customer_4627,Addis Ababa,Ordinary Saving Account,339466.65,3849,190107.72,0.9999999420771521
CIF01004817,Customer_4818,Benishangul-Gumuz,Ordinary Saving Account,363824.29,2220,190102.89,0.9999999651785568
CIF01006098,Customer_6099,Sidama,Ordinary Saving Account,209164.53,2410,189790.42,0.9999997069219362
CIF01006630,Customer_6631,SNNPR,Tirufat Savings Account,211799.58,1727,189620.34,0.9999998802040099
CIF01004402,Customer_4403,SNNPR,Ordinary Saving Account,242945.33,1308,189299.11,0.9999998462701213
CIF01004353,Customer_4354,Amhara,Ahadu Bereket Saving Account,322278.62,3542,189284.1,0.9999999172332095
CIF01000534,Customer_535,Benishangul-Gumuz,Tirufat Savings Account,226567.5,474,189141.05,0.9999999709827974
CIF01005379,Customer_5380,Oromia,Tirufat Savings Account,332806.37,2255,188644.53,0.9999999642257096
CIF01005366,Customer_5367,Oromia,Abew Saving Account,291136.31,738,188041.66,0.9999993041127437
CIF01006688,Customer_6689,Oromia,Dekemezmur Saving Account,321910.82,1548,187637.34,0.9999999655392203
CIF01004526,Customer_4527,Oromia,Tirufat Savings Account,345355.94,3287,187271.42,0.9999999520235793
CIF01000091,Customer_92,Addis Ababa,Ordinary Saving Account,178418.22,872,185669.34,0.9999999314712968
CIF01004929,Customer_4930,Amhara,Hiruyan Saving Account,275612.28,4079,185627.83,0.9999999617271994
CIF01009622,Customer_9623,Amhara,Dekemezmur Saving Account,317368.33,1282,185563.44,0.9999997897120974
CIF01000394,Customer_395,Somali,Blatena Saving Account,248300.29,3212,185474.52,0.9999998861450613
CIF01003177,Customer_3178,Harari,Janderebaw Saving Account,337816.28,1865,185415.16,0.9999999459968683
CIF01003976,Customer_3977,Amhara,Dekemezmur Saving Account,252885.81,615,184573.55,0.9999992126269543
CIF01009347,Customer_9348,Sidama,Equb Saving Account,307662.1,2695,184151.9,0.999999850356045
CIF01002514,Customer_2515,Oromia,Ahadu Bereket Saving Account,219571.37,1842,183535.08,0.9999999168137903
CIF01002599,Customer_2600,Amhara,Special Saving Account,139731.44,476,181760.72,0.9999981660100854
CIF01001651,Customer_1652,Amhara,Washera Saving Account,299531.8,713,181750.14,0.9999961968584745
CIF01000076,Customer_77,Sidama,Blatena Saving Account,309234.49,1468,180195.08,0.9999999239392543
CIF01005443,Customer_5444,Sidama,Dekemezmur Saving Account,281457.6,2738,179690.61,0.9999999789997018
CIF01001902,Customer_1903,Oromia,Ahati Saving Account,257459.98,828,179533.4,0.9999999031888887
CIF01004653,Customer_4654,Oromia,Equb Saving Account,160613.43,1618,179508.36,0.9999999130774775
CIF01005430,Customer_5431,Sidama,Equb Saving Account,182829.55,651,179278.78,0.9999988270909731
CIF01004666,Customer_4667,Addis Ababa,Asrat Bekurat Saving Account,290073.94,1187,178791.42,0.9999994782336299
CIF01006562,Customer_6563,Harari,Asrat Bekurat Saving Account,270332.45,992,178638.6,0.9999998649103963
CIF01009470,Customer_9471,Oromia,Ordinary Saving Account,200214.2,560,178372.3,0.9999991638765183
CIF01009992,Customer_9993,Addis Ababa,Janderebaw Saving Account,214047.98,2334,177790.64,0.9999999805057528
CIF01002451,Customer_2452,Oromia,Ordinary Saving Account,261464.89,1480,177512.55,0.9999999744298396
CIF01004923,Customer_4924,Amhara,Werazut Saving Account,183397.68,1406,176545.66,0.999999950879539
CIF01008445,Customer_8446,SNNPR,Abew Saving Account,241309.39,808,176471.61,0.9999996235631936
CIF01008925,Customer_8926,Amhara,Equb Saving Account,203257.02,1184,176352.95,0.9999999155456933
CIF01008516,Customer_8517,Benishangul-Gumuz,Dekemezmur Saving Account,282857.41,1360,176069.34,0.9999999692776486
CIF01000373,Customer_374,Addis Ababa,Ordinary Saving Account,298903.1,2457,175928.86,0.9999999501921035
CIF01007113,Customer_7114,Addis Ababa,Ordinary Saving Account,270982.08,500,175609.38,0.9999999777887798
CIF01000811,Customer_812,Addis Ababa,Werazut Saving Account,256316.82,1913,175511.7,0.9999999158103254
CIF01005958,Customer_5959,Addis Ababa,Abew Saving Account,201524.52,404,175327.75,0.9999993648992748
CIF01007524,Customer_7525,Oromia,Blatena Saving Account,228433.17,1965,175261.45,0.9999999275518957
CIF01005381,Customer_5382,Amhara,Ordinary Saving Account,323565.87,2998,175009.39,0.999999984050596
CIF01009249,Customer_9250,Benishangul-Gumuz,Special Saving Account,216747.7,1163,174729.33,0.9999999614317955
CIF01006375,Customer_6376,Oromia,Special Saving Account,253060.25,1356,174204.25,0.9999998920358945
CIF01004230,Customer_4231,Addis Ababa,Special Saving Account,222271.0,799,174197.23,0.9999998753362509
CIF01001718,Customer_1719,SNNPR,Ahati Saving Account,263112.12,1157,174122.75,0.9999999180280722
CIF01000319,Customer_320,Addis Ababa,Equb Saving Account,277914.81,1728,174009.48,0.9999998643659305
CIF01000841,Customer_842,Amhara,Special Saving Account,209174.2,950,173704.72,0.9999999750531245
CIF01001281,Customer_1282,Gambela,Ahati Saving Account,327810.2,3519,173370.02,0.9999999613636602
CIF01007798,Customer_7799,Oromia,Special Saving Account,195780.38,1642,173329.03,0.9999998633871114
CIF01005568,Customer_5569,Oromia,Hiruyan Saving Account,187691.29,996,172684.81,0.9999998507270839
CIF01005121,Customer_5122,Oromia,Special Saving Account,167128.05,1169,172248.81,0.999999944117294
CIF01003795,Customer_3796,Amhara,Special Saving Account,225139.61,773,171531.92,0.9999999005831665
CIF01009582,Customer_9583,Oromia,Ordinary Saving Account,216591.05,559,171481.55,0.9999998343225064
CIF01004301,Customer_4302,Addis Ababa,Ordinary Saving Account,257052.69,944,171431.94,0.9999998905536227
CIF01003492,Customer_3493,Tigray,Ordinary Saving Account,318586.41,529,170516.56,0.9999946003565162
CIF01005407,Customer_5408,Addis Ababa,Ahati Saving Account,313573.02,2242,170497.6,0.9999998790475331
CIF01004383,Customer_4384,Dire Dawa,Washera Saving Account,223617.98,745,170093.34,0.9999970344280881
CIF01007377,Customer_7378,Oromia,Ordinary Saving Account,197106.34,1144,169939.3,0.9999999632258156
CIF01005580,Customer_5581,Addis Ababa,Equb Saving Account,195091.95,453,169892.97,0.9999993745495939
CIF01001240,Customer_1241,Addis Ababa,Werazut Saving Account,191224.4,1928,169720.95,0.9999998956225025
CIF01009539,Customer_9540,Addis Ababa,Ordinary Saving Account,277872.25,2080,169555.31,0.9999998913511192
CIF01001420,Customer_1421,Gambela,Ordinary Saving Account,248741.65,584,169424.92,0.9999974609114678
CIF01004604,Customer_4605,Amhara,Ordinary Saving Account,273791.91,910,169132.95,0.9999998404441507
CIF01008404,Customer_8405,Addis Ababa,Dekemezmur Saving Account,228237.02,3520,168521.38,0.999999982838628
CIF01000397,Customer_398,Tigray,Ordinary Saving Account,312478.09,2732,168372.08,0.9999999044805465
CIF01009966,Customer_9967,Addis Ababa,Dekemezmur Saving Account,276862.09,2952,168098.88,0.9999999814284898
CIF01003933,Customer_3934,Oromia,Ordinary Saving Account,291858.4,430,168043.36,0.9999901306892864
CIF01003757,Customer_3758,Sidama,Asrat Bekurat Saving Account,278872.96,667,167885.2,0.9999975253460235
CIF01002758,Customer_2759,SNNPR,Dekemezmur Saving Account,246073.04,2593,167401.56,0.9999998992561555
CIF01008726,Customer_8727,Afar,Ahati Saving Account,207211.28,3188,166755.16,0.9999999407270073
CIF01008431,Customer_8432,Oromia,Special Saving Account,220519.63,615,166713.78,0.9999986598430807
CIF01003653,Customer_3654,Afar,Ahati Saving Account,294431.96,4060,166656.83,0.9999999718246072
CIF01007568,Customer_7569,Addis Ababa,Equb Saving Account,204113.22,1540,166481.22,0.9999999562502145
CIF01009600,Customer_9601,Oromia,Ordinary Saving Account,245124.7,1055,166480.7,0.9999999439366694
CIF01008721,Customer_8722,Amhara,Blatena Saving Account,280632.5,1140,166422.86,0.9999998904108984
CIF01006108,Customer_6109,Sidama,Hiruyan Saving Account,295012.57,3767,166402.2,0.9999999359914794
CIF01006605,Customer_6606,Dire Dawa,Asrat Bekurat Saving Account,255742.91,640,166394.84,0.9999923193220428
CIF01005256,Customer_5257,Addis Ababa,Couples Saving Deposit,275637.79,696,166307.62,0.9999989899746843
CIF01006747,Customer_6748,Somali,Tirufat Savings Account,108288.25,465,166207.9,0.9999970943917733
CIF01001916,Customer_1917,Addis Ababa,Blatena Saving Account,201427.17,1694,166163.6,0.9999999544304387
CIF01005533,Customer_5534,Addis Ababa,Ordinary Saving Account,233840.1,1541,165814.52,0.9999999510247595
CIF01002776,Customer_2777,Tigray,Prime Customer Deposit Account,203322.42,641,165626.19,0.9999984006449449
CIF01005226,Customer_5227,Gambela,Ordinary Saving Account,188072.99,478,165288.27,0.9999999510999633
CIF01006577,Customer_6578,SNNPR,Janderebaw Saving Account,166792.94,1581,165277.2,0.9999998714949746
CIF01003686,Customer_3687,SNNPR,Dekemezmur Saving Account,224834.81,4332,164865.66,0.999999306015271
CIF01008615,Customer_8616,SNNPR,Ordinary Saving Account,166935.81,761,164575.86,0.9999978426142677
CIF01007661,Customer_7662,Addis Ababa,Ahati Saving Account,193520.39,1641,164208.47,0.9999999540992494
CIF01003422,Customer_3423,Harari,Ordinary Saving Account,249773.3,1454,163852.86,0.9999998729628715
CIF01008735,Customer_8736,Addis Ababa,Agape Saving Account,249443.84,2081,163762.8,0.9999999604814447
CIF01008097,Customer_8098,Oromia,Blatena Saving Account,234128.67,2705,163757.42,0.9999998451327641
CIF01001797,Customer_1798,Amhara,Ordinary Saving Account,289923.61,2468,163710.8,0.9999999724607712
CIF01009926,Customer_9927,Tigray,Special Saving Account,188425.54,1583,163562.25,0.999999749191235
CIF01003496,Customer_3497,SNNPR,Special Saving Account,192050.35,1737,163557.84,0.9999999508149682
CIF01005850,Customer_5851,Addis Ababa,Ordinary Saving Account,273196.96,556,163548.38,0.9999986299169492
CIF01005297,Customer_5298,Amhara,Tirufat Savings Account,215084.58,2165,163362.23,0.9999999681978516
CIF01001728,Customer_1729,Addis Ababa,Ordinary Saving Account,153381.65,517,162877.11,0.9999988802599434
CIF01008751,Customer_8752,Amhara,Janderebaw Saving Account,139691.37,601,162597.17,0.9999999711357921
CIF01006045,Customer_6046,Oromia,Equb Saving Account,267214.77,1754,162531.4,0.9999998064224398
CIF01004031,Customer_4032,Sidama,Special Saving Account,249208.06,421,162470.03,0.9999992298975866
CIF01008054,Customer_8055,Addis Ababa,Tirufat Savings Account,257803.38,2003,162297.31,0.9999999447229062
CIF01006893,Customer_6894,Addis Ababa,Equb Saving Account,205809.62,855,162189.77,0.9999998465447004
CIF01004455,Customer_4456,SNNPR,Dekemezmur Saving Account,293179.88,2862,161565.08,0.9999999841664788
CIF01004058,Customer_4059,Benishangul-Gumuz,Ordinary Saving Account,254490.77,1719,161563.36,0.9999999028046195
CIF01001524,Customer_1525,Sidama,Ordinary Saving Account,271473.04,1230,161503.75,0.9999999484279993
CIF01008813,Customer_8814,Addis Ababa,Ordinary Saving Account,248921.9,2445,161483.84,0.9999998941215021
CIF01004978,Customer_4979,Addis Ababa,Special Saving Account,179116.63,1523,161453.1,0.9999998704806058
CIF01001028,Customer_1029,Benishangul-Gumuz,Tirufat Savings Account,180953.49,452,161000.42,0.9999997296252421
CIF01002974,Customer_2975,Addis Ababa,Ordinary Saving Account,179663.09,1701,160732.28,0.9999999408062479
CIF01004331,Customer_4332,Somali,Blatena Saving Account,276058.47,2049,160718.73,0.9999999809326067
CIF01007384,Customer_7385,Amhara,Ordinary Saving Account,257539.92,2405,160050.88,0.9999998691876346
CIF01009598,Customer_9599,SNNPR,Asrat Bekurat Saving Account,271820.02,2350,159995.81,0.9999997972398911
CIF01006361,Customer_6362,Addis Ababa,Hiruyan Saving Account,210974.93,737,159969.22,0.999999867986551
CIF01006033,Customer_6034,Amhara,Special Saving Account,263421.32,1568,159776.39,0.9999999589975869
CIF01005901,Customer_5902,Harari,Hiruyan Saving Account,229896.71,754,159736.16,0.9999996693993174
CIF01003281,Customer_3282,Addis Ababa,Ordinary Saving Account,263550.68,2665,159704.12,0.9999999651559589
CIF01005695,Customer_5696,Oromia,Ahati Saving Account,272048.76,717,159031.69,0.9999955712786601
CIF01002712,Customer_2713,Addis Ababa,Blatena Saving Account,180539.07,1558,158912.02,0.9999999593875083
CIF01001759,Customer_1760,Somali,Abew Saving Account,126826.67,1411,158317.88,0.9999998730923266
CIF01005760,Customer_5761,Amhara,Hiruyan Saving Account,193431.74,458,158287.1,0.9999983752430428
CIF01004789,Customer_4790,Somali,Ordinary Saving Account,219733.6,3262,158280.75,0.9999999381726099
CIF01007405,Customer_7406,Tigray,Werazut Saving Account,249374.35,568,158254.23,0.999996601143559
CIF01008850,Customer_8851,Addis Ababa,Ahati Saving Account,217777.38,1423,158114.77,0.9999999779649069
CIF01001204,Customer_1205,Addis Ababa,Special Saving Account,265333.9,2540,157992.23,0.9999999782653226
CIF01007888,Customer_7889,Sidama,Ordinary Saving Account,252787.73,2436,157983.84,0.9999997728455085
CIF01005028,Customer_5029,Addis Ababa,Special Saving Account,217712.19,1206,157494.19,0.9999999490795238
CIF01007397,Customer_7398,Amhara,Ordinary Saving Account,195917.08,1155,157297.25,0.9999999623475638
CIF01006720,Customer_6721,SNNPR,Special Saving Account,121399.88,468,156638.72,0.9999997783018645
CIF01006362,Customer_6363,Dire Dawa,Blatena Saving Account,148078.51,2410,156438.98,0.9999998201353301
CIF01001576,Customer_1577,Oromia,Hiruyan Saving Account,159454.92,1509,156149.27,0.9999998612019878
CIF01004246,Customer_4247,Addis Ababa,Werazut Saving Account,191085.97,1583,156022.77,0.9999998860599671
CIF01007847,Customer_7848,Addis Ababa,Dekemezmur Saving Account,160242.15,663,155564.4,0.9999963270051353
CIF01004485,Customer_4486,Amhara,Sitota Saving Deposit,168063.33,1984,155456.62,0.9999998633157117
CIF01007738,Customer_7739,Oromia,Ahati Saving Account,201790.32,1277,155416.84,0.9999998171238903
CIF01005419,Customer_5420,Amhara,Dekemezmur Saving Account,206676.99,1930,154634.97,0.9999999878231275
CIF01000552,Customer_553,Addis Ababa,Ordinary Saving Account,187863.51,895,154565.89,0.9999999603487868
CIF01005971,Customer_5972,SNNPR,Dekemezmur Saving Account,215994.09,1163,154424.77,0.9999994433099378
CIF01006065,Customer_6066,Sidama,Blatena Saving Account,213586.18,2427,154323.4,0.9999999121321896
CIF01007546,Customer_7547,Dire Dawa,Blatena Saving Account,177541.79,676,154191.88,0.9999980062762405
CIF01002103,Customer_2104,Amhara,Tirufat Savings Account,208258.53,1412,153923.81,0.9999999790033867
CIF01002738,Customer_2739,Oromia,Abew Saving Account,212631.54,1181,153710.12,0.9999999531510928
CIF01008780,Customer_8781,SNNPR,Ordinary Saving Account,243706.14,800,153377.02,0.9999997965007424
CIF01005162,Customer_5163,Oromia,Werazut Saving Account,188595.89,1166,153359.2,0.999999991158882
CIF01006766,Customer_6767,Addis Ababa,Blatena Saving Account,141315.4,2041,153288.11,0.9999998901403985
CIF01007435,Customer_7436,Oromia,Tirufat Savings Account,276629.83,2803,153098.47,0.9999999836887139
CIF01002747,Customer_2748,Addis Ababa,Ordinary Saving Account,145887.26,1236,152619.2,0.9999999381013435
CIF01006775,Customer_6776,SNNPR,Special Saving Account,257042.61,707,152456.0,0.999998379849195
CIF01003323,Customer_3324,Addis Ababa,Werazut Saving Account,165093.35,820,152430.11,0.9999998885119077
CIF01001548,Customer_1549,Benishangul-Gumuz,Ordinary Saving Account,195235.17,1716,151924.56,0.9999999542064061
CIF01005299,Customer_5300,Harari,Ordinary Saving Account,216132.13,4927,151834.89,0.9999999008363166
CIF01005727,Customer_5728,Amhara,Hiruyan Saving Account,270544.87,2903,151820.64,0.999999940755286
CIF01003837,Customer_3838,Addis Ababa,Tirufat Savings Account,213350.24,571,151776.2,0.9999965703545702
CIF01003803,Customer_3804,SNNPR,Dekemezmur Saving Account,241353.28,2717,151170.67,0.9999999244121088
CIF01002674,Customer_2675,Addis Ababa,Ordinary Saving Account,242289.95,1196,151011.28,0.9999999710188003
CIF01003455,Customer_3456,Addis Ababa,Abew Saving Account,174745.16,563,150528.2,0.9999969618461184
CIF01002907,Customer_2908,Sidama,Prime Customer Deposit Account,185701.25,850,150353.62,0.9999999517656711
CIF01004478,Customer_4479,Addis Ababa,Blatena Saving Account,247167.82,2053,150313.4,0.9999999682867687
CIF01006713,Customer_6714,Amhara,Asrat Bekurat Saving Account,137729.2,1895,150271.14,0.9999999201638071
CIF01004330,Customer_4331,Tigray,Equb Saving Account,256137.75,3486,150125.06,0.9999999675874679
CIF01008297,Customer_8298,Tigray,Ahati Saving Account,224240.89,1831,150070.3,0.9999998466246807
CIF01007247,Customer_7248,Sidama,Ordinary Saving Account,217177.82,4555,149643.55,0.9999997981711845
CIF01005868,Customer_5869,Amhara,Equb Saving Account,264483.09,3191,149603.9,0.9999999313522616
CIF01004270,Customer_4271,Dire Dawa,Ahadu Bereket Saving Account,131834.76,1967,149591.17,0.9999998509810719
CIF01002086,Customer_2087,Tigray,Ordinary Saving Account,182566.92,1249,149306.84,0.9999998507776541
CIF01007852,Customer_7853,Addis Ababa,Werazut Saving Account,226438.55,2055,149235.9,0.9999999178897593
CIF01000740,Customer_741,Oromia,Asrat Bekurat Saving Account,266238.39,3729,149144.14,0.9999999542796195
CIF01003357,Customer_3358,Amhara,Ordinary Saving Account,108970.06,590,149001.27,0.9999998989730718
CIF01004886,Customer_4887,SNNPR,Janderebaw Saving Account,132095.59,450,148968.95,0.9999998491877232
CIF01003912,Customer_3913,Oromia,Special Saving Account,122025.66,572,148868.17,0.9999999250581985
CIF01002017,Customer_2018,Addis Ababa,Prime Customer Deposit Account,90620.21,422,148263.66,0.9999986539432637
CIF01001986,Customer_1987,Addis Ababa,Equb Saving Account,156202.61,1632,148112.39,0.9999998751839563
CIF01007267,Customer_7268,Addis Ababa,Tirufat Savings Account,219620.13,5302,147999.27,0.9999999038271282
CIF01006455,Customer_6456,Tigray,Sitota Saving Deposit,224031.62,3456,147962.0,0.9999997143021991
CIF01008595,Customer_8596,Addis Ababa,Ordinary Saving Account,169041.65,556,147887.1,0.9999999392453928
CIF01001348,Customer_1349,Addis Ababa,Werazut Saving Account,175283.4,2691,147755.14,0.9999999591863017
CIF01008077,Customer_8078,Amhara,Ahati Saving Account,121092.92,1192,147737.52,0.9999998437374475
CIF01008570,Customer_8571,Tigray,Tirufat Savings Account,161617.09,687,147706.03,0.9999977240002146
CIF01001108,Customer_1109,Oromia,Prime Customer Deposit Account,218313.3,1837,147454.58,0.9999999320435979
CIF01003629,Customer_3630,Addis Ababa,Blatena Saving Account,156759.22,654,147170.52,0.999997476366285
CIF01004523,Customer_4524,Benishangul-Gumuz,Prime Customer Deposit Account,154047.87,1463,146586.08,0.9999999706486864
CIF01005802,Customer_5803,Addis Ababa,Ahati Saving Account,202479.7,4354,146574.78,0.999999909591375
CIF01004038,Customer_4039,Amhara,Prime Customer Deposit Account,248607.41,1293,146539.72,0.9999999234287656
CIF01007380,Customer_7381,Tigray,Dekemezmur Saving Account,149358.04,1612,146508.22,0.9999999506522821
CIF01003745,Customer_3746,Addis Ababa,Hiruyan Saving Account,184360.92,2630,146374.61,0.9999999615989875
CIF01009258,Customer_9259,Addis Ababa,Special Saving Account,196156.19,1932,146342.33,0.9999998996538203
CIF01004282,Customer_4283,Addis Ababa,Ordinary Saving Account,135734.46,1445,146332.56,0.9999999225809231
CIF01008743,Customer_8744,Oromia,Ordinary Saving Account,218851.03,632,146285.78,0.9999968031653619
CIF01004395,Customer_4396,Tigray,Werazut Saving Account,151298.58,1951,146165.47,0.9999999069454935
CIF01007997,Customer_7998,Addis Ababa,Ahati Saving Account,180209.03,2319,145856.77,0.9999999927177692
CIF01003696,Customer_3697,Addis Ababa,Dekemezmur Saving Account,155115.43,1088,145797.03,0.9999999227049103
CIF01003853,Customer_3854,Addis Ababa,Ordinary Saving Account,196709.64,4087,145785.22,0.9999999478971096
CIF01002941,Customer_2942,Oromia,Janderebaw Saving Account,165676.42,1756,145738.73,0.9999999596047843
CIF01001283,Customer_1284,Dire Dawa,Ahadu Bereket Saving Account,174794.25,2231,145249.03,0.9999999707067326
CIF01006063,Customer_6064,Amhara,Abew Saving Account,153060.8,1269,145248.45,0.9999999037833535
CIF01000972,Customer_973,Addis Ababa,Tirufat Savings Account,253449.52,689,145122.05,0.9999989363683719
CIF01002260,Customer_2261,Addis Ababa,Blatena Saving Account,178385.37,1514,145076.06,0.9999998839692322
CIF01007913,Customer_7914,Somali,Ahati Saving Account,97042.85,1018,144665.61,0.9999991579820466
CIF01006644,Customer_6645,Oromia,Special Saving Account,191159.33,1310,144566.36,0.9999999013121439
CIF01008723,Customer_8724,Tigray,Abew Saving Account,211507.28,3836,144412.25,0.9999999284552323
CIF01001921,Customer_1922,SNNPR,Ordinary Saving Account,209798.65,4395,144053.0,0.9999998635566292
CIF01008847,Customer_8848,Harari,Ordinary Saving Account,210173.44,2752,143893.4,0.9999999015651183
CIF01009836,Customer_9837,Addis Ababa,Special Saving Account,252115.29,2650,143877.84,0.999999982727361
CIF01006156,Customer_6157,Addis Ababa,Janderebaw Saving Account,191865.6,2017,143874.75,0.9999999352249054
CIF01009636,Customer_9637,Amhara,Ordinary Saving Account,188634.37,3765,143709.36,0.9999999531935733
CIF01005207,Customer_5208,Oromia,Blatena Saving Account,107399.75,503,143652.75,0.9999994963146969
CIF01004869,Customer_4870,Tigray,Ordinary Saving Account,131928.81,1388,143641.22,0.9999999445863967
CIF01008990,Customer_8991,Sidama,Prime Customer Deposit Account,147405.91,496,143490.6,0.9999979823215969
CIF01001639,Customer_1640,Oromia,Asrat Bekurat Saving Account,128935.65,1512,143209.36,0.99999990789267
CIF01006178,Customer_6179,SNNPR,Dekemezmur Saving Account,148551.91,1624,143071.03,0.9999997679104159
CIF01007600,Customer_7601,Addis Ababa,Agape Saving Account,223234.76,713,142783.81,0.9999982575840063
CIF01002764,Customer_2765,SNNPR,Werazut Saving Account,235814.69,2536,142781.67,0.9999999410674062
CIF01002696,Customer_2697,Addis Ababa,Ordinary Saving Account,125089.16,1098,142766.12,0.9999998631489767
CIF01000729,Customer_730,Oromia,Prime Customer Deposit Account,222219.38,1733,142383.98,0.9999999837597795
CIF01005523,Customer_5524,Oromia,Abew Saving Account,254354.43,4641,142361.0,0.9999999811345058
CIF01002972,Customer_2973,Addis Ababa,Werazut Saving Account,159479.11,1316,142272.58,0.9999999433791752
CIF01009201,Customer_9202,Afar,Hiruyan Saving Account,188994.03,813,142119.89,0.9999999689854521
CIF01008636,Customer_8637,Addis Ababa,Ahati Saving Account,196611.98,1533,142062.16,0.9999999462530622
CIF01003746,Customer_3747,Amhara,Ordinary Saving Account,220499.8,484,141903.97,0.999991014114925
CIF01002846,Customer_2847,Addis Ababa,Dekemezmur Saving Account,173436.58,872,141746.52,0.9999999575671561
CIF01009795,Customer_9796,SNNPR,Ahadu Bereket Saving Account,204402.45,2882,140917.95,0.9999998700065738
CIF01001586,Customer_1587,Somali,Washera Saving Account,112905.23,1302,140749.14,0.9999998763361277
CIF01003928,Customer_3929,Dire Dawa,Dekemezmur Saving Account,196871.44,2759,140592.33,0.9999999842213263
CIF01001457,Customer_1458,Amhara,Special Saving Account,234837.5,4476,140367.47,0.9999999423451547
CIF01002367,Customer_2368,Somali,Ordinary Saving Account,180732.75,2845,140350.14,0.9999998752868993
CIF01004606,Customer_4607,Sidama,Special Saving Account,236931.78,1701,140206.28,0.9999997820795565
CIF01009912,Customer_9913,Amhara,Dekemezmur Saving Account,229731.77,1317,139944.14,0.999999912503646
CIF01007554,Customer_7555,Sidama,Washera Saving Account,198196.24,720,139880.45,0.9999864307574765
CIF01008084,Customer_8085,Addis Ababa,Ordinary Saving Account,194447.6,1376,139648.22,0.999999900177398
CIF01001291,Customer_1292,SNNPR,Dekemezmur Saving Account,145476.17,705,139505.28,0.9999992264392192
CIF01000202,Customer_203,Tigray,Dekemezmur Saving Account,188170.94,454,139210.39,0.9999943648174687
CIF01006293,Customer_6294,Oromia,Special Saving Account,239045.36,3620,139194.16,0.9999999417213729
CIF01004711,Customer_4712,Sidama,Tirufat Savings Account,207531.93,658,139114.14,0.9999973595585632
CIF01002269,Customer_2270,Addis Ababa,Dekemezmur Saving Account,159491.31,1061,138947.1,0.9999998406034832
CIF01002267,Customer_2268,Benishangul-Gumuz,Blatena Saving Account,109709.28,396,138942.2,0.9999975456989221
CIF01000851,Customer_852,Oromia,Ordinary Saving Account,206903.03,1822,138580.23,0.9999998362581651
CIF01008267,Customer_8268,Oromia,Equb Saving Account,185895.9,407,138566.17,0.9999987403406594
CIF01007304,Customer_7305,Afar,Ordinary Saving Account,119081.87,406,138542.27,0.9999991621200598
CIF01009181,Customer_9182,Sidama,Werazut Saving Account,173720.99,2940,138530.23,0.9999999593515706
CIF01008425,Customer_8426,Addis Ababa,Ordinary Saving Account,180054.75,2942,137927.34,0.9999999881078793
CIF01009273,Customer_9274,Oromia,Werazut Saving Account,221148.14,2091,137907.56,0.9999999931854247
CIF01005855,Customer_5856,Addis Ababa,Sitota Saving Deposit,243255.64,476,137895.08,0.9999996688465436
CIF01009704,Customer_9705,Oromia,Ordinary Saving Account,71918.89,416,137820.06,0.9999975782022361
CIF01008647,Customer_8648,Addis Ababa,Ordinary Saving Account,161859.54,625,137782.92,0.9999944942813617
CIF01005856,Customer_5857,Oromia,Blatena Saving Account,178268.14,2321,137559.05,0.9999998823212796
CIF01001583,Customer_1584,Addis Ababa,Hiruyan Saving Account,260579.47,565,137469.53,0.9999981664597976
CIF01007421,Customer_7422,Addis Ababa,Ordinary Saving Account,222282.66,1227,137397.97,0.9999997608865038
CIF01002958,Customer_2959,Oromia,Ordinary Saving Account,134437.55,935,137375.06,0.9999999489923567
CIF01007732,Customer_7733,Addis Ababa,Ordinary Saving Account,270786.25,416,137367.11,0.9999981284858632
CIF01004386,Customer_4387,SNNPR,Abew Saving Account,108740.19,1111,137258.03,0.9999996442878836
CIF01006415,Customer_6416,Addis Ababa,Couples Saving Deposit,166435.67,655,137252.0,0.9999946841198006
CIF01000620,Customer_621,Addis Ababa,Janderebaw Saving Account,120873.62,426,137195.42,0.9999992456569561
CIF01009144,Customer_9145,Gambela,Couples Saving Deposit,141008.15,833,137111.9,0.9999999431478382
CIF01009818,Customer_9819,Sidama,Dekemezmur Saving Account,210706.21,3368,137099.03,0.9999998187748189
CIF01002809,Customer_2810,Addis Ababa,Abew Saving Account,238757.85,1917,136997.39,0.9999998796799496
CIF01007242,Customer_7243,Amhara,Ordinary Saving Account,195663.66,388,136961.66,0.9999997838998914
CIF01007598,Customer_7599,Oromia,Dekemezmur Saving Account,232798.18,1125,136251.98,0.99999990899828
CIF01009311,Customer_9312,Tigray,Ordinary Saving Account,190662.11,565,136003.02,0.9999949641426613
CIF01002312,Customer_2313,Tigray,Werazut Saving Account,153226.71,407,135991.08,0.9999978655972135
CIF01007428,Customer_7429,Harari,Ordinary Saving Account,215561.91,2847,135871.67,0.9999999888114827
CIF01000904,Customer_905,Addis Ababa,Ordinary Saving Account,117056.49,445,135822.88,0.9999999335811813
CIF01005692,Customer_5693,Addis Ababa,Agape Saving Account,151503.63,690,135818.08,0.9999960796979368
CIF01008427,Customer_8428,Oromia,Blatena Saving Account,117843.57,1375,135312.52,0.9999999433931156
CIF01004467,Customer_4468,Addis Ababa,Couples Saving Deposit,112255.17,1026,135296.34,0.9999999234274807
CIF01004638,Customer_4639,Addis Ababa,Ordinary Saving Account,199779.5,3392,135267.42,0.9999999697896802
CIF01004354,Customer_4355,Afar,Janderebaw Saving Account,131105.74,432,135117.48,0.9999996366432914
CIF01001133,Customer_1134,Oromia,Ordinary Saving Account,164748.22,2346,134940.44,0.999999900525041
CIF01006579,Customer_6580,Addis Ababa,Special Saving Account,226412.34,2239,134937.25,0.9999999117927054
CIF01007977,Customer_7978,Amhara,Ordinary Saving Account,110672.0,1644,134413.69,0.9999998936284709
CIF01003724,Customer_3725,SNNPR,Blatena Saving Account,237193.32,4123,134260.83,0.9999999771520166
CIF01002810,Customer_2811,Addis Ababa,Ordinary Saving Account,242241.55,480,134039.14,0.9999954597188886
CIF01008165,Customer_8166,Addis Ababa,Equb Saving Account,231140.93,837,134009.11,0.9999999305426371
CIF01007999,Customer_8000,Tigray,Hiruyan Saving Account,73825.15,529,133956.16,0.9999922864109583
CIF01005043,Customer_5044,Benishangul-Gumuz,Special Saving Account,91329.83,380,133948.38,0.9999990470595773
CIF01008851,Customer_8852,Addis Ababa,Ordinary Saving Account,126405.56,1369,133932.02,0.9999999921122945
CIF01008443,Customer_8444,Addis Ababa,Ordinary Saving Account,240864.98,4170,133735.69,0.9999999871849118
CIF01008967,Customer_8968,Amhara,Ordinary Saving Account,100149.02,368,133592.4,0.9992982406881215
CIF01000653,Customer_654,Amhara,Ahati Saving Account,115018.47,1381,133572.53,0.9999998846531202
CIF01006967,Customer_6968,Oromia,Ordinary Saving Account,106688.58,1310,133565.75,0.9999999682766126
CIF01005376,Customer_5377,Dire Dawa,Ahadu Bereket Saving Account,211330.24,2135,133239.22,0.9999997812947471
CIF01009106,Customer_9107,Oromia,Blatena Saving Account,104326.69,1298,132783.14,0.9999999316114438
CIF01001818,Customer_1819,Amhara,Sitota Saving Deposit,180263.06,2870,132628.52,0.9999999588303509
CIF01005539,Customer_5540,Amhara,Special Saving Account,209109.01,990,132470.56,0.9999996702850856
CIF01006001,Customer_6002,Amhara,Special Saving Account,153300.03,1285,132234.8,0.9999998963331088
CIF01003829,Customer_3830,Amhara,Ahati Saving Account,210117.81,5387,132125.6,0.9999999570630559
CIF01008814,Customer_8815,Oromia,Prime Customer Deposit Account,193176.75,4319,132115.56,0.9999999910011018
CIF01003300,Customer_3301,Amhara,Ordinary Saving Account,96254.28,1109,132046.86,0.9999998539251138
CIF01008372,Customer_8373,Addis Ababa,Werazut Saving Account,182839.74,828,131870.47,0.9999999281049577
CIF01000813,Customer_814,Amhara,Werazut Saving Account,149396.82,1619,131806.22,0.9999999297877122
CIF01005456,Customer_5457,Amhara,Prime Customer Deposit Account,89522.11,588,131750.47,0.9999998662433879
CIF01001723,Customer_1724,Amhara,Ordinary Saving Account,215998.53,634,131346.34,0.9999960958247609
CIF01000775,Customer_776,Oromia,Werazut Saving Account,94770.53,949,131168.5,0.9999999911864309
CIF01007763,Customer_7764,Tigray,Ordinary Saving Account,164550.32,671,131051.26,0.9999988206512602
CIF01000379,Customer_380,Oromia,Dekemezmur Saving Account,185840.3,1562,130895.55,0.9999999895885424
CIF01008661,Customer_8662,Oromia,Ahati Saving Account,182826.34,556,130587.57,0.9999950060063179
CIF01008634,Customer_8635,SNNPR,Tirufat Savings Account,201040.94,499,130586.42,0.9999991946381803
CIF01009639,Customer_9640,Amhara,Tirufat Savings Account,123058.76,2216,130516.68,0.9999998310616814
CIF01001991,Customer_1992,Harari,Ordinary Saving Account,118604.31,1317,130416.26,0.9999999408158382
CIF01008299,Customer_8300,Oromia,Werazut Saving Account,239464.96,1773,130249.23,0.999999959883741
CIF01001890,Customer_1891,Dire Dawa,Special Saving Account,119063.65,2518,130230.45,0.999999855379726
CIF01000338,Customer_339,Addis Ababa,Janderebaw Saving Account,120916.04,2221,130179.305,0.9999998630097177
CIF01003461,Customer_3462,Amhara,Asrat Bekurat Saving Account,165661.42,4578,130115.19,0.9999999602983101
CIF01009080,Customer_9081,Addis Ababa,Ordinary Saving Account,216438.98,1142,129805.17,0.999999878100243
CIF01008869,Customer_8870,Addis Ababa,Blatena Saving Account,201867.69,1106,129461.79,0.9999998771330356
CIF01003906,Customer_3907,Harari,Dekemezmur Saving Account,157191.45,2639,129429.38,0.9999999644339183
CIF01007263,Customer_7264,Addis Ababa,Ordinary Saving Account,137959.92,1428,129283.445,0.9999999828641012
CIF01005070,Customer_5071,Addis Ababa,Blatena Saving Account,67987.75,512,129091.695,0.9999927408893367
CIF01005702,Customer_5703,Dire Dawa,Ordinary Saving Account,154436.11,2779,128907.94,0.9999999531939081
CIF01001613,Customer_1614,Sidama,Special Saving Account,188790.59,4257,128574.984,0.9999993928892159
CIF01003211,Customer_3212,Oromia,Blatena Saving Account,204824.63,535,128344.1,0.9999995292402515
CIF01004710,Customer_4711,Benishangul-Gumuz,Special Saving Account,187832.71,3726,128268.32,0.9999999925767267
CIF01003236,Customer_3237,Amhara,Equb Saving Account,93270.56,1368,128109.07,0.999999974401862
CIF01006735,Customer_6736,SNNPR,Ordinary Saving Account,184813.32,614,128079.38,0.9999967665747508
CIF01000492,Customer_493,Somali,Ordinary Saving Account,90832.44,404,128021.15,0.9999986252745463
CIF01008815,Customer_8816,Benishangul-Gumuz,Ahati Saving Account,121461.19,2314,127941.695,0.9999999532331665
CIF01004329,Customer_4330,Sidama,Prime Customer Deposit Account,105776.47,603,127901.55,0.9999995100756383
CIF01004279,Customer_4280,SNNPR,Ordinary Saving Account,130704.03,685,127808.96,0.9999983533393978
CIF01001932,Customer_1933,Oromia,Dekemezmur Saving Account,230506.46,474,127623.64,0.9999912125138511
CIF01000878,Customer_879,Dire Dawa,Ordinary Saving Account,114071.54,1295,127562.76,0.9999999068471408
CIF01005230,Customer_5231,Tigray,Ordinary Saving Account,111693.23,840,127509.68,0.9999999607835544
CIF01004700,Customer_4701,Addis Ababa,Agape Saving Account,173396.96,3832,127467.3,0.9999999462985487
CIF01007819,Customer_7820,Tigray,Couples Saving Deposit,191557.62,5054,127461.75,0.9999999399611634
CIF01000398,Customer_399,Oromia,Special Saving Account,150420.88,1353,127458.586,0.9999998906039467
CIF01004357,Customer_4358,Oromia,Special Saving Account,188859.23,2057,127347.85,0.9999999657537942
CIF01007157,Customer_7158,Addis Ababa,Janderebaw Saving Account,247152.53,3969,127113.766,0.9999999904640752
CIF01006791,Customer_6792,SNNPR,Tirufat Savings Account,70884.79,1096,127087.27,0.9999998838475084
CIF01001087,Customer_1088,Amhara,Ordinary Saving Account,169963.94,444,127000.53,0.9999992204793638
CIF01000803,Customer_804,Oromia,Ordinary Saving Account,155502.88,1938,126811.19,0.9999999186494914
CIF01007457,Customer_7458,SNNPR,Special Saving Account,77552.97,522,126682.91,0.999999800236293
CIF01004465,Customer_4466,SNNPR,Ahati Saving Account,165430.1,2273,126674.29,0.999999952807983
CIF01001478,Customer_1479,Addis Ababa,Couples Saving Deposit,77503.55,1297,126558.836,0.9999998129837263
CIF01003917,Customer_3918,Amhara,Equb Saving Account,138518.38,3082,126461.33,0.9999998967057837
CIF01009545,Customer_9546,Addis Ababa,Ordinary Saving Account,206084.79,690,126372.9,0.9999976153827447
CIF01008112,Customer_8113,Addis Ababa,Blatena Saving Account,90646.39,735,126118.36,0.9999988467160605
CIF01003964,Customer_3965,Amhara,Special Saving Account,168597.49,2917,126019.805,0.9999999281579532
CIF01004885,Customer_4886,Addis Ababa,Blatena Saving Account,137933.87,404,125977.29,0.9999977580428303
CIF01003892,Customer_3893,SNNPR,Ordinary Saving Account,65788.45,672,125919.97,0.999994661353066
CIF01008107,Customer_8108,Gambela,Ordinary Saving Account,82527.55,1023,125794.93,0.9999999226508502
CIF01000781,Customer_782,Amhara,Ordinary Saving Account,125839.64,1034,125584.875,0.9999999895400428
CIF01008724,Customer_8725,Amhara,Special Saving Account,137151.6,2106,125473.875,0.9999999761033659
CIF01001561,Customer_1562,Oromia,Ordinary Saving Account,104515.44,469,125441.56,0.9999981397441471
CIF01002128,Customer_2129,Tigray,Sitota Saving Deposit,135188.09,2313,125300.66,0.9999999380391845
CIF01000650,Customer_651,Oromia,Agape Saving Account,203945.43,1954,125225.91,0.9999998686228947
CIF01006038,Customer_6039,Oromia,Equb Saving Account,217072.27,929,125006.87,0.9999998430633181
CIF01000782,Customer_783,Addis Ababa,Dekemezmur Saving Account,147109.31,3153,124586.33,0.9999999520223203
CIF01007199,Customer_7200,Tigray,Werazut Saving Account,87880.66,1382,124556.85,0.999999814835376
CIF01009549,Customer_9550,Addis Ababa,Tirufat Savings Account,201778.12,4313,124453.03,0.9999999532178072
CIF01000923,Customer_924,Oromia,Abew Saving Account,96788.61,966,124312.516,0.999999935475574
CIF01006117,Customer_6118,Oromia,Prime Customer Deposit Account,183593.16,2098,124143.19,0.9999998969422292
CIF01004609,Customer_4610,Sidama,Ordinary Saving Account,130317.7,1478,124003.32,0.9999999740356762
CIF01008875,Customer_8876,Oromia,Ordinary Saving Account,181828.56,730,123992.9,0.9999983207229821
CIF01005262,Customer_5263,Amhara,Blatena Saving Account,133117.78,2160,123858.63,0.9999999068324106
CIF01007498,Customer_7499,Tigray,Special Saving Account,207120.95,3621,123691.375,0.9999999702845066
CIF01009310,Customer_9311,Dire Dawa,Ahadu Bereket Saving Account,197785.7,2523,123228.125,0.9999999317854829
CIF01006009,Customer_6010,Amhara,Special Saving Account,177400.16,3433,123196.164,0.9999999414728978
CIF01006358,Customer_6359,Addis Ababa,Ahati Saving Account,176362.15,2902,123181.45,0.999999825159469
CIF01007077,Customer_7078,Addis Ababa,Washera Saving Account,272609.24,4473,123134.43,0.999999977974416
CIF01004549,Customer_4550,Amhara,Dekemezmur Saving Account,124946.19,2850,123104.234,0.9999998993619338
CIF01001529,Customer_1530,Addis Ababa,Tirufat Savings Account,142351.84,2861,123042.59,0.9999998534524274
CIF01005018,Customer_5019,Amhara,Janderebaw Saving Account,189923.63,504,123008.46,0.9999991942695444
CIF01006485,Customer_6486,Addis Ababa,Janderebaw Saving Account,176481.36,3397,122999.39,0.999999958399644
CIF01009431,Customer_9432,Gambela,Hiruyan Saving Account,79840.79,893,122905.42,0.9999999475055309
CIF01005493,Customer_5494,Oromia,Ordinary Saving Account,201445.46,3306,122859.5,0.999999986867921
CIF01003398,Customer_3399,Amhara,Special Saving Account,184583.3,4367,122783.336,0.9999999777328819
CIF01009491,Customer_9492,Tigray,Equb Saving Account,58649.22,380,122677.44,0.9999991432538565
CIF01008496,Customer_8497,Oromia,Sitota Saving Deposit,195577.67,3720,122595.53,0.9999999373063057
CIF01007237,Customer_7238,Oromia,Hiruyan Saving Account,194643.47,2168,122461.76,0.9999999886565075
CIF01007239,Customer_7240,Addis Ababa,Werazut Saving Account,156284.24,884,122182.586,0.9999999422483468
CIF01003765,Customer_3766,Oromia,Ordinary Saving Account,71296.32,731,122181.11,0.9999992083757184
CIF01007817,Customer_7818,Addis Ababa,Ordinary Saving Account,168463.35,904,122106.04,0.9999999269986923
CIF01007765,Customer_7766,Addis Ababa,Blatena Saving Account,155713.91,723,122095.94,0.9999940699134748
CIF01005240,Customer_5241,Amhara,Blatena Saving Account,180059.42,369,121998.016,0.9999905110491603
CIF01004345,Customer_4346,Oromia,Dekemezmur Saving Account,137549.75,2453,121966.76,0.9999999546934444
CIF01007777,Customer_7778,Addis Ababa,Ordinary Saving Account,189420.24,5211,121760.0,0.9999999765946513
CIF01000328,Customer_329,Sidama,Special Saving Account,56865.22,463,121555.95,0.9999974899884291
CIF01002778,Customer_2779,Tigray,Werazut Saving Account,134278.22,501,121287.06,0.9999983011511739
CIF01001781,Customer_1782,Addis Ababa,Ordinary Saving Account,64107.24,1092,121102.695,0.999999968971104
CIF01003235,Customer_3236,Amhara,Blatena Saving Account,49389.74,921,120912.77,0.9999998244062771
CIF01002871,Customer_2872,Benishangul-Gumuz,Ahati Saving Account,128451.05,2058,120863.914,0.9999999905176743
CIF01005265,Customer_5266,Tigray,Ordinary Saving Account,166338.44,3928,120742.8,0.9999999470353825
CIF01003215,Customer_3216,Tigray,Ahadu Bereket Saving Account,97068.31,3465,120687.89,0.9999999431263805
CIF01007061,Customer_7062,SNNPR,Special Saving Account,91117.87,936,120672.78,0.9999998830355169
CIF01007672,Customer_7673,Addis Ababa,Blatena Saving Account,176162.81,2737,120571.555,0.9999999212672939
CIF01004953,Customer_4954,Addis Ababa,Ordinary Saving Account,118816.29,2979,120229.14,0.9999999485467999
CIF01000711,Customer_712,Oromia,Ordinary Saving Account,106573.1,1837,120207.86,0.9999999679459134
CIF01004294,Customer_4295,Oromia,Ordinary Saving Account,135483.44,3416,120052.17,0.9999999665802282
CIF01006886,Customer_6887,SNNPR,Ordinary Saving Account,79931.09,1250,120047.62,0.9999998924537765
CIF01007101,Customer_7102,Amhara,Agape Saving Account,151529.62,3121,119988.38,0.9999999939331667
CIF01001101,Customer_1102,Oromia,Ordinary Saving Account,120476.54,2261,119976.14,0.9999998989396819
CIF01001499,Customer_1500,Amhara,Blatena Saving Account,65409.05,400,119929.9,0.9999993073972341
CIF01002255,Customer_2256,Oromia,Ordinary Saving Account,150418.33,2423,119895.336,0.9999999481949304
CIF01006891,Customer_6892,Tigray,Abew Saving Account,124269.46,3507,119873.27,0.9999999284552163
CIF01006905,Customer_6906,Sidama,Ordinary Saving Account,72415.64,681,119829.28,0.9999995271962994
CIF01005423,Customer_5424,Oromia,Abew Saving Account,162588.89,3284,119591.59,0.9999999454564911
CIF01001980,Customer_1981,Addis Ababa,Blatena Saving Account,180424.1,2219,119556.25,0.9999999831906089
CIF01009872,Customer_9873,Tigray,Special Saving Account,203279.59,1082,119460.98,0.9999996842844652
CIF01001949,Customer_1950,Addis Ababa,Hiruyan Saving Account,81101.83,1048,119441.29,0.999999978444051
CIF01000976,Customer_977,Harari,Special Saving Account,118717.55,439,119378.64,0.99999993287019
CIF01001844,Customer_1845,Addis Ababa,Sitota Saving Deposit,58521.51,1232,119324.695,0.999999933320814
CIF01009574,Customer_9575,Amhara,Ordinary Saving Account,147899.08,428,119168.75,0.9999992470066771
CIF01006740,Customer_6741,Addis Ababa,Dekemezmur Saving Account,140586.61,458,118989.08,0.9999943105993867
CIF01002622,Customer_2623,Addis Ababa,Prime Customer Deposit Account,162864.51,4254,118820.36,0.9999999688388231
CIF01002727,Customer_2728,Sidama,Werazut Saving Account,82115.36,833,118778.586,0.999999911937413
CIF01007360,Customer_7361,Gambela,Hiruyan Saving Account,62384.98,1348,118709.72,0.9999998282055484
CIF01001186,Customer_1187,Oromia,Ordinary Saving Account,91176.58,1971,118659.625,0.999999955935187
CIF01007769,Customer_7770,Oromia,Abew Saving Account,38265.13,545,118580.49,0.9999997021156389
CIF01002096,Customer_2097,Addis Ababa,Abew Saving Account,68507.96,1225,118546.47,0.9999999330959677
CIF01006281,Customer_6282,Amhara,Werazut Saving Account,121335.88,2807,118486.125,0.999999978193326
CIF01005541,Customer_5542,Addis Ababa,Blatena Saving Account,125895.44,3466,118465.57,0.9999999333200187
CIF01006192,Customer_6193,Addis Ababa,Ordinary Saving Account,142581.19,1963,118419.51,0.9999999442733782
CIF01005961,Customer_5962,Tigray,Ordinary Saving Account,202183.74,1726,118414.54,0.9999999020528982
CIF01001514,Customer_1515,Oromia,Prime Customer Deposit Account,124318.62,3043,118235.336,0.9999999597585526
CIF01005805,Customer_5806,Amhara,Special Saving Account,53430.03,1186,118208.69,0.9999998870966097
CIF01005114,Customer_5115,Amhara,Tirufat Savings Account,114956.29,2309,118150.695,0.9999999612561488
CIF01008234,Customer_8235,Amhara,Special Saving Account,37309.72,473,118114.3,0.9999990066823244
CIF01009378,Customer_9379,Harari,Asrat Bekurat Saving Account,72856.9,519,118096.14,0.9999996270854937
CIF01000546,Customer_547,Somali,Abew Saving Account,159698.21,4559,118050.586,0.9999998900202612
CIF01004893,Customer_4894,Addis Ababa,Ahati Saving Account,136027.58,1122,117986.5,0.9999998582689894
CIF01009952,Customer_9953,Oromia,Dekemezmur Saving Account,147065.95,683,117918.51,0.9999992929987971
CIF01004269,Customer_4270,Tigray,Ahadu Bereket Saving Account,123271.75,717,117534.32,0.9999964623497389
CIF01003152,Customer_3153,Amhara,Special Saving Account,157679.35,2758,117420.96,0.9999999169491744
CIF01008640,Customer_8641,Addis Ababa,Ordinary Saving Account,73769.3,933,117406.05,0.9999999492193944
CIF01009038,Customer_9039,Addis Ababa,Abew Saving Account,94427.37,1730,117205.01,0.9999999123273234
CIF01001205,Customer_1206,Tigray,Agape Saving Account,93867.39,1342,117130.14,0.9999997957548263
CIF01009246,Customer_9247,SNNPR,Ahati Saving Account,69385.32,1007,116994.83,0.9999999654436108
CIF01000174,Customer_175,Dire Dawa,Blatena Saving Account,125900.41,758,116993.81,0.9999961440732038
CIF01002502,Customer_2503,SNNPR,Ordinary Saving Account,143120.44,2277,116956.516,0.9999999862120337
CIF01005267,Customer_5268,Addis Ababa,Werazut Saving Account,179886.19,635,116948.41,0.9999980772955355
CIF01006676,Customer_6677,Benishangul-Gumuz,Special Saving Account,103412.13,1325,116757.18,0.9999999914627876
CIF01005811,Customer_5812,Addis Ababa,Special Saving Account,145684.13,2057,116529.45,0.9999998658718183
CIF01001717,Customer_1718,Oromia,Equb Saving Account,203664.25,445,116476.68,0.9999856081115177
CIF01001341,Customer_1342,Addis Ababa,Dekemezmur Saving Account,185898.06,3913,116272.71,0.999999986377873
CIF01001544,Customer_1545,Benishangul-Gumuz,Special Saving Account,115303.48,3585,116231.61,0.9999999920300912
CIF01000433,Customer_434,SNNPR,Ahati Saving Account,114308.4,493,116093.76,0.9999967909641767
CIF01005330,Customer_5331,Amhara,Ordinary Saving Account,176777.48,3926,115920.49,0.9999999794580663
CIF01005150,Customer_5151,SNNPR,Equb Saving Account,124151.82,3300,115831.125,0.9999999401418158
CIF01005109,Customer_5110,Addis Ababa,Ahadu Bereket Saving Account,72546.57,886,115757.914,0.9999999568860493
CIF01001579,Customer_1580,Amhara,Janderebaw Saving Account,109636.31,757,115734.42,0.9999998541061885
CIF01008288,Customer_8289,Addis Ababa,Couples Saving Deposit,57810.7,917,115713.96,0.9999999554997656
CIF01001206,Customer_1207,Addis Ababa,Couples Saving Deposit,112673.73,2596,115655.336,0.9999999280580937
CIF01005564,Customer_5565,Sidama,Agape Saving Account,150074.29,822,115647.75,0.9999998097914418
CIF01009305,Customer_9306,Tigray,Ordinary Saving Account,152890.94,4927,115580.47,0.9999999314144377
CIF01008160,Customer_8161,Oromia,Hiruyan Saving Account,97837.98,2212,115542.11,0.9999999676183643
CIF01003601,Customer_3602,Amhara,Couples Saving Deposit,73882.04,999,115452.54,0.9999999803795637
CIF01004284,Customer_4285,Oromia,Ordinary Saving Account,148250.35,1998,115274.734,0.9999999204593449
CIF01002685,Customer_2686,Amhara,Ordinary Saving Account,156868.03,1622,115187.51,0.9999998917357988
CIF01006633,Customer_6634,Oromia,Special Saving Account,160175.02,2548,114830.914,0.9999999598534882
CIF01001068,Customer_1069,Addis Ababa,Tirufat Savings Account,112557.8,3439,114812.12,0.9999999270764599
CIF01003488,Customer_3489,Tigray,Tirufat Savings Account,54296.57,779,114789.37,0.9999998852432322
CIF01000604,Customer_605,Tigray,Sitota Saving Deposit,122204.4,2162,114778.836,0.9999999546735138
CIF01009180,Customer_9181,Amhara,Blatena Saving Account,150717.51,3758,114647.68,0.9999999863464966
CIF01006093,Customer_6094,SNNPR,Hiruyan Saving Account,168861.27,947,114562.055,0.9999998901664205
CIF01007465,Customer_7466,Addis Ababa,Blatena Saving Account,101383.69,1366,114505.41,0.9999999391998967
CIF01006059,Customer_6060,Gambela,Ordinary Saving Account,129585.16,3762,114504.82,0.9999999628049177
CIF01008356,Customer_8357,Tigray,Ordinary Saving Account,126372.12,3569,114383.21,0.9999999533149111
CIF01003061,Customer_3062,SNNPR,Couples Saving Deposit,137651.85,4462,114380.89,0.9999999186252391
CIF01000751,Customer_752,SNNPR,Ordinary Saving Account,143491.39,611,114296.266,0.9999961205381248
CIF01001737,Customer_1738,Gambela,Ordinary Saving Account,171516.96,2773,114094.47,0.9999999082563624
CIF01000938,Customer_939,Addis Ababa,Prime Customer Deposit Account,59462.22,1952,113872.945,0.9999999769098905
CIF01009466,Customer_9467,Amhara,Ordinary Saving Account,43844.43,550,113841.625,0.9999999308951374
CIF01007353,Customer_7354,SNNPR,Sitota Saving Deposit,141789.07,1755,113801.61,0.9999997310407085
CIF01003715,Customer_3716,Oromia,Ordinary Saving Account,31689.12,419,113697.234,0.9999992498417943
CIF01001103,Customer_1104,Tigray,Prime Customer Deposit Account,74442.48,1374,113525.88,0.999999664960508
CIF01008123,Customer_8124,Gambela,Werazut Saving Account,133376.1,3949,113467.805,0.9999999255087622
CIF01001878,Customer_1879,Amhara,Special Saving Account,136564.62,2699,113292.37,0.9999999770017504
CIF01007342,Customer_7343,Harari,Janderebaw Saving Account,88714.23,2083,113289.09,0.9999998989912728
CIF01003226,Customer_3227,Oromia,Ordinary Saving Account,115044.4,1295,113215.17,0.9999999404114155
CIF01004764,Customer_4765,SNNPR,Blatena Saving Account,168537.78,1854,113078.234,0.9999998837218473
CIF01001158,Customer_1159,Addis Ababa,Janderebaw Saving Account,175972.04,1050,113011.836,0.9999999758484327
CIF01009364,Customer_9365,Oromia,Special Saving Account,168943.04,4988,112963.84,0.999999969510891
CIF01007366,Customer_7367,SNNPR,Werazut Saving Account,111733.0,1368,112950.17,0.9999999855246591
CIF01006204,Customer_6205,Oromia,Abew Saving Account,197871.87,460,112943.67,0.9999981339911247
CIF01001711,Customer_1712,Addis Ababa,Abew Saving Account,131626.46,1588,112926.65,0.9999999816714426
CIF01003938,Customer_3939,SNNPR,Tirufat Savings Account,85672.23,1383,112908.63,0.9999998363980592
CIF01009351,Customer_9352,Addis Ababa,Hiruyan Saving Account,165041.62,590,112841.96,0.999995776470595
CIF01008550,Customer_8551,SNNPR,Janderebaw Saving Account,132576.23,1090,112819.66,0.9999998350395226
CIF01006306,Customer_6307,Amhara,Ordinary Saving Account,67167.33,891,112783.88,0.9999999142571239
CIF01003010,Customer_3011,Amhara,Abew Saving Account,148673.83,4762,112765.66,0.9999999311652835
CIF01004776,Customer_4777,Tigray,Hiruyan Saving Account,105855.63,639,112700.734,0.9999980369966086
CIF01000654,Customer_655,Harari,Sitota Saving Deposit,143383.72,2891,112590.39,0.99999995271432
CIF01004627,Customer_4628,Addis Ababa,Abew Saving Account,77234.97,668,112556.53,0.9999997117962947
CIF01009342,Customer_9343,Addis Ababa,Hiruyan Saving Account,116137.1,3116,112519.99,0.9999997650873761
CIF01008422,Customer_8423,SNNPR,Ordinary Saving Account,136851.29,2083,112329.01,0.9999999696919275
CIF01002079,Customer_2080,Addis Ababa,Special Saving Account,78441.54,383,112245.76,0.9999998409785646
CIF01008085,Customer_8086,SNNPR,Special Saving Account,59371.42,1670,112206.66,0.9999998118692334
CIF01001307,Customer_1308,Tigray,Washera Saving Account,120630.93,3117,112116.66,0.9999999069452783
CIF01008837,Customer_8838,Benishangul-Gumuz,Blatena Saving Account,154735.27,1074,111902.79,0.9999998364054948
CIF01000013,Customer_14,Oromia,Blatena Saving Account,36960.1,677,111889.336,0.9999993722645569
CIF01001881,Customer_1882,Amhara,Ordinary Saving Account,154605.91,1015,111864.82,0.9999997385438608
CIF01004600,Customer_4601,SNNPR,Ordinary Saving Account,48849.89,853,111778.0,0.9999999272028772
CIF01005224,Customer_5225,Addis Ababa,Couples Saving Deposit,92865.47,1255,111735.47,0.9999999864164415
CIF01005618,Customer_5619,Addis Ababa,Blatena Saving Account,69178.07,1190,111691.96,0.9999999659511805
CIF01004662,Customer_4663,SNNPR,Special Saving Account,61908.72,903,111671.445,0.9999998639496338
CIF01006144,Customer_6145,Addis Ababa,Ordinary Saving Account,128222.09,1044,111657.33,0.9999999567290595
CIF01003447,Customer_3448,Harari,Ordinary Saving Account,196155.62,445,111607.62,0.9999985401259286
CIF01000675,Customer_676,Addis Ababa,Werazut Saving Account,174346.83,505,111519.24,0.9999995675057366
CIF01008247,Customer_8248,Harari,Tirufat Savings Account,171046.79,1618,111494.38,0.9999999159594748
CIF01000245,Customer_246,Amhara,Werazut Saving Account,41229.26,747,111267.336,0.9999985608311848
CIF01008827,Customer_8828,Addis Ababa,Blatena Saving Account,126589.54,2929,111164.805,0.9999999255036953
CIF01007762,Customer_7763,Oromia,Ahadu Bereket Saving Account,82552.0,1021,111135.9,0.9999999242622661
CIF01005619,Customer_5620,Amhara,Special Saving Account,73315.53,896,111118.8,0.9999998987661973
CIF01008919,Customer_8920,Oromia,Ahati Saving Account,145260.9,3642,111030.91,0.9999999529073
CIF01007000,Customer_7001,Addis Ababa,Agape Saving Account,173932.44,4049,110904.18,0.999999994854996
CIF01009508,Customer_9509,SNNPR,Werazut Saving Account,84740.85,1110,110896.19,0.9999999789821807
CIF01001106,Customer_1107,Addis Ababa,Ordinary Saving Account,98264.08,458,110690.336,0.9999996111225768
CIF01006847,Customer_6848,Amhara,Janderebaw Saving Account,145308.57,1153,110575.98,0.9999999843116341
CIF01007071,Customer_7072,Addis Ababa,Abew Saving Account,120916.94,825,110547.74,0.9999997931850902
CIF01008486,Customer_8487,Amhara,Ordinary Saving Account,44080.59,425,110492.945,0.9999988626309813
CIF01002030,Customer_2031,Addis Ababa,Dekemezmur Saving Account,93584.84,2836,110439.516,0.9999999859122419
CIF01005115,Customer_5116,Oromia,Ordinary Saving Account,150586.66,1678,110347.07,0.9999999879634506
CIF01006326,Customer_6327,Addis Ababa,Washera Saving Account,110948.77,722,110329.87,0.9999970655179952
CIF01001119,Customer_1120,Amhara,Dekemezmur Saving Account,64513.0,2067,110229.75,0.9999999754225143
CIF01001532,Customer_1533,Addis Ababa,Ordinary Saving Account,115560.82,793,110228.76,0.9999998912472586
CIF01005108,Customer_5109,Dire Dawa,Hiruyan Saving Account,153832.6,2083,110215.945,0.9999999408142712
CIF01005724,Customer_5725,Addis Ababa,Werazut Saving Account,73684.32,722,110197.41,0.9999998959626676
CIF01007652,Customer_7653,Sidama,Prime Customer Deposit Account,80020.87,475,110167.47,0.9999998581532449
CIF01006943,Customer_6944,Addis Ababa,Ordinary Saving Account,149328.93,1527,109907.414,0.999999867683516
CIF01005037,Customer_5038,Benishangul-Gumuz,Blatena Saving Account,151403.21,1640,109863.72,0.9999999235356606
CIF01009799,Customer_9800,Addis Ababa,Ordinary Saving Account,173377.26,815,109836.48,0.9999997583853679
CIF01005665,Customer_5666,Oromia,Hiruyan Saving Account,145816.78,5033,109823.41,0.9999998164499354
CIF01009479,Customer_9480,Addis Ababa,Blatena Saving Account,114759.34,3589,109798.945,0.9999999889332717
CIF01008146,Customer_8147,Addis Ababa,Werazut Saving Account,38508.42,601,109766.9,0.9999992766630815
CIF01003273,Customer_3274,Oromia,Tirufat Savings Account,98187.07,2785,109760.43,0.9999998310617756
CIF01009777,Customer_9778,SNNPR,Janderebaw Saving Account,140005.94,901,109718.72,0.9999997980092471
CIF01007400,Customer_7401,Addis Ababa,Ordinary Saving Account,40341.19,1433,109679.59,0.999999798225157
CIF01004223,Customer_4224,Oromia,Ordinary Saving Account,75287.34,2896,109453.28,0.9999999498929187
CIF01004749,Customer_4750,Oromia,Werazut Saving Account,47567.17,584,109316.055,0.999999824055268
CIF01004050,Customer_4051,SNNPR,Janderebaw Saving Account,154445.04,682,109301.01,0.999992281430568
CIF01000262,Customer_263,Addis Ababa,Dekemezmur Saving Account,136771.06,1412,109238.29,0.9999999871408302
CIF01007966,Customer_7967,Addis Ababa,Ordinary Saving Account,160847.3,2300,109234.85,0.9999997241318493
CIF01007415,Customer_7416,Sidama,Special Saving Account,182354.06,540,109200.42,0.9999923893889808
CIF01002229,Customer_2230,Addis Ababa,Ordinary Saving Account,118742.97,1163,109170.09,0.9999998107591958
CIF01007280,Customer_7281,Addis Ababa,Ahati Saving Account,141200.58,3049,109152.734,0.9999999883916567
CIF01002749,Customer_2750,Oromia,Ordinary Saving Account,54852.85,743,109136.02,0.9999992848362357
CIF01007630,Customer_7631,Oromia,Hiruyan Saving Account,100181.2,2272,108849.45,0.999999938763356
CIF01009886,Customer_9887,SNNPR,Dekemezmur Saving Account,136143.83,4191,108724.23,0.999999938086196
CIF01000616,Customer_617,SNNPR,Werazut Saving Account,44760.09,1111,108699.94,0.9999999562835297
CIF01002931,Customer_2932,Addis Ababa,Ordinary Saving Account,111830.29,423,108672.59,0.9999999214062627
CIF01000963,Customer_964,Sidama,Ordinary Saving Account,118135.09,2574,108502.48,0.9999999726216661
CIF01006067,Customer_6068,Tigray,Washera Saving Account,73835.63,844,108498.836,0.9999998412090659
CIF01009040,Customer_9041,Addis Ababa,Special Saving Account,169512.92,2201,108407.555,0.9999998050116392
CIF01002567,Customer_2568,Addis Ababa,Ordinary Saving Account,95430.31,586,108390.05,0.9999980959758938
CIF01008216,Customer_8217,Addis Ababa,Hiruyan Saving Account,60130.14,1034,108259.234,0.9999998553277275
CIF01002982,Customer_2983,Addis Ababa,Special Saving Account,171731.3,1309,108258.84,0.9999997527618009
CIF01003787,Customer_3788,SNNPR,Ahadu Bereket Saving Account,65106.09,775,108253.086,0.9999999859730397
CIF01009907,Customer_9908,Oromia,Asrat Bekurat Saving Account,128571.17,5330,108135.72,0.9999999512239984
CIF01003213,Customer_3214,Amhara,Equb Saving Account,38704.89,728,108090.83,0.9999999033298479
CIF01009024,Customer_9025,Addis Ababa,Ahati Saving Account,70424.4,1399,108069.92,0.9999999659511891
CIF01001617,Customer_1618,SNNPR,Tirufat Savings Account,44913.99,841,108046.98,0.999999980130154
CIF01002861,Customer_2862,Amhara,Tirufat Savings Account,71922.34,1170,108031.914,0.9999999210364221
CIF01009642,Customer_9643,Afar,Special Saving Account,57027.14,1190,107994.195,0.9999999597633195
CIF01008538,Customer_8539,Addis Ababa,Blatena Saving Account,111793.33,3397,107987.766,0.9999999856912625
CIF01006457,Customer_6458,SNNPR,Special Saving Account,69353.57,2190,107895.74,0.9999998711537541
CIF01009547,Customer_9548,Tigray,Tirufat Savings Account,101469.8,731,107894.52,0.9999950168539204
CIF01007881,Customer_7882,Addis Ababa,Abew Saving Account,164277.31,2793,107779.01,0.9999999636229444
CIF01001569,Customer_1570,Oromia,Ordinary Saving Account,177166.59,674,107711.516,0.9999993888526426
CIF01003544,Customer_3545,Addis Ababa,Washera Saving Account,156315.19,1731,107648.17,0.9999999448771474
CIF01008249,Customer_8250,Addis Ababa,Ordinary Saving Account,126478.61,2988,107634.85,0.9999999427954168
CIF01002246,Customer_2247,Amhara,Ordinary Saving Account,153164.98,1844,107612.89,0.9999999816357442
CIF01004788,Customer_4789,Oromia,Ordinary Saving Account,101262.8,925,107535.15,0.9999999837005205
CIF01000800,Customer_801,Afar,Ahati Saving Account,111873.24,2642,107452.695,0.9999999069394259
CIF01003259,Customer_3260,Somali,Ahati Saving Account,93411.27,1963,107397.25,0.999999775454947
CIF01008976,Customer_8977,SNNPR,Ahati Saving Account,149455.2,2276,107350.97,0.9999999902167177
CIF01005306,Customer_5307,Amhara,Dekemezmur Saving Account,124172.78,873,107242.52,0.9999999295092218
CIF01009170,Customer_9171,Addis Ababa,Ordinary Saving Account,46050.65,1049,107139.35,0.9999999880348341
CIF01009945,Customer_9946,SNNPR,Werazut Saving Account,46864.89,752,107129.99,0.9999989505220203
CIF01007590,Customer_7591,SNNPR,Ordinary Saving Account,130496.1,3458,107124.86,0.9999999043847667
CIF01007257,Customer_7258,Sidama,Ordinary Saving Account,113064.07,919,107012.0,0.9999998909762987
CIF01009564,Customer_9565,SNNPR,Equb Saving Account,91756.12,661,106968.4,0.999997011208652
CIF01005221,Customer_5222,Addis Ababa,Dekemezmur Saving Account,124717.5,915,106918.88,0.9999999887086041
CIF01009435,Customer_9436,Harari,Abew Saving Account,134432.99,1868,106877.25,0.9999998681003336
CIF01006753,Customer_6754,SNNPR,Agape Saving Account,153802.97,408,106855.1,0.9999965936387518
CIF01003154,Customer_3155,Harari,Prime Customer Deposit Account,102008.2,835,106852.74,0.9999999057716973
CIF01000395,Customer_396,Somali,Ordinary Saving Account,25591.15,478,106841.68,0.999998831855842
CIF01005237,Customer_5238,Addis Ababa,Werazut Saving Account,43730.8,1046,106832.83,0.9999999757672441
CIF01000236,Customer_237,Amhara,Hiruyan Saving Account,88916.92,1655,106703.61,0.9999998933006476
CIF01003358,Customer_3359,Addis Ababa,Tirufat Savings Account,117988.69,817,106563.67,0.9999999161013672
CIF01004545,Customer_4546,Dire Dawa,Abew Saving Account,101025.5,2815,106560.47,0.9999999675414607
CIF01007429,Customer_7430,Tigray,Ordinary Saving Account,131074.63,847,106551.516,0.9999999613608511
CIF01000913,Customer_914,Amhara,Ordinary Saving Account,42208.14,1157,106517.3,0.9999999817049151
CIF01003879,Customer_3880,Addis Ababa,Ordinary Saving Account,57843.16,606,106504.19,0.9999985634050857
CIF01003659,Customer_3660,Dire Dawa,Dekemezmur Saving Account,128313.28,1055,106405.65,0.9999999459797655
CIF01006106,Customer_6107,Addis Ababa,Ordinary Saving Account,169960.8,583,106359.81,0.9999957075120873
CIF01001796,Customer_1797,Tigray,Special Saving Account,84999.54,2236,106353.03,0.9999999513724599
CIF01003884,Customer_3885,Oromia,Ordinary Saving Account,80944.93,1685,106327.945,0.9999999842855674
CIF01009254,Customer_9255,Gambela,Hiruyan Saving Account,90694.77,2001,106177.85,0.9999999439687899
CIF01002824,Customer_2825,Oromia,Ahati Saving Account,79743.09,3504,106162.2,0.9999999052434644
CIF01003727,Customer_3728,Oromia,Couples Saving Deposit,72553.03,1193,106122.73,0.9999999621032979
CIF01002226,Customer_2227,Addis Ababa,Ordinary Saving Account,150295.53,3331,106100.83,0.9999999783457239
CIF01008253,Customer_8254,Amhara,Special Saving Account,118332.66,1944,105950.25,0.9999999875157123
CIF01009923,Customer_9924,Amhara,Asrat Bekurat Saving Account,41661.24,1374,105924.516,0.9999999795563383
CIF01007922,Customer_7923,Addis Ababa,Equb Saving Account,33196.32,528,105900.44,0.9999995855669076
CIF01000387,Customer_388,Dire Dawa,Ahati Saving Account,114614.81,1366,105874.695,0.9999999639635886
CIF01007386,Customer_7387,Afar,Werazut Saving Account,35107.1,400,105820.34,0.9999996770743288
CIF01001120,Customer_1121,Gambela,Ordinary Saving Account,128603.79,4110,105769.04,0.9999999296995029
CIF01008677,Customer_8678,Addis Ababa,Ahati Saving Account,58164.78,1462,105751.25,0.9999996745725954
CIF01006880,Customer_6881,Addis Ababa,Prime Customer Deposit Account,41339.13,394,105710.07,0.9999989016565116
CIF01000032,Customer_33,Sidama,Blatena Saving Account,96335.6,3711,105693.06,0.9999999269286433
CIF01002296,Customer_2297,Addis Ababa,Ahati Saving Account,106731.03,2786,105590.016,0.9999999018303539
CIF01003299,Customer_3300,Amhara,Werazut Saving Account,121727.13,2179,105581.23,0.999999946394617
CIF01001637,Customer_1638,Oromia,Hiruyan Saving Account,112043.12,525,105531.445,0.9999998557893569
CIF01005272,Customer_5273,Oromia,Dekemezmur Saving Account,64204.34,2176,105387.89,0.9999999407162226
CIF01003016,Customer_3017,Addis Ababa,Werazut Saving Account,140114.33,430,105370.62,0.999999075807665
CIF01006498,Customer_6499,Amhara,Abew Saving Account,125437.88,1974,105341.62,0.9999997760748611
CIF01007883,Customer_7884,Oromia,Ordinary Saving Account,67845.7,615,105249.45,0.9999997785667389
CIF01000834,Customer_835,Sidama,Prime Customer Deposit Account,74424.14,1781,105192.61,0.9999999304952198
CIF01006986,Customer_6987,Oromia,Janderebaw Saving Account,176524.51,472,105092.63,0.999990544186948
CIF01009326,Customer_9327,Addis Ababa,Special Saving Account,86537.23,651,105042.23,0.9999966271398486
CIF01002638,Customer_2639,Dire Dawa,Abew Saving Account,149281.36,4470,105031.734,0.9999999188384262
CIF01009976,Customer_9977,Oromia,Ordinary Saving Account,143591.34,2172,105023.71,0.9999999645903496
CIF01005515,Customer_5516,Oromia,Ordinary Saving Account,155827.73,1102,105009.266,0.9999999236562005
CIF01008790,Customer_8791,SNNPR,Blatena Saving Account,138381.51,2653,104956.25,0.999999929194939
CIF01001212,Customer_1213,Amhara,Blatena Saving Account,154637.06,411,104951.88,0.9999989619504304
CIF01001038,Customer_1039,Addis Ababa,Werazut Saving Account,42645.73,714,104937.664,0.9999991037741561
CIF01003170,Customer_3171,SNNPR,Blatena Saving Account,129630.74,4835,104909.08,0.9999999097244988
CIF01006745,Customer_6746,Addis Ababa,Equb Saving Account,90609.91,2133,104878.08,0.9999999670549928
CIF01009729,Customer_9730,Amhara,Tirufat Savings Account,112740.14,1074,104815.766,0.9999999683870028
CIF01004802,Customer_4803,Amhara,Special Saving Account,51323.34,688,104803.72,0.9999986056036051
CIF01008264,Customer_8265,Addis Ababa,Werazut Saving Account,77869.65,449,104796.945,0.9999978484472958
CIF01006625,Customer_6626,Oromia,Ordinary Saving Account,156831.0,504,104727.234,0.9999995717908152
CIF01002512,Customer_2513,Amhara,Ahadu Bereket Saving Account,35556.58,626,104718.195,0.9999991492015947
CIF01006512,Customer_6513,Amhara,Blatena Saving Account,97091.03,3473,104692.05,0.9999999266127405
CIF01004863,Customer_4864,Addis Ababa,Ordinary Saving Account,47022.95,1022,104637.0,0.9999998925617133
CIF01009533,Customer_9534,Oromia,Ordinary Saving Account,29004.77,783,104519.23,0.9999999856168096
CIF01001025,Customer_1026,Oromia,Ordinary Saving Account,133861.19,3627,104518.305,0.9999999634625465
CIF01005892,Customer_5893,Oromia,Ordinary Saving Account,117299.77,2581,104511.555,0.999999961618499
CIF01009959,Customer_9960,Benishangul-Gumuz,Ahati Saving Account,81403.79,1207,104435.66,0.9999999850493138
CIF01006969,Customer_6970,SNNPR,Ahati Saving Account,127983.36,2596,104371.445,0.9999999489663843
CIF01003484,Customer_3485,Sidama,Ordinary Saving Account,79025.31,1216,104352.41,0.9999999750943174
CIF01009618,Customer_9619,Addis Ababa,Blatena Saving Account,101721.18,3551,104292.42,0.9999999708229785
CIF01008840,Customer_8841,Harari,Ordinary Saving Account,30885.69,635,104273.72,0.999998503803321
CIF01006699,Customer_6700,Tigray,Werazut Saving Account,136299.5,872,104264.4,0.9999997307655505
CIF01008866,Customer_8867,Amhara,Werazut Saving Account,90395.15,2383,104257.195,0.9999999387910741
CIF01004687,Customer_4688,Amhara,Werazut Saving Account,123573.42,2147,104235.51,0.9999999243760627
CIF01006290,Customer_6291,Amhara,Agape Saving Account,144979.06,2324,104014.59,0.9999999716896796
CIF01004646,Customer_4647,Oromia,Washera Saving Account,29663.85,749,104001.05,0.9999984933759751
CIF01008515,Customer_8516,Dire Dawa,Abew Saving Account,29847.45,778,103847.6,0.9999999599451483
CIF01001086,Customer_1087,Addis Ababa,Special Saving Account,131269.87,4207,103728.44,0.9999999884669711
CIF01006396,Customer_6397,Oromia,Janderebaw Saving Account,27798.07,759,103707.42,0.9999997307914509
CIF01002297,Customer_2298,Benishangul-Gumuz,Janderebaw Saving Account,72673.92,708,103688.38,0.999997999213449
CIF01008957,Customer_8958,Oromia,Hiruyan Saving Account,56667.91,970,103678.26,0.9999999447469791
CIF01009949,Customer_9950,Amhara,Dekemezmur Saving Account,148919.69,2790,103642.38,0.9999999714457578
CIF01008583,Customer_8584,Amhara,Sitota Saving Deposit,20623.72,450,103631.586,0.9999992191372675
CIF01002804,Customer_2805,Addis Ababa,Hiruyan Saving Account,102505.7,4406,103591.23,0.999999886267645
CIF01004130,Customer_4131,Addis Ababa,Ordinary Saving Account,123477.67,1015,103529.5,0.9999999681049031
CIF01001853,Customer_1854,Tigray,Special Saving Account,48405.65,987,103449.03,0.999999985007229
CIF01002424,Customer_2425,Addis Ababa,Ordinary Saving Account,83308.41,1074,103409.99,0.9999999640086563
CIF01001477,Customer_1478,Oromia,Blatena Saving Account,84894.12,2469,103288.44,0.999999850320689
CIF01005372,Customer_5373,Addis Ababa,Asrat Bekurat Saving Account,30620.96,539,103242.17,0.9999998766368866
CIF01009409,Customer_9410,Oromia,Asrat Bekurat Saving Account,144428.51,3409,103230.44,0.9999999371439887
CIF01002991,Customer_2992,Oromia,Special Saving Account,160740.77,2242,103203.875,0.9999999865044316
CIF01003067,Customer_3068,Amhara,Asrat Bekurat Saving Account,37554.48,946,103195.36,0.9999998444530409
CIF01008370,Customer_8371,Addis Ababa,Abew Saving Account,94197.49,2856,103166.75,0.9999998906676095
CIF01003807,Customer_3808,SNNPR,Prime Customer Deposit Account,89407.52,1214,103110.37,0.9999999388656688
CIF01006632,Customer_6633,Addis Ababa,Couples Saving Deposit,43785.52,660,103069.71,0.9999993625804378
CIF01004389,Customer_4390,Addis Ababa,Washera Saving Account,26558.47,568,103034.06,0.9999988399428491
CIF01004501,Customer_4502,SNNPR,Special Saving Account,121177.82,588,103026.65,0.9999984084832746
CIF01002969,Customer_2970,Addis Ababa,Blatena Saving Account,167982.06,1164,102965.62,0.9999996521855434
CIF01007617,Customer_7618,Amhara,Ordinary Saving Account,139959.04,901,102917.52,0.9999997859567115
CIF01006690,Customer_6691,Amhara,Special Saving Account,30806.66,1351,102869.67,0.9999999835920836
CIF01004595,Customer_4596,Addis Ababa,Equb Saving Account,83952.95,2189,102861.57,0.9999999119255152
CIF01008273,Customer_8274,Addis Ababa,Abew Saving Account,83060.11,2312,102840.6,0.9999999531512682
CIF01001441,Customer_1442,Sidama,Asrat Bekurat Saving Account,167901.29,2102,102824.06,0.9999999493638326
CIF01000399,Customer_400,Dire Dawa,Werazut Saving Account,99632.94,2939,102714.79,0.9999999944409823
CIF01002479,Customer_2480,Addis Ababa,Blatena Saving Account,138775.95,432,102703.76,0.9999857598011647
CIF01001347,Customer_1348,Afar,Blatena Saving Account,72841.64,1318,102697.97,0.999999950389197
CIF01009421,Customer_9422,Addis Ababa,Special Saving Account,55971.84,940,102656.29,0.9999999795393912
CIF01008603,Customer_8604,Harari,Blatena Saving Account,140081.17,1193,102435.73,0.9999995794774476
CIF01004492,Customer_4493,Amhara,Dekemezmur Saving Account,78113.98,3534,102362.24,0.9999997652256927
CIF01002912,Customer_2913,Sidama,Couples Saving Deposit,43662.14,2693,102251.7,0.9999999006850592
CIF01009596,Customer_9597,Addis Ababa,Dekemezmur Saving Account,31229.63,720,102120.66,0.9999998605221657
CIF01005239,Customer_5240,Amhara,Special Saving Account,55330.01,432,102110.06,0.9999998398276114
CIF01008611,Customer_8612,Amhara,Ordinary Saving Account,85170.01,674,102001.82,0.9999998977392708
CIF01009798,Customer_9799,Addis Ababa,Agape Saving Account,98711.44,4101,101978.13,0.9999998545252692
CIF01009908,Customer_9909,Benishangul-Gumuz,Agape Saving Account,125648.56,1632,101944.664,0.9999999108411197
CIF01000357,Customer_358,Tigray,Prime Customer Deposit Account,104465.81,1023,101938.91,0.9999998909744535
CIF01005729,Customer_5730,Oromia,Ordinary Saving Account,123979.34,4013,101854.016,0.9999998173852802
CIF01003633,Customer_3634,Oromia,Couples Saving Deposit,60356.42,769,101834.766,0.9999999666687573
CIF01007479,Customer_7480,Addis Ababa,Special Saving Account,77816.55,2297,101796.52,0.9999999494219708
CIF01009741,Customer_9742,Addis Ababa,Ahati Saving Account,60010.9,547,101704.86,0.999999789940161
CIF01006642,Customer_6643,Addis Ababa,Dekemezmur Saving Account,130698.13,472,101692.14,0.9999994190348589
CIF01009911,Customer_9912,Addis Ababa,Abew Saving Account,88832.68,613,101683.96,0.999994437760466
CIF01006499,Customer_6500,Sidama,Tirufat Savings Account,96942.02,5203,101680.37,0.9999998112766953
CIF01004238,Customer_4239,Tigray,Ordinary Saving Account,95709.05,2572,101651.61,0.999999916416468
CIF01000511,Customer_512,Tigray,Ordinary Saving Account,63082.34,2149,101601.45,0.9999999846966612
CIF01007653,Customer_7654,Amhara,Sitota Saving Deposit,18172.95,508,101591.88,0.9999972038546938
CIF01002351,Customer_2352,Oromia,Ahati Saving Account,44761.48,1503,101499.37,0.9999997916596387
CIF01006138,Customer_6139,Amhara,Agape Saving Account,55288.48,1260,101480.984,0.9999999474272413
CIF01004336,Customer_4337,Amhara,Abew Saving Account,137949.78,1323,101365.72,0.9999999643493799
CIF01004287,Customer_4288,Tigray,Hiruyan Saving Account,78271.42,3200,101353.24,0.9999999235678524
CIF01006785,Customer_6786,Addis Ababa,Hiruyan Saving Account,63004.26,2434,101352.83,0.9999999632027474
CIF01007787,Customer_7788,Addis Ababa,Ordinary Saving Account,14325.26,530,101274.055,0.9999989919769388
CIF01004449,Customer_4450,Addis Ababa,Werazut Saving Account,69286.15,3442,101271.15,0.9999999527536196
CIF01004359,Customer_4360,Addis Ababa,Ordinary Saving Account,22713.58,532,101249.48,0.9999996235713062
CIF01008096,Customer_8097,Afar,Ordinary Saving Account,10483.57,542,101241.516,0.9999964521600795
CIF01004706,Customer_4707,Oromia,Abew Saving Account,84441.34,716,101235.54,0.9999996129537195
CIF01007741,Customer_7742,Tigray,Ordinary Saving Account,42785.1,1436,101156.57,0.999999930980947
CIF01007690,Customer_7691,Oromia,Ordinary Saving Account,64209.59,2248,101128.12,0.9999999417340587
CIF01005655,Customer_5656,Addis Ababa,Dekemezmur Saving Account,174268.32,624,101124.086,0.9999971006231663
CIF01000718,Customer_719,Addis Ababa,Special Saving Account,100295.89,791,101046.75,0.9999999745341046
CIF01009856,Customer_9857,Amhara,Special Saving Account,117947.83,2390,101039.05,0.9999999187096076
CIF01006629,Customer_6630,SNNPR,Dekemezmur Saving Account,141428.82,497,101019.29,0.9999977950677051
CIF01009570,Customer_9571,Dire Dawa,Blatena Saving Account,21842.61,393,101012.48,0.9999987840925494
CIF01006239,Customer_6240,Amhara,Equb Saving Account,53537.61,1351,100973.06,0.9999999587689813
CIF01000377,Customer_378,Dire Dawa,Janderebaw Saving Account,142081.27,1464,100898.58,0.9999999939087725
CIF01004654,Customer_4655,Addis Ababa,Ahati Saving Account,18908.0,725,100870.25,0.9999970489491826
CIF01001048,Customer_1049,SNNPR,Blatena Saving Account,31902.72,907,100857.85,0.9999998229958114
CIF01006443,Customer_6444,Addis Ababa,Special Saving Account,18854.01,598,100809.46,0.9999926593705969
CIF01007618,Customer_7619,Gambela,Ahati Saving Account,30868.15,594,100656.516,0.9999969606957749
CIF01000600,Customer_601,Sidama,Werazut Saving Account,49690.66,1048,100601.766,0.9999998871965191
CIF01001823,Customer_1824,SNNPR,Ordinary Saving Account,57611.64,1629,100575.055,0.9999999113686954
CIF01005496,Customer_5497,Oromia,Special Saving Account,32852.08,1078,100569.8,0.9999999137215115
CIF01009222,Customer_9223,Amhara,Washera Saving Account,30873.43,1345,100454.97,0.9999999725661096
CIF01004399,Customer_4400,Oromia,Hiruyan Saving Account,88674.08,2203,100440.32,0.9999998991566672
CIF01001296,Customer_1297,Sidama,Prime Customer Deposit Account,108100.18,706,100387.1,0.9999976055256855
CIF01008929,Customer_8930,Amhara,Ordinary Saving Account,145597.7,2239,100323.07,0.9999999573558438
CIF01000344,Customer_345,SNNPR,Agape Saving Account,48482.32,1412,100271.62,0.9999997667740359
CIF01001266,Customer_1267,Harari,Ordinary Saving Account,107213.94,1412,100251.89,0.9999999761943622
CIF01002286,Customer_2287,Oromia,Janderebaw Saving Account,6592.35,660,100111.23,0.9999977384514964
CIF01009814,Customer_9815,Somali,Ordinary Saving Account,37227.85,711,100071.2,0.9999997483141877
CIF01006582,Customer_6583,Harari,Werazut Saving Account,123805.19,1121,100046.3,0.9999999919990469
CIF01004688,Customer_4689,Tigray,Prime Customer Deposit Account,70281.71,1293,99973.45,0.999999979448519
CIF01004065,Customer_4066,Oromia,Ordinary Saving Account,120170.53,1563,99959.02,0.9999999204594007
CIF01005681,Customer_5682,Tigray,Dekemezmur Saving Account,99493.99,1015,99948.336,0.9999997256221427
CIF01009524,Customer_9525,SNNPR,Agape Saving Account,89781.52,1520,99880.75,0.999999840791046
CIF01001533,Customer_1534,Oromia,Ordinary Saving Account,112142.3,1060,99832.586,0.9999999534500803
CIF01007830,Customer_7831,Tigray,Asrat Bekurat Saving Account,152765.0,797,99816.445,0.9999997848460672
CIF01002943,Customer_2944,Addis Ababa,Special Saving Account,105160.79,4059,99689.24,0.999999852384361
CIF01004001,Customer_4002,Addis Ababa,Prime Customer Deposit Account,107347.32,730,99685.61,0.9999995070095405
CIF01002329,Customer_2330,Amhara,Ordinary Saving Account,51879.9,729,99600.08,0.9999996081000176
CIF01004052,Customer_4053,Tigray,Tirufat Savings Account,116742.69,4581,99585.73,0.9999999785770963
CIF01007895,Customer_7896,Amhara,Abew Saving Account,123058.87,3746,99584.305,0.9999999484689568
CIF01002948,Customer_2949,Oromia,Agape Saving Account,150031.41,382,99573.63,0.9999975548160479
CIF01006158,Customer_6159,Amhara,Agape Saving Account,113882.7,4014,99545.43,0.9999998821820338
CIF01003704,Customer_3705,Oromia,Dekemezmur Saving Account,44450.08,696,99359.23,0.9999993528372704
CIF01000597,Customer_598,Addis Ababa,Ordinary Saving Account,12564.41,380,99138.43,0.9999978044035208
CIF01006181,Customer_6182,SNNPR,Blatena Saving Account,33619.75,574,99129.445,0.999999072660098
CIF01002188,Customer_2189,Addis Ababa,Asrat Bekurat Saving Account,62530.56,2479,99124.336,0.9999999779834727
CIF01000163,Customer_164,Oromia,Washera Saving Account,128061.33,3159,99115.266,0.9999998973421517
CIF01009815,Customer_9816,Addis Ababa,Dekemezmur Saving Account,150098.19,1329,99072.84,0.999999574425248
CIF01004667,Customer_4668,SNNPR,Special Saving Account,106610.02,4219,98946.266,0.9999998401527588
CIF01002872,Customer_2873,Amhara,Tirufat Savings Account,119669.06,3793,98945.41,0.9999999503114656
CIF01003476,Customer_3477,SNNPR,Blatena Saving Account,101177.5,818,98884.25,0.9999998151513296
CIF01000551,Customer_552,Sidama,Blatena Saving Account,144585.65,717,98882.68,0.9999991575880276
CIF01005880,Customer_5881,Tigray,Blatena Saving Account,89882.41,868,98849.0,0.9999998897687364
CIF01000109,Customer_110,SNNPR,Equb Saving Account,32591.49,564,98826.75,0.9999974053808088
CIF01001936,Customer_1937,SNNPR,Special Saving Account,92113.57,1292,98826.4,0.9999999464441718
CIF01004999,Customer_5000,Amhara,Ordinary Saving Account,61179.93,2307,98809.35,0.9999999570860044
CIF01007794,Customer_7795,Addis Ababa,Ahadu Bereket Saving Account,93846.64,484,98778.19,0.9999982910969887
CIF01003207,Customer_3208,Dire Dawa,Dekemezmur Saving Account,139184.17,1742,98722.31,0.9999996466079691
CIF01008887,Customer_8888,Addis Ababa,Ordinary Saving Account,98995.87,372,98680.195,0.9999970625236424
CIF01004599,Customer_4600,Somali,Prime Customer Deposit Account,131480.31,4913,98638.625,0.9999999249678092
CIF01008042,Customer_8043,Benishangul-Gumuz,Ahadu Bereket Saving Account,74121.46,1930,98522.945,0.9999999082167856
CIF01009521,Customer_9522,Dire Dawa,Prime Customer Deposit Account,126199.25,407,98407.66,0.9999973266782017
CIF01000615,Customer_616,Harari,Werazut Saving Account,60730.67,762,98396.06,0.9999994293795179
CIF01006914,Customer_6915,Amhara,Janderebaw Saving Account,116883.68,2731,98381.01,0.9999999679024093
CIF01004036,Customer_4037,Addis Ababa,Tirufat Savings Account,105386.8,2991,98369.23,0.9999999469879964
CIF01007200,Customer_7201,Amhara,Ordinary Saving Account,138684.49,646,98365.49,0.9999959533153026
CIF01009754,Customer_9755,Amhara,Tirufat Savings Account,79369.31,1824,98346.125,0.9999999249508872
CIF01006172,Customer_6173,SNNPR,Ahadu Bereket Saving Account,47645.5,1195,98344.484,0.9999998139088855
CIF01000888,Customer_889,Dire Dawa,Werazut Saving Account,120284.29,935,98285.32,0.9999998393269459
CIF01001388,Customer_1389,SNNPR,Ahati Saving Account,61324.17,2363,98270.62,0.9999999732917797
CIF01006809,Customer_6810,Gambela,Dekemezmur Saving Account,111232.08,973,98267.05,0.9999999046797123
CIF01003563,Customer_3564,Oromia,Blatena Saving Account,34944.64,942,98233.195,0.9999999458057962
CIF01003876,Customer_3877,Afar,Hiruyan Saving Account,51523.11,1270,98199.63,0.9999999098726727
CIF01009277,Customer_9278,Addis Ababa,Abew Saving Account,108705.81,833,98174.86,0.999999824354501
CIF01003528,Customer_3529,Addis Ababa,Dekemezmur Saving Account,108929.71,3364,98120.47,0.9999999748442143
CIF01004824,Customer_4825,Amhara,Werazut Saving Account,61842.58,1066,98120.05,0.9999999727558065
CIF01002130,Customer_2131,Harari,Dekemezmur Saving Account,120408.28,789,98092.336,0.9999997333586663
CIF01000895,Customer_896,Amhara,Abew Saving Account,50686.99,3347,98029.18,0.9999998345646234
CIF01008572,Customer_8573,Oromia,Ordinary Saving Account,111307.31,3796,98017.49,0.999999900540535
CIF01009551,Customer_9552,Oromia,Dekemezmur Saving Account,10022.64,631,97972.625,0.9999979642470199
CIF01007494,Customer_7495,Oromia,Janderebaw Saving Account,146188.43,994,97958.81,0.999999818826077
CIF01002526,Customer_2527,Tigray,Hiruyan Saving Account,29019.14,1155,97946.77,0.9999998490452201
CIF01004091,Customer_4092,Addis Ababa,Ordinary Saving Account,71142.71,806,97873.36,0.999999970928823
CIF01004051,Customer_4052,Oromia,Abew Saving Account,109406.27,461,97809.64,0.9999992395942567
CIF01006619,Customer_6620,Amhara,Special Saving Account,46413.71,1260,97776.36,0.999999978539023
CIF01008108,Customer_8109,Addis Ababa,Hiruyan Saving Account,123004.95,4087,97735.76,0.9999998913411086
CIF01005151,Customer_5152,Tigray,Ordinary Saving Account,43798.15,1482,97714.02,0.9999999272732678
CIF01008948,Customer_8949,Dire Dawa,Special Saving Account,32832.11,1242,97697.18,0.9999999591934351
CIF01004618,Customer_4619,Gambela,Werazut Saving Account,21999.94,722,97599.39,0.9999983266007563
CIF01002212,Customer_2213,Oromia,Ordinary Saving Account,16941.27,1135,97558.484,0.9999998840572651
CIF01006772,Customer_6773,Addis Ababa,Blatena Saving Account,21314.44,609,97524.4,0.9999985765732959
CIF01005934,Customer_5935,Addis Ababa,Asrat Bekurat Saving Account,141611.57,1018,97475.125,0.9999992506485187
CIF01009492,Customer_9493,Oromia,Washera Saving Account,86636.26,1794,97444.96,0.9999999882890328
CIF01005611,Customer_5612,Addis Ababa,Werazut Saving Account,108077.56,619,97431.25,0.9999975836535332
CIF01005065,Customer_5066,Amhara,Dekemezmur Saving Account,65584.83,1373,97377.8,0.9999999799209014
CIF01005898,Customer_5899,Addis Ababa,Ordinary Saving Account,62245.43,2239,97369.45,0.9999999702929678
CIF01006520,Customer_6521,Amhara,Special Saving Account,28091.35,652,97300.03,0.999999837512715
CIF01006885,Customer_6886,Addis Ababa,Werazut Saving Account,19468.8,824,97243.75,0.9999998676135022
CIF01009916,Customer_9917,Sidama,Ahati Saving Account,48131.32,1190,97242.8,0.9999999928228505
CIF01005560,Customer_5561,Tigray,Dekemezmur Saving Account,20496.49,718,97207.57,0.9999925607251162
CIF01001888,Customer_1889,Addis Ababa,Asrat Bekurat Saving Account,149376.76,1345,97179.984,0.9999998740504296
CIF01005193,Customer_5194,Addis Ababa,Ahati Saving Account,143054.72,507,97158.46,0.9999973484437001
CIF01009182,Customer_9183,Afar,Ordinary Saving Account,99436.63,2067,97109.06,0.9999999685174962
CIF01001784,Customer_1785,Tigray,Abew Saving Account,30837.45,692,97037.055,0.9999989055326587
CIF01009646,Customer_9647,Addis Ababa,Werazut Saving Account,13884.27,403,97033.72,0.9999989474164052
CIF01005592,Customer_5593,Tigray,Ordinary Saving Account,122040.02,2399,97007.04,0.9999997514341555
CIF01000868,Customer_869,SNNPR,Ordinary Saving Account,29372.83,555,96983.945,0.9999987545236464
CIF01009662,Customer_9663,Addis Ababa,Dekemezmur Saving Account,124120.11,1246,96963.91,0.9999999542899077
CIF01000041,Customer_42,Oromia,Ordinary Saving Account,41161.96,1430,96919.88,0.9999999533814228
CIF01001008,Customer_1009,Addis Ababa,Blatena Saving Account,119249.0,2243,96894.59,0.9999999826677642
CIF01008506,Customer_8507,Oromia,Prime Customer Deposit Account,90144.56,914,96882.24,0.9999999830863323
CIF01003828,Customer_3829,SNNPR,Ordinary Saving Account,143812.69,1850,96869.2,0.9999999724795138
CIF01007166,Customer_7167,Addis Ababa,Ahati Saving Account,8076.92,651,96863.61,0.9999997454561627
CIF01006155,Customer_6156,Oromia,Agape Saving Account,138938.3,1832,96845.26,0.9999998596866261
CIF01002679,Customer_2680,Amhara,Ordinary Saving Account,121163.72,1884,96715.555,0.9999999694694637
CIF01007158,Customer_7159,Oromia,Special Saving Account,31038.86,865,96710.08,0.9999999868732314
CIF01008157,Customer_8158,Amhara,Werazut Saving Account,29627.23,1043,96702.08,0.9999999649211223
CIF01004911,Customer_4912,Benishangul-Gumuz,Ahati Saving Account,94285.89,1396,96501.516,0.9999999650458226
CIF01005198,Customer_5199,Oromia,Ordinary Saving Account,8236.42,576,96491.55,0.99999789333749
CIF01008687,Customer_8688,Addis Ababa,Abew Saving Account,101807.63,1621,96475.99,0.9999999827314753
CIF01005869,Customer_5870,Tigray,Ordinary Saving Account,43676.74,1171,96474.836,0.9999999675600074
CIF01005794,Customer_5795,Tigray,Special Saving Account,73821.87,1371,96437.85,0.9999997486633497
CIF01002476,Customer_2477,Oromia,Agape Saving Account,17392.33,583,96423.78,0.9999979149078739
CIF01003549,Customer_3550,SNNPR,Ordinary Saving Account,121965.53,696,96410.95,0.999997510780004
CIF01004522,Customer_4523,Addis Ababa,Ahati Saving Account,22836.72,832,96395.48,0.9999999381904616
CIF01008329,Customer_8330,Addis Ababa,Sitota Saving Deposit,84910.0,399,96349.92,0.9999965910518456
CIF01000369,Customer_370,Amhara,Ahati Saving Account,41152.86,1013,96324.03,0.9999999194981559
CIF01007723,Customer_7724,Addis Ababa,Ordinary Saving Account,6733.49,474,96234.766,0.9999978460032505
CIF01007459,Customer_7460,Addis Ababa,Equb Saving Account,9048.71,489,96141.5,0.9999967422648033
CIF01009280,Customer_9281,Addis Ababa,Abew Saving Account,73545.33,1473,96096.6,0.9999998934092516
CIF01001404,Customer_1405,Somali,Blatena Saving Account,59777.94,1743,96080.46,0.9999997608959422
CIF01001096,Customer_1097,SNNPR,Werazut Saving Account,58734.88,1931,96066.69,0.999999850997181
CIF01000611,Customer_612,Addis Ababa,Dekemezmur Saving Account,57663.28,2299,96045.81,0.9999999519203754
CIF01008441,Customer_8442,Oromia,Tirufat Savings Account,12598.99,571,96004.88,0.9999948466133436
CIF01000198,Customer_199,Benishangul-Gumuz,Ordinary Saving Account,53302.93,388,95945.82,0.9999988940110889
CIF01008747,Customer_8748,Addis Ababa,Abew Saving Account,64273.13,726,95910.6,0.9999925417750508
CIF01002038,Customer_2039,Sidama,Ordinary Saving Account,104563.3,1794,95899.26,0.9999999879659413
CIF01003902,Customer_3903,Harari,Prime Customer Deposit Account,173.68,668,95879.58,0.999998827606229
CIF01002287,Customer_2288,Amhara,Blatena Saving Account,4976.97,459,95807.016,0.9999998072112185
CIF01009783,Customer_9784,Dire Dawa,Janderebaw Saving Account,32905.79,1252,95794.06,0.9999999703250224
CIF01001035,Customer_1036,Addis Ababa,Equb Saving Account,40211.8,2497,95793.7,0.9999999777071373
CIF01009882,Customer_9883,Addis Ababa,Ordinary Saving Account,70505.62,832,95780.055,0.999999977149817
CIF01004608,Customer_4609,Oromia,Special Saving Account,42935.51,1559,95744.07,0.9999999336419274
CIF01001885,Customer_1886,Benishangul-Gumuz,Special Saving Account,146486.28,430,95732.05,0.9999945622927287
CIF01002258,Customer_2259,Addis Ababa,Blatena Saving Account,144102.48,2818,95670.75,0.9999999126642517
CIF01005795,Customer_5796,Harari,Ordinary Saving Account,86479.06,1048,95666.61,0.9999999759552186
CIF01005465,Customer_5466,SNNPR,Blatena Saving Account,99741.4,3306,95663.51,0.9999998818387181
CIF01007631,Customer_7632,Addis Ababa,Tirufat Savings Account,36994.4,1661,95594.586,0.9999999426578154
CIF01003301,Customer_3302,Oromia,Dekemezmur Saving Account,115022.68,643,95573.04,0.9999957433792478
CIF01003374,Customer_3375,Addis Ababa,Prime Customer Deposit Account,23068.48,956,95442.16,0.9999999574788607
CIF01008508,Customer_8509,Oromia,Werazut Saving Account,149442.73,1634,95418.83,0.9999998641976389
CIF01001778,Customer_1779,Oromia,Ahadu Bereket Saving Account,50991.04,638,95386.555,0.9999988281624564
CIF01008970,Customer_8971,Harari,Ordinary Saving Account,39925.74,838,95379.92,0.999999983575375
CIF01009014,Customer_9015,Addis Ababa,Ordinary Saving Account,76782.48,3794,95278.12,0.9999999348733057
CIF01000343,Customer_344,SNNPR,Agape Saving Account,23965.44,416,95237.88,0.9999989901446784
CIF01007538,Customer_7539,Dire Dawa,Werazut Saving Account,37447.93,1704,95214.98,0.9999999241441073
CIF01006751,Customer_6752,Dire Dawa,Tirufat Savings Account,70398.44,673,95192.77,0.9999956359855823
CIF01001211,Customer_1212,Amhara,Blatena Saving Account,63227.4,651,95165.74,0.9999985126891086
CIF01002508,Customer_2509,Amhara,Asrat Bekurat Saving Account,56482.17,808,95083.65,0.9999999548386433
CIF01002109,Customer_2110,SNNPR,Ahati Saving Account,9936.42,565,95068.64,0.9999947713561675
CIF01002486,Customer_2487,Sidama,Ordinary Saving Account,122058.29,468,95023.234,0.9999982418435176
CIF01001130,Customer_1131,SNNPR,Ahati Saving Account,44806.93,2024,94998.52,0.9999998878383421
CIF01002769,Customer_2770,SNNPR,Tirufat Savings Account,74005.44,1168,94980.44,0.9999998617490986
CIF01001109,Customer_1110,Oromia,Ordinary Saving Account,54867.81,495,94979.39,0.9999996518998645
CIF01003102,Customer_3103,Addis Ababa,Abew Saving Account,73594.87,1444,94964.64,0.9999999788552123
CIF01003881,Customer_3882,Tigray,Werazut Saving Account,47045.68,1101,94949.92,0.9999998924577589
CIF01009440,Customer_9441,Addis Ababa,Tirufat Savings Account,129452.72,1122,94923.016,0.9999996596741713
CIF01007597,Customer_7598,Addis Ababa,Blatena Saving Account,37933.21,1631,94913.83,0.999999898859077
CIF01005471,Customer_5472,Oromia,Special Saving Account,139637.87,1835,94846.91,0.9999998583137634
CIF01000990,Customer_991,Addis Ababa,Blatena Saving Account,34274.9,804,94795.28,0.9999998648120213
CIF01005325,Customer_5326,Amhara,Blatena Saving Account,84871.39,3541,94723.91,0.9999999045269661
CIF01009762,Customer_9763,Tigray,Special Saving Account,65654.69,2450,94722.26,0.9999998618244763
CIF01009776,Customer_9777,Somali,Washera Saving Account,91560.23,1272,94699.69,0.9999998782306372
CIF01002001,Customer_2002,Dire Dawa,Ordinary Saving Account,68052.05,893,94643.26,0.99999994015402
CIF01009454,Customer_9455,Amhara,Hiruyan Saving Account,65394.86,876,94637.92,0.9999999674512607
CIF01005559,Customer_5560,Addis Ababa,Blatena Saving Account,12599.97,1023,94596.19,0.9999999332169323
CIF01003080,Customer_3081,Amhara,Tirufat Savings Account,15153.21,795,94593.42,0.9999998766960393
CIF01008789,Customer_8790,Addis Ababa,Asrat Bekurat Saving Account,32984.49,726,94542.94,0.9999969759926608
CIF01005244,Customer_5245,Oromia,Ordinary Saving Account,23837.55,560,94494.05,0.9999989801209589
CIF01005871,Customer_5872,Oromia,Ahadu Bereket Saving Account,48609.88,416,94484.25,0.9999919132150406
CIF01001376,Customer_1377,Harari,Special Saving Account,3964.22,474,94478.375,0.9999922566976238
CIF01000235,Customer_236,Addis Ababa,Werazut Saving Account,133612.97,3484,94398.35,0.9999999947282663
CIF01001550,Customer_1551,Amhara,Special Saving Account,78054.29,1447,94379.36,0.9999998044524789
CIF01004102,Customer_4103,Addis Ababa,Ahati Saving Account,10345.98,678,94321.69,0.9999990941178185
CIF01009450,Customer_9451,Dire Dawa,Ordinary Saving Account,130322.99,2994,94311.805,0.9999999509590876
CIF01009628,Customer_9629,Sidama,Prime Customer Deposit Account,144437.2,1796,94308.97,0.9999999697800659
CIF01007004,Customer_7005,Amhara,Sitota Saving Deposit,98117.95,2152,94226.586,0.9999999305822217
CIF01007329,Customer_7330,Addis Ababa,Ahati Saving Account,116544.12,5167,94203.234,0.9999998775460931
CIF01004692,Customer_4693,Addis Ababa,Ordinary Saving Account,7383.78,513,94194.71,0.9999987986459795
CIF01009826,Customer_9827,Amhara,Ordinary Saving Account,23079.25,1040,94148.82,0.9999998356483363
CIF01007522,Customer_7523,Amhara,Prime Customer Deposit Account,91839.7,3416,94144.22,0.9999998407877975
CIF01004020,Customer_4021,Addis Ababa,Blatena Saving Account,25844.05,518,94134.336,0.9999988850521307
CIF01005107,Customer_5108,Amhara,Ordinary Saving Account,40637.69,2056,94128.945,0.9999999662876857
CIF01006087,Customer_6088,Addis Ababa,Ordinary Saving Account,146933.6,910,94100.4,0.999999722868343
CIF01001512,Customer_1513,Oromia,Ordinary Saving Account,70312.03,2674,94071.14,0.9999999809139507
CIF01005545,Customer_5546,Amhara,Blatena Saving Account,97345.32,3052,94024.45,0.999999927852829
CIF01003406,Customer_3407,Addis Ababa,Special Saving Account,135773.88,588,93996.26,0.9999997694565775
CIF01005411,Customer_5412,Harari,Ahati Saving Account,67676.94,1400,93978.8,0.9999999564831169
CIF01009266,Customer_9267,Addis Ababa,Dekemezmur Saving Account,114279.65,442,93958.445,0.9999946982209987
CIF01003416,Customer_3417,SNNPR,Special Saving Account,30227.55,2109,93941.04,0.9999997781118518
CIF01001172,Customer_1173,Dire Dawa,Special Saving Account,77607.19,499,93935.9,0.9999951353526914
CIF01000659,Customer_660,Addis Ababa,Ordinary Saving Account,41933.23,1711,93813.695,0.9999999800942723
CIF01002344,Customer_2345,Addis Ababa,Special Saving Account,102215.49,393,93770.266,0.9999994549098874
CIF01007102,Customer_7103,SNNPR,Ordinary Saving Account,37958.11,366,93763.18,0.9995327551130131
CIF01004567,Customer_4568,SNNPR,Ahadu Bereket Saving Account,116131.79,1808,93736.61,0.9999997362413552
CIF01004579,Customer_4580,Amhara,Werazut Saving Account,27637.57,801,93709.695,0.9999999068367909
CIF01007542,Customer_7543,Sidama,Tirufat Savings Account,58465.96,3718,93691.305,0.9999998873408493
CIF01004188,Customer_4189,Addis Ababa,Couples Saving Deposit,28421.68,1211,93645.28,0.9999999444772407
CIF01007681,Customer_7682,Amhara,Ahati Saving Account,14337.41,1003,93622.36,0.9999998552740851
CIF01008691,Customer_8692,Addis Ababa,Ordinary Saving Account,106842.18,1147,93621.234,0.9999999331991445
CIF01007643,Customer_7644,Tigray,Ordinary Saving Account,114062.59,513,93602.27,0.9999967679543597
CIF01006570,Customer_6571,Amhara,Equb Saving Account,17598.35,754,93587.45,0.999999208001783
CIF01000390,Customer_391,Tigray,Blatena Saving Account,33405.96,486,93571.51,0.9999986561967408
CIF01002447,Customer_2448,Sidama,Ordinary Saving Account,23973.77,560,93571.016,0.9999945876578368
CIF01005375,Customer_5376,Addis Ababa,Werazut Saving Account,99664.29,2659,93560.43,0.9999999159058155
CIF01005450,Customer_5451,Amhara,Blatena Saving Account,35722.26,696,93554.94,0.999999810572399
CIF01008036,Customer_8037,Gambela,Werazut Saving Account,56042.99,2060,93543.33,0.9999999064351651
CIF01004224,Customer_4225,Amhara,Ahati Saving Account,110591.61,2076,93471.32,0.9999999743684032
CIF01008715,Customer_8716,Oromia,Asrat Bekurat Saving Account,71242.25,2982,93425.03,0.9999999471074633
CIF01001366,Customer_1367,Tigray,Blatena Saving Account,78716.1,2034,93393.54,0.9999999515677097
CIF01003193,Customer_3194,Sidama,Blatena Saving Account,109266.35,2436,93307.695,0.9999998872803983
CIF01003019,Customer_3020,Oromia,Ahadu Bereket Saving Account,67402.68,2343,93303.086,0.9999999812126666
CIF01002757,Customer_2758,Addis Ababa,Sitota Saving Deposit,37968.77,2028,93292.984,0.9999998887533331
CIF01006904,Customer_6905,Gambela,Tirufat Savings Account,33486.34,935,93278.69,0.9999998806034429
CIF01003372,Customer_3373,Oromia,Ahati Saving Account,7708.69,749,93273.81,0.9999971474255683
CIF01004168,Customer_4169,Benishangul-Gumuz,Ahati Saving Account,123264.19,2172,93124.74,0.9999999432677339
CIF01000983,Customer_984,Afar,Couples Saving Deposit,10594.75,593,93111.414,0.9999962223925791
CIF01009742,Customer_9743,Oromia,Ordinary Saving Account,39774.67,1432,93066.05,0.9999998694492547
CIF01000201,Customer_202,Sidama,Ordinary Saving Account,116503.74,1740,93031.82,0.9999998665635392
CIF01006962,Customer_6963,Tigray,Werazut Saving Account,134194.14,1697,93022.37,0.9999998562208323
CIF01002926,Customer_2927,Sidama,Ordinary Saving Account,78584.35,793,93015.53,0.9999999060281446
CIF01005642,Customer_5643,Tigray,Ahadu Bereket Saving Account,7393.97,688,93013.65,0.9999947539205922
CIF01005888,Customer_5889,Addis Ababa,Prime Customer Deposit Account,115628.93,483,92970.6,0.9999945755729794
CIF01000237,Customer_238,Addis Ababa,Tirufat Savings Account,89676.09,461,92948.305,0.999998544281408
CIF01004581,Customer_4582,Oromia,Equb Saving Account,132500.06,2708,92899.89,0.9999999921991977
CIF01009726,Customer_9727,Amhara,Equb Saving Account,120120.5,4844,92874.87,0.9999999896642361
CIF01002632,Customer_2633,Gambela,Blatena Saving Account,71473.2,940,92851.93,0.9999998851192798
CIF01008102,Customer_8103,Addis Ababa,Dekemezmur Saving Account,110857.46,4987,92801.41,0.9999999148914055
CIF01000057,Customer_58,Afar,Ordinary Saving Account,15429.2,451,92776.875,0.9999983266350438
CIF01006208,Customer_6209,Dire Dawa,Janderebaw Saving Account,2985.73,492,92712.46,0.9999988335675117
CIF01009520,Customer_9521,Oromia,Special Saving Account,86583.9,3897,92697.22,0.9999999610824357
CIF01005636,Customer_5637,SNNPR,Tirufat Savings Account,25146.43,901,92672.59,0.9999999058028066
CIF01006196,Customer_6197,Addis Ababa,Ahadu Bereket Saving Account,28186.7,1298,92642.14,0.9999999501971362
CIF01003718,Customer_3719,Harari,Ordinary Saving Account,31891.59,970,92605.08,0.9999999485968287
CIF01000321,Customer_322,Addis Ababa,Ahati Saving Account,25650.09,435,92579.945,0.9999997058687494
CIF01001482,Customer_1483,Gambela,Abew Saving Account,35625.88,2406,92543.34,0.9999999801672934
CIF01009658,Customer_9659,SNNPR,Couples Saving Deposit,79186.71,2437,92483.12,0.9999998222828628
CIF01001733,Customer_1734,Oromia,Abew Saving Account,4716.24,482,92441.33,0.9999998695943896
CIF01007671,Customer_7672,Amhara,Prime Customer Deposit Account,105437.92,3532,92412.46,0.9999998520401717
CIF01002641,Customer_2642,SNNPR,Blatena Saving Account,68237.82,3101,92337.08,0.9999998676599675
CIF01003401,Customer_3402,Gambela,Agape Saving Account,49283.66,1421,92331.75,0.9999999539742238
CIF01004295,Customer_4296,SNNPR,Janderebaw Saving Account,34333.77,1183,92267.65,0.9999998617629915
CIF01009157,Customer_9158,Amhara,Ordinary Saving Account,67976.14,2435,92255.22,0.9999999856228206
CIF01006525,Customer_6526,Afar,Sitota Saving Deposit,118520.7,650,92211.07,0.9999970547579472
CIF01006527,Customer_6528,Addis Ababa,Ahati Saving Account,136809.91,1884,92177.055,0.9999998254193222
CIF01004853,Customer_4854,Oromia,Ahati Saving Account,4849.59,589,92155.914,0.9999967799496493
CIF01005915,Customer_5916,Addis Ababa,Werazut Saving Account,25416.22,913,92055.04,0.9999998986160442
CIF01008580,Customer_8581,Addis Ababa,Tirufat Savings Account,67076.33,670,92008.984,0.999999598877734
CIF01008823,Customer_8824,Amhara,Blatena Saving Account,86996.73,1903,92003.51,0.9999999211467849
CIF01003942,Customer_3943,Oromia,Abew Saving Account,3779.13,619,91951.0,0.9999981140961359
CIF01007047,Customer_7048,Amhara,Ordinary Saving Account,82716.89,2309,91946.85,0.9999999773405425
CIF01002428,Customer_2429,Sidama,Ordinary Saving Account,22256.78,1822,91900.7,0.9999998968470138
CIF01005192,Customer_5193,Addis Ababa,Equb Saving Account,80312.29,4148,91728.48,0.9999998442970235
CIF01004253,Customer_4254,SNNPR,Abew Saving Account,60132.2,2257,91724.875,0.9999999387120722
CIF01007878,Customer_7879,Addis Ababa,Prime Customer Deposit Account,122221.64,2067,91680.805,0.9999999474857578
CIF01007017,Customer_7018,Addis Ababa,Ordinary Saving Account,117994.15,1669,91655.53,0.9999999374727006
CIF01001121,Customer_1122,Sidama,Prime Customer Deposit Account,69328.18,1292,91654.086,0.9999996507569188
CIF01004481,Customer_4482,Addis Ababa,Special Saving Account,44979.56,542,91592.46,0.9999985317365012
CIF01003014,Customer_3015,Addis Ababa,Ahati Saving Account,128450.33,1902,91514.51,0.999999851125928
CIF01003150,Customer_3151,Addis Ababa,Special Saving Account,116740.81,5706,91498.11,0.9999999780025037
CIF01008405,Customer_8406,Amhara,Ordinary Saving Account,65921.59,1082,91468.66,0.9999998778508079
CIF01004975,Customer_4976,SNNPR,Dekemezmur Saving Account,1618.67,641,91464.0,0.9999998271965841
CIF01008770,Customer_8771,Dire Dawa,Ordinary Saving Account,25446.25,607,91450.89,0.9999997408195164
CIF01005263,Customer_5264,Oromia,Hiruyan Saving Account,120860.04,1157,91251.82,0.9999999464991094
CIF01006788,Customer_6789,Oromia,Ahati Saving Account,19712.12,1164,91239.94,0.9999999113661283
CIF01003578,Customer_3579,Sidama,Special Saving Account,58799.68,757,91200.4,0.9999990363449303
CIF01002761,Customer_2762,SNNPR,Werazut Saving Account,88185.29,4226,91189.805,0.9999998045820762
CIF01007037,Customer_7038,Addis Ababa,Ordinary Saving Account,60520.55,595,91183.305,0.9999983990708786
CIF01001901,Customer_1902,Tigray,Janderebaw Saving Account,60877.49,854,91174.914,0.9999999832150804
CIF01004938,Customer_4939,Addis Ababa,Tirufat Savings Account,75935.5,1139,91163.27,0.9999999592568433
CIF01006667,Customer_6668,SNNPR,Sitota Saving Deposit,48571.75,2199,91140.22,0.9999998965577475
CIF01000339,Customer_340,Amhara,Agape Saving Account,23541.62,932,91131.46,0.9999999236720141
CIF01001278,Customer_1279,Amhara,Ordinary Saving Account,92075.36,399,91125.19,0.9999969766878671
CIF01009230,Customer_9231,Tigray,Special Saving Account,43391.25,2285,91113.836,0.9999998905048184
CIF01003347,Customer_3348,Amhara,Equb Saving Account,116818.52,2830,91105.94,0.9999999729844892
CIF01006530,Customer_6531,SNNPR,Ahadu Bereket Saving Account,118037.74,3910,91044.62,0.9999999907017681
CIF01009500,Customer_9501,Sidama,Asrat Bekurat Saving Account,69738.67,1425,91037.82,0.9999999906201505
CIF01000779,Customer_780,Oromia,Ahati Saving Account,28986.24,797,91037.17,0.9999998086587951
CIF01009507,Customer_9508,Addis Ababa,Ordinary Saving Account,69963.71,1036,91027.555,0.9999999827041667
CIF01005520,Customer_5521,Addis Ababa,Janderebaw Saving Account,23988.34,2003,91010.68,0.9999998822760318
CIF01008270,Customer_8271,Gambela,Werazut Saving Account,12713.46,598,90995.77,0.999993914341976
CIF01002588,Customer_2589,Amhara,Ordinary Saving Account,31841.99,407,90989.055,0.9999997102364291
CIF01000249,Customer_250,Addis Ababa,Ordinary Saving Account,26545.67,769,90985.83,0.9999999497476898
CIF01007580,Customer_7581,Oromia,Blatena Saving Account,89916.68,1323,90984.28,0.9999998643797445
CIF01005982,Customer_5983,Tigray,Ordinary Saving Account,37197.71,2010,90947.27,0.9999998838898908
CIF01006257,Customer_6258,Addis Ababa,Ordinary Saving Account,109176.21,1184,90891.56,0.9999999106231106
CIF01004904,Customer_4905,Addis Ababa,Special Saving Account,6345.81,779,90860.68,0.9999998506236593
CIF01001999,Customer_2000,Oromia,Hiruyan Saving Account,4865.2,545,90839.33,0.9999981741901227
CIF01007736,Customer_7737,Harari,Equb Saving Account,36404.1,2106,90811.08,0.9999999692078024
CIF01006674,Customer_6675,Amhara,Hiruyan Saving Account,79212.83,3897,90802.96,0.9999998586764547
CIF01003463,Customer_3464,Afar,Ordinary Saving Account,11743.74,1344,90779.18,0.9999998693614456
CIF01003654,Customer_3655,Oromia,Ordinary Saving Account,114971.7,2137,90753.516,0.9999999764562731
CIF01000169,Customer_170,Addis Ababa,Janderebaw Saving Account,18309.97,895,90741.52,0.9999999264748795
CIF01002183,Customer_2184,Dire Dawa,Ordinary Saving Account,98123.03,1478,90585.336,0.9999999745955104
CIF01000170,Customer_171,Addis Ababa,Couples Saving Deposit,27797.73,1540,90559.86,0.9999999060686805
CIF01003574,Customer_3575,Amhara,Dekemezmur Saving Account,74082.31,827,90557.68,0.99999996566379
CIF01007093,Customer_7094,Dire Dawa,Werazut Saving Account,133380.1,2098,90541.24,0.9999999606335073
CIF01008873,Customer_8874,Tigray,Abew Saving Account,13180.59,369,90524.25,0.9999992573276462
CIF01004897,Customer_4898,Amhara,Tirufat Savings Account,9861.07,555,90521.234,0.9999993070978361
CIF01000468,Customer_469,Addis Ababa,Ordinary Saving Account,40329.65,2068,90518.18,0.99999990913894
CIF01001175,Customer_1176,Amhara,Sitota Saving Deposit,32175.51,565,90419.42,0.9999995538831136
CIF01009668,Customer_9669,Tigray,Hiruyan Saving Account,123340.72,734,90402.63,0.9999980339966699
CIF01007908,Customer_7909,Amhara,Tirufat Savings Account,25589.9,414,90343.664,0.999999614923589
CIF01005475,Customer_5476,Oromia,Abew Saving Account,93507.86,433,90338.57,0.9999975011613961
CIF01008252,Customer_8253,Tigray,Werazut Saving Account,92882.91,2031,90332.18,0.9999999198968419
CIF01008564,Customer_8565,SNNPR,Tirufat Savings Account,12986.48,1238,90277.7,0.9999992107661353
CIF01003166,Customer_3167,Oromia,Ahati Saving Account,1575.89,438,90257.375,0.9999904489854395
CIF01004847,Customer_4848,Amhara,Ahati Saving Account,72208.79,902,90245.69,0.9999998865323791
CIF01004797,Customer_4798,Tigray,Blatena Saving Account,117075.87,532,90193.164,0.999994071054773
CIF01003814,Customer_3815,Oromia,Ordinary Saving Account,113087.22,1985,90155.336,0.9999999708624316
CIF01009944,Customer_9945,Addis Ababa,Hiruyan Saving Account,14952.06,832,90139.1,0.999999799998812
CIF01005966,Customer_5967,Addis Ababa,Ordinary Saving Account,134015.42,1398,90109.734,0.9999994403577049
CIF01001229,Customer_1230,Sidama,Special Saving Account,39036.41,2019,90065.88,0.9999999060053786
CIF01009733,Customer_9734,Amhara,Werazut Saving Account,14464.96,786,90052.7,0.9999994826486877
CIF01001488,Customer_1489,Addis Ababa,Blatena Saving Account,22376.84,2183,89995.016,0.9999999399774246
CIF01002557,Customer_2558,Amhara,Washera Saving Account,137871.98,655,89943.29,0.9999957941238958
CIF01004297,Customer_4298,Addis Ababa,Washera Saving Account,8580.53,1258,89925.07,0.9999998172832288
CIF01008785,Customer_8786,Harari,Prime Customer Deposit Account,89640.49,2270,89896.51,0.9999999454035132
CIF01005768,Customer_5769,SNNPR,Ahati Saving Account,1910.12,541,89888.914,0.9999964984711379
CIF01006270,Customer_6271,Oromia,Blatena Saving Account,5127.48,960,89872.195,0.9999997748426103
CIF01006984,Customer_6985,SNNPR,Ordinary Saving Account,44444.87,1939,89863.97,0.9999996982302595
CIF01006567,Customer_6568,Sidama,Ordinary Saving Account,113352.07,2359,89847.42,0.9999998041995318
CIF01000445,Customer_446,Oromia,Equb Saving Account,9551.84,836,89761.08,0.9999996838892309
CIF01002565,Customer_2566,Addis Ababa,Couples Saving Deposit,57098.77,413,89724.38,0.9999992865098061
CIF01004254,Customer_4255,SNNPR,Ordinary Saving Account,8374.09,579,89712.24,0.9999948200047291
CIF01005519,Customer_5520,Addis Ababa,Ordinary Saving Account,108758.63,3654,89643.91,0.9999999658182802
CIF01002653,Customer_2654,Oromia,Ahati Saving Account,47082.15,782,89599.11,0.9999999670814299
CIF01008586,Customer_8587,Dire Dawa,Ordinary Saving Account,4679.92,417,89594.445,0.9999975221201985
CIF01000227,Customer_228,Addis Ababa,Equb Saving Account,64622.54,2857,89592.47,0.9999999619324721
CIF01004977,Customer_4978,Tigray,Special Saving Account,9083.24,1402,89592.11,0.9999996191998302
CIF01003564,Customer_3565,Oromia,Couples Saving Deposit,39754.3,1859,89566.21,0.9999999305128197
CIF01008238,Customer_8239,Addis Ababa,Sitota Saving Deposit,32113.86,2419,89528.8,0.9999999434288261
CIF01001165,Customer_1166,SNNPR,Special Saving Account,9272.55,844,89520.516,0.9999999677354746
CIF01001732,Customer_1733,Sidama,Ahati Saving Account,12968.53,1005,89464.35,0.9999996299608563
CIF01002308,Customer_2309,Oromia,Asrat Bekurat Saving Account,73444.49,630,89414.17,0.999999334714811
CIF01004823,Customer_4824,Addis Ababa,Blatena Saving Account,62180.47,410,89392.05,0.9999994765100744
CIF01005426,Customer_5427,Somali,Janderebaw Saving Account,63294.85,453,89367.49,0.9999962281754299
CIF01007392,Customer_7393,Addis Ababa,Equb Saving Account,17857.16,978,89363.66,0.9999999202782474
CIF01002350,Customer_2351,Amhara,Couples Saving Deposit,113561.19,775,89353.445,0.9999998753081045
CIF01006604,Customer_6605,Addis Ababa,Ordinary Saving Account,78478.51,744,89334.42,0.9999994084884619
CIF01006584,Customer_6585,Addis Ababa,Ordinary Saving Account,1242.07,853,89311.445,0.9999995833159061
CIF01000614,Customer_615,SNNPR,Special Saving Account,113491.6,4845,89307.72,0.9999999746293093
CIF01005679,Customer_5680,Oromia,Ordinary Saving Account,132860.34,1900,89297.54,0.9999998886017805
CIF01003690,Customer_3691,Oromia,Hiruyan Saving Account,13865.47,383,89288.08,0.9999996073653864
CIF01006985,Customer_6986,Oromia,Ordinary Saving Account,115796.11,1214,89272.63,0.9999999500137752
CIF01005004,Customer_5005,Addis Ababa,Ordinary Saving Account,6553.95,935,89251.53,0.9999997498323603
CIF01003625,Customer_3626,Addis Ababa,Ahati Saving Account,35325.9,1342,89245.92,0.9999999385098768
CIF01000844,Customer_845,Addis Ababa,Ordinary Saving Account,2368.33,600,89245.12,0.9999966102907671
CIF01007493,Customer_7494,Addis Ababa,Abew Saving Account,8354.52,729,89233.695,0.9999990553565117
CIF01007223,Customer_7224,Addis Ababa,Dekemezmur Saving Account,40943.73,711,89204.2,0.999999437130888
CIF01004758,Customer_4759,Amhara,Couples Saving Deposit,64234.98,4177,89199.58,0.999999979256933
CIF01002136,Customer_2137,Benishangul-Gumuz,Ordinary Saving Account,23081.68,1319,89183.875,0.9999999314458625
CIF01000747,Customer_748,Addis Ababa,Ordinary Saving Account,6547.82,1347,89180.53,0.9999997165684038
CIF01002014,Customer_2015,Addis Ababa,Abew Saving Account,24923.58,639,89155.93,0.9999990716219073
CIF01009119,Customer_9120,Tigray,Agape Saving Account,7299.6,635,89101.39,0.9999978328891633
CIF01001708,Customer_1709,Amhara,Prime Customer Deposit Account,20188.89,413,89062.47,0.9999981984909392
CIF01000314,Customer_315,Amhara,Ordinary Saving Account,108496.65,2256,88987.24,0.9999998687750619
CIF01008774,Customer_8775,Addis Ababa,Ordinary Saving Account,45303.23,480,88977.91,0.9999985672761379
CIF01000238,Customer_239,Addis Ababa,Asrat Bekurat Saving Account,60530.53,2343,88913.8,0.9999999157592754
CIF01000424,Customer_425,Amhara,Dekemezmur Saving Account,547.61,452,88905.21,0.999998893847795
CIF01001382,Customer_1383,Oromia,Tirufat Savings Account,10634.51,792,88775.49,0.999999492505772
CIF01004740,Customer_4741,Sidama,Ahadu Bereket Saving Account,47914.6,1667,88770.76,0.9999998625267534
CIF01009145,Customer_9146,Sidama,Ahati Saving Account,5137.21,439,88752.055,0.9999960507039792
CIF01004324,Customer_4325,Addis Ababa,Werazut Saving Account,119900.06,1857,88732.92,0.9999998011366187
CIF01009026,Customer_9027,Addis Ababa,Janderebaw Saving Account,56395.6,1895,88702.41,0.9999998772146055
CIF01008698,Customer_8699,Oromia,Werazut Saving Account,15938.08,424,88633.65,0.9999995001332226
CIF01003146,Customer_3147,Dire Dawa,Ordinary Saving Account,22314.18,1207,88583.23,0.9999999741841319
CIF01009881,Customer_9882,Amhara,Prime Customer Deposit Account,135005.02,1462,88500.055,0.9999999608975703
CIF01004962,Customer_4963,Addis Ababa,Ahati Saving Account,15958.82,1144,88490.39,0.9999998951076033
CIF01001486,Customer_1487,Sidama,Hiruyan Saving Account,111402.17,1882,88450.47,0.9999999212049975
CIF01009148,Customer_9149,Addis Ababa,Prime Customer Deposit Account,106362.41,646,88437.914,0.9999966079191397
CIF01005282,Customer_5283,Oromia,Ordinary Saving Account,5817.21,1445,88434.484,0.9999993645759414
CIF01000808,Customer_809,Addis Ababa,Special Saving Account,10953.21,457,88428.17,0.9999987568398196
CIF01004453,Customer_4454,Harari,Special Saving Account,16251.54,688,88401.016,0.9999982110695871
CIF01000322,Customer_323,Oromia,Ordinary Saving Account,10093.59,665,88330.44,0.9999983380564104
CIF01009488,Customer_9489,Afar,Blatena Saving Account,17146.46,725,88318.97,0.99999907176233
CIF01001922,Customer_1923,Afar,Ordinary Saving Account,16616.47,575,88317.05,0.9999989031692305
CIF01005557,Customer_5558,Addis Ababa,Blatena Saving Account,57419.6,1254,88306.45,0.9999999712988897
CIF01005096,Customer_5097,Addis Ababa,Asrat Bekurat Saving Account,106632.98,772,88304.94,0.9999999183452362
CIF01000906,Customer_907,Oromia,Agape Saving Account,54496.59,707,88251.84,0.9999980137810673
CIF01006517,Customer_6518,Amhara,Ordinary Saving Account,113049.29,373,88244.98,0.9999981641391551
CIF01000942,Customer_943,Amhara,Ordinary Saving Account,99886.73,422,88189.26,0.9999986626708363
CIF01000068,Customer_69,Benishangul-Gumuz,Ordinary Saving Account,50543.69,2026,88177.164,0.999999981119101
CIF01004275,Customer_4276,Oromia,Janderebaw Saving Account,1796.88,527,88160.805,0.9999897858804739
CIF01008834,Customer_8835,Amhara,Special Saving Account,74351.05,1406,88159.17,0.9999999342803055
CIF01003248,Customer_3249,Addis Ababa,Equb Saving Account,3936.07,804,88123.055,0.9999998220585938
CIF01003176,Customer_3177,Addis Ababa,Werazut Saving Account,82532.37,4698,88065.24,0.9999999168773139
CIF01004775,Customer_4776,Somali,Ordinary Saving Account,95189.91,1222,88055.02,0.9999999664873576
CIF01007628,Customer_7629,Tigray,Ahadu Bereket Saving Account,24753.49,647,88044.87,0.9999988722097914
CIF01001803,Customer_1804,Benishangul-Gumuz,Ordinary Saving Account,14335.06,682,88025.31,0.9999993315030397
CIF01005406,Customer_5407,Addis Ababa,Ordinary Saving Account,31098.25,1827,88016.18,0.999999954080598
CIF01008839,Customer_8840,Addis Ababa,Ahati Saving Account,65534.37,993,87967.3,0.9999998076725364
CIF01006845,Customer_6846,Amhara,Ordinary Saving Account,44160.77,470,87961.49,0.999999800451047
CIF01002882,Customer_2883,Oromia,Ordinary Saving Account,22419.73,1289,87959.22,0.9999999559748497
CIF01008841,Customer_8842,Addis Ababa,Blatena Saving Account,61459.68,720,87885.55,0.9999996045223528
CIF01002988,Customer_2989,Addis Ababa,Prime Customer Deposit Account,15792.07,1182,87880.85,0.9999997652818164
CIF01009713,Customer_9714,Dire Dawa,Abew Saving Account,2701.21,780,87775.43,0.9999998055371325
CIF01007635,Customer_7636,Addis Ababa,Tirufat Savings Account,41990.1,494,87720.73,0.9999995881985827
CIF01004174,Customer_4175,Addis Ababa,Special Saving Account,27854.33,569,87656.76,0.9999976521789553
CIF01000024,Customer_25,Addis Ababa,Janderebaw Saving Account,29260.06,1521,87633.05,0.9999999193851691
CIF01003038,Customer_3039,Sidama,Werazut Saving Account,95989.94,2444,87561.21,0.9999999915032086
CIF01008794,Customer_8795,Oromia,Ahati Saving Account,4389.82,942,87559.42,0.9999998582898934
CIF01009709,Customer_9710,Oromia,Special Saving Account,92136.47,1570,87556.83,0.9999999355557997
CIF01002528,Customer_2529,Amhara,Ordinary Saving Account,33131.57,2203,87510.42,0.9999999318907888
CIF01002877,Customer_2878,Tigray,Ordinary Saving Account,76760.09,4268,87461.484,0.9999999405693185
CIF01002303,Customer_2304,Oromia,Equb Saving Account,86616.84,3751,87398.53,0.9999998134668987
CIF01009506,Customer_9507,Addis Ababa,Ordinary Saving Account,39790.28,2267,87397.25,0.9999999585593345
CIF01004944,Customer_4945,Addis Ababa,Ordinary Saving Account,55622.98,2286,87387.64,0.9999999199827074
CIF01005664,Customer_5665,Amhara,Abew Saving Account,130358.75,586,87356.09,0.9999843351566781
CIF01003311,Customer_3312,Addis Ababa,Equb Saving Account,81151.35,850,87287.586,0.9999998214823352
CIF01009841,Customer_9842,Addis Ababa,Janderebaw Saving Account,95727.18,632,87246.33,0.9999994264515358
CIF01000708,Customer_709,Oromia,Ordinary Saving Account,25013.29,1653,87237.23,0.999999933499073
CIF01007724,Customer_7725,Oromia,Ordinary Saving Account,62050.94,2499,87228.42,0.9999999592448675
CIF01008388,Customer_8389,Benishangul-Gumuz,Ordinary Saving Account,50643.56,1283,87201.76,0.9999999796983834
CIF01008767,Customer_8768,Addis Ababa,Equb Saving Account,71300.48,2620,87199.02,0.9999999409016572
CIF01001280,Customer_1281,Sidama,Special Saving Account,73963.61,2911,87193.69,0.9999999164923671
CIF01008202,Customer_8203,Amhara,Special Saving Account,50290.69,1269,87192.41,0.9999999727059846
CIF01006100,Customer_6101,Amhara,Couples Saving Deposit,100756.87,3919,87184.0,0.9999999429793548
CIF01002074,Customer_2075,Amhara,Agape Saving Account,88054.99,1426,87148.48,0.9999999583650545
CIF01007497,Customer_7498,Addis Ababa,Dekemezmur Saving Account,39213.04,612,87147.15,0.9999998827712937
CIF01005647,Customer_5648,Addis Ababa,Equb Saving Account,95908.33,466,87144.414,0.9999975665876129
CIF01007453,Customer_7454,SNNPR,Dekemezmur Saving Account,27267.86,2115,87059.086,0.9999999260375382
CIF01002617,Customer_2618,Harari,Abew Saving Account,51132.38,1930,86987.65,0.999999972619631
CIF01002584,Customer_2585,Addis Ababa,Blatena Saving Account,18275.46,605,86982.99,0.9999985190882275
CIF01000643,Customer_644,Amhara,Hiruyan Saving Account,135887.43,2124,86977.76,0.9999999229632387
CIF01003319,Customer_3320,Oromia,Hiruyan Saving Account,69175.96,638,86963.11,0.9999990435421635
CIF01007789,Customer_7790,SNNPR,Washera Saving Account,129358.81,2367,86951.055,0.9999999832947571
CIF01007812,Customer_7813,Oromia,Sitota Saving Deposit,11557.63,1292,86940.8,0.9999995392205276
CIF01006427,Customer_6428,Addis Ababa,Abew Saving Account,42521.5,1125,86872.92,0.9999999764175244
CIF01002105,Customer_2106,SNNPR,Special Saving Account,118272.29,1121,86863.266,0.9999999242481628
CIF01009422,Customer_9423,Sidama,Werazut Saving Account,85513.4,1369,86859.67,0.9999999679578092
CIF01008509,Customer_8510,Benishangul-Gumuz,Asrat Bekurat Saving Account,34971.11,692,86854.164,0.9999983037162649
CIF01009346,Customer_9347,Somali,Ordinary Saving Account,115049.49,569,86849.23,0.9999939780730244
CIF01001937,Customer_1938,Oromia,Couples Saving Deposit,7967.11,777,86831.17,0.9999997095150175
CIF01006153,Customer_6154,Addis Ababa,Tirufat Savings Account,33621.98,1681,86794.5,0.9999999703328191
CIF01008061,Customer_8062,Amhara,Prime Customer Deposit Account,86654.55,4319,86792.12,0.9999999816117672
CIF01003984,Customer_3985,Oromia,Special Saving Account,63244.23,709,86790.99,0.9999968852597357
CIF01009443,Customer_9444,Oromia,Blatena Saving Account,83189.49,2061,86773.2,0.9999998563360881
CIF01002832,Customer_2833,SNNPR,Tirufat Savings Account,85124.14,4193,86686.305,0.9999998378906939
CIF01007024,Customer_7025,Gambela,Equb Saving Account,11980.31,1024,86680.06,0.9999999267735538
CIF01009034,Customer_9035,Oromia,Ordinary Saving Account,123129.49,746,86632.23,0.9999988070392233
CIF01005468,Customer_5469,Addis Ababa,Ahati Saving Account,83876.58,2368,86575.93,0.9999999757469803
CIF01001704,Customer_1705,Addis Ababa,Special Saving Account,123184.97,2965,86559.24,0.9999999901572206
CIF01006332,Customer_6333,Addis Ababa,Washera Saving Account,12311.03,530,86515.15,0.9999981856642455
CIF01004998,Customer_4999,Oromia,Tirufat Savings Account,124447.82,546,86488.26,0.9999978747397936
CIF01003552,Customer_3553,Addis Ababa,Ahati Saving Account,104571.93,1323,86460.67,0.9999999156121318
CIF01008765,Customer_8766,Tigray,Ahati Saving Account,71379.36,398,86443.445,0.999989851603365
CIF01001882,Customer_1883,Benishangul-Gumuz,Ordinary Saving Account,30016.56,2200,86442.78,0.9999999451266176
CIF01004674,Customer_4675,Oromia,Werazut Saving Account,40866.61,838,86433.22,0.9999998592579187
CIF01006442,Customer_6443,Addis Ababa,Janderebaw Saving Account,50062.2,431,86425.24,0.9999987071259631
CIF01006983,Customer_6984,Amhara,Ordinary Saving Account,10707.14,684,86410.61,0.9999994083226565
CIF01006683,Customer_6684,Oromia,Ordinary Saving Account,81874.54,369,86410.484,0.9999966387583986
CIF01008685,Customer_8686,Addis Ababa,Ordinary Saving Account,96676.99,1334,86333.65,0.9999999102479057
CIF01007292,Customer_7293,Sidama,Asrat Bekurat Saving Account,146.94,401,86282.87,0.9999980669495937
CIF01005589,Customer_5590,Addis Ababa,Agape Saving Account,48400.62,1192,86229.13,0.9999998780184769
CIF01004695,Customer_4696,Addis Ababa,Abew Saving Account,90303.86,2731,86217.664,0.9999999178036078
CIF01008483,Customer_8484,Addis Ababa,Hiruyan Saving Account,102134.84,2521,86186.17,0.9999999000016244
CIF01001489,Customer_1490,Tigray,Sitota Saving Deposit,8742.11,988,86161.01,0.9999995924977507
CIF01008286,Customer_8287,Oromia,Special Saving Account,44176.15,2889,86119.13,0.9999998759242662
CIF01008596,Customer_8597,Addis Ababa,Special Saving Account,5574.76,1437,86114.984,0.9999995554750565
CIF01005225,Customer_5226,SNNPR,Blatena Saving Account,49418.53,1645,86107.64,0.9999999106087538
CIF01002162,Customer_2163,Addis Ababa,Blatena Saving Account,35921.23,579,86066.99,0.9999980960564984
CIF01007567,Customer_7568,SNNPR,Equb Saving Account,8919.75,717,86007.52,0.9999960358604648
CIF01008313,Customer_8314,Addis Ababa,Prime Customer Deposit Account,11458.87,1178,86001.34,0.9999998751321282
CIF01009675,Customer_9676,Gambela,Abew Saving Account,44773.2,692,85919.0,0.9999973298889132
CIF01004337,Customer_4338,Dire Dawa,Janderebaw Saving Account,41189.51,524,85902.76,0.9999991952007843
CIF01002873,Customer_2874,Addis Ababa,Blatena Saving Account,9786.15,1103,85859.81,0.9999998284287904
CIF01005442,Customer_5443,Sidama,Ordinary Saving Account,102373.83,409,85794.14,0.999990183538379
CIF01001081,Customer_1082,Dire Dawa,Ordinary Saving Account,25719.71,1346,85782.06,0.9999999302252447
CIF01009941,Customer_9942,Oromia,Tirufat Savings Account,8164.2,441,85760.11,0.9999966828407639
CIF01006235,Customer_6236,Oromia,Hiruyan Saving Account,131630.46,2808,85732.625,0.9999999542110843
CIF01004086,Customer_4087,Sidama,Ordinary Saving Account,49475.24,1387,85723.01,0.9999999875731677
CIF01006088,Customer_6089,Addis Ababa,Ahati Saving Account,63383.25,4209,85719.28,0.9999999729189949
CIF01005396,Customer_5397,Addis Ababa,Werazut Saving Account,7390.71,545,85715.42,0.9999975760160289
CIF01003722,Customer_3723,Amhara,Sitota Saving Deposit,4446.2,1160,85700.99,0.9999998655658976
CIF01005900,Customer_5901,SNNPR,Ahati Saving Account,5210.0,1386,85684.445,0.9999994310963088
CIF01006571,Customer_6572,Dire Dawa,Special Saving Account,17091.76,571,85648.54,0.9999979137937929
CIF01005457,Customer_5458,Harari,Dekemezmur Saving Account,95721.33,4382,85646.44,0.999999957470322
CIF01000121,Customer_122,Dire Dawa,Abew Saving Account,26466.88,1387,85637.49,0.9999999399821426
CIF01008573,Customer_8574,Amhara,Ordinary Saving Account,90110.27,542,85590.52,0.9999969968608834
CIF01006264,Customer_6265,Tigray,Ordinary Saving Account,97727.41,1641,85590.164,0.9999999232988855
CIF01000411,Customer_412,Amhara,Ordinary Saving Account,47320.89,1284,85534.13,0.9999999818784103
CIF01009312,Customer_9313,Oromia,Ordinary Saving Account,6444.14,492,85508.76,0.999999730748112
CIF01003820,Customer_3821,Oromia,Ahati Saving Account,34566.76,1871,85485.28,0.9999999835137223
CIF01007215,Customer_7216,Oromia,Blatena Saving Account,1235.9,756,85472.21,0.9999969236207308
CIF01000371,Customer_372,Amhara,Blatena Saving Account,61271.91,796,85428.125,0.9999999145179672
CIF01003224,Customer_3225,Addis Ababa,Couples Saving Deposit,17565.66,899,85417.27,0.9999999276104311
CIF01001584,Customer_1585,Addis Ababa,Agape Saving Account,990.6,470,85416.14,0.99999795916524
CIF01000549,Customer_550,Oromia,Blatena Saving Account,27032.04,719,85364.5,0.9999999668272528
CIF01009647,Customer_9648,Addis Ababa,Tirufat Savings Account,5236.32,1291,85351.45,0.9999992327977985
CIF01007996,Customer_7997,Amhara,Abew Saving Account,82657.13,402,85336.16,0.9999982191203335
CIF01001107,Customer_1108,Somali,Blatena Saving Account,31064.38,1175,85313.08,0.9999998237651868
CIF01002256,Customer_2257,SNNPR,Blatena Saving Account,49470.74,3624,85310.71,0.9999998197189807
CIF01005175,Customer_5176,Oromia,Ordinary Saving Account,4334.07,558,85300.914,0.9999983607112571
CIF01002390,Customer_2391,Oromia,Ordinary Saving Account,105231.41,1562,85270.71,0.9999999946280689
CIF01009337,Customer_9338,Benishangul-Gumuz,Ordinary Saving Account,84473.77,2909,85224.93,0.9999999635842007
CIF01007728,Customer_7729,Harari,Ordinary Saving Account,28290.32,1420,85215.164,0.9999999574370524
CIF01008775,Customer_8776,Addis Ababa,Ahadu Bereket Saving Account,102163.5,1751,85188.12,0.9999997908213056
CIF01001220,Customer_1221,Dire Dawa,Special Saving Account,1103.06,619,85181.57,0.9999973546649771
CIF01007811,Customer_7812,Dire Dawa,Ordinary Saving Account,91468.05,1118,85113.92,0.9999999133041682
CIF01009019,Customer_9020,Tigray,Ahati Saving Account,63027.8,600,85113.63,0.9999987260036859
CIF01000005,Customer_6,Addis Ababa,Ordinary Saving Account,35934.38,2167,85043.03,0.9999999907439993
CIF01006710,Customer_6711,Oromia,Ordinary Saving Account,6645.18,427,85032.805,0.9999992411111412
CIF01008522,Customer_8523,Amhara,Equb Saving Account,47601.19,1466,84990.26,0.9999998825483962
CIF01009774,Customer_9775,Addis Ababa,Abew Saving Account,11337.42,1219,84929.66,0.9999998784825618
CIF01000095,Customer_96,Tigray,Ordinary Saving Account,117580.92,1042,84896.61,0.999999591666086
CIF01004120,Customer_4121,Tigray,Agape Saving Account,19479.27,1516,84875.7,0.9999995975809993
CIF01001450,Customer_1451,SNNPR,Prime Customer Deposit Account,84030.67,1350,84865.7,0.9999998547988291
CIF01007227,Customer_7228,Harari,Dekemezmur Saving Account,5111.78,527,84864.83,0.999999148568423
CIF01005078,Customer_5079,Amhara,Special Saving Account,84767.38,1734,84859.61,0.9999999644052825
CIF01004350,Customer_4351,Addis Ababa,Abew Saving Account,78041.53,2845,84842.914,0.9999999505864767
CIF01007705,Customer_7706,Tigray,Ahati Saving Account,105452.58,3541,84834.53,0.999999906542464
CIF01006368,Customer_6369,Oromia,Janderebaw Saving Account,65960.79,2420,84831.87,0.9999999619976291
CIF01002724,Customer_2725,Oromia,Ordinary Saving Account,10119.38,952,84822.85,0.999999599198247
CIF01003739,Customer_3740,Oromia,Ahati Saving Account,5717.03,1021,84819.586,0.9999998363103711
CIF01004164,Customer_4165,Amhara,Prime Customer Deposit Account,118707.85,1813,84814.27,0.9999999544034252
CIF01004784,Customer_4785,Amhara,Ahadu Bereket Saving Account,61332.88,643,84799.516,0.9999960760436781
CIF01005909,Customer_5910,Addis Ababa,Ordinary Saving Account,2150.76,750,84746.86,0.9999891821204655
CIF01008756,Customer_8757,SNNPR,Special Saving Account,118967.19,919,84715.37,0.9999998461253733
CIF01000640,Customer_641,Sidama,Prime Customer Deposit Account,53475.74,1891,84698.65,0.9999999887189724
CIF01004103,Customer_4104,SNNPR,Special Saving Account,3840.27,459,84676.32,0.9999898879514865
CIF01007080,Customer_7081,Addis Ababa,Abew Saving Account,51034.04,1734,84674.03,0.9999999076892184
CIF01000334,Customer_335,Tigray,Janderebaw Saving Account,56720.82,2990,84659.875,0.9999998701412354
CIF01002072,Customer_2073,Amhara,Prime Customer Deposit Account,96477.13,1959,84637.375,0.99999994755088
CIF01004078,Customer_4079,Addis Ababa,Ordinary Saving Account,17881.52,745,84616.766,0.9999990780895175
CIF01000101,Customer_102,SNNPR,Ahati Saving Account,8906.33,1157,84587.35,0.9999998789094997
CIF01000503,Customer_504,Oromia,Equb Saving Account,1619.71,617,84528.42,0.9999970826255992
CIF01008136,Customer_8137,Addis Ababa,Ordinary Saving Account,50453.58,1752,84472.52,0.999999964320199
CIF01000060,Customer_61,Oromia,Ordinary Saving Account,89612.73,4233,84468.414,0.9999999257909034
CIF01009965,Customer_9966,Addis Ababa,Ordinary Saving Account,17152.21,1206,84450.83,0.9999999129945409
CIF01002134,Customer_2135,Amhara,Asrat Bekurat Saving Account,44141.78,1402,84445.62,0.9999999221419315
CIF01006731,Customer_6732,Oromia,Ordinary Saving Account,20643.82,1234,84394.17,0.9999996768895179
CIF01005534,Customer_5535,Benishangul-Gumuz,Special Saving Account,104171.55,651,84375.15,0.9999994663090489
CIF01008776,Customer_8777,Amhara,Ahati Saving Account,37015.34,2146,84373.695,0.9999999912459351
CIF01002427,Customer_2428,Amhara,Equb Saving Account,113670.97,892,84323.6,0.9999998072201249
CIF01004733,Customer_4734,Sidama,Tirufat Savings Account,19877.61,2290,84300.57,0.9999995104381606
CIF01005414,Customer_5415,Amhara,Ordinary Saving Account,80822.02,1382,84269.32,0.9999998687845347
CIF01003663,Customer_3664,Amhara,Hiruyan Saving Account,113568.92,989,84254.016,0.9999999212618729
CIF01007106,Customer_7107,Oromia,Equb Saving Account,77311.88,1594,84237.61,0.9999999243349733
CIF01005218,Customer_5219,Amhara,Ahati Saving Account,97609.51,739,84219.72,0.9999985749940596
CIF01005895,Customer_5896,Addis Ababa,Special Saving Account,32816.93,919,84210.06,0.9999998704161325
CIF01009150,Customer_9151,Amhara,Special Saving Account,59046.35,3249,84199.91,0.9999999499389992
CIF01001667,Customer_1668,Addis Ababa,Ordinary Saving Account,25097.36,1653,84169.73,0.9999999264516474
CIF01005337,Customer_5338,Oromia,Tirufat Savings Account,36720.83,1909,84157.266,0.9999999728409074
CIF01004844,Customer_4845,SNNPR,Dekemezmur Saving Account,4246.47,612,84122.16,0.9999935785837811
CIF01005502,Customer_5503,Addis Ababa,Blatena Saving Account,23119.49,1287,84116.664,0.9999998259192399
CIF01006857,Customer_6858,Oromia,Ordinary Saving Account,86633.0,448,84111.586,0.9999981747980693
CIF01002458,Customer_2459,Dire Dawa,Special Saving Account,32431.08,849,84063.836,0.9999999790882181
CIF01007780,Customer_7781,Dire Dawa,Asrat Bekurat Saving Account,36125.46,1936,84059.98,0.9999999506551069
CIF01003717,Customer_3718,Addis Ababa,Abew Saving Account,63775.82,1124,84057.51,0.9999999371465824
CIF01000694,Customer_695,Addis Ababa,Janderebaw Saving Account,5962.45,1199,84001.49,0.999999884324498
CIF01003410,Customer_3411,Addis Ababa,Special Saving Account,24776.25,2488,83997.586,0.9999999379247103
CIF01008210,Customer_8211,Gambela,Blatena Saving Account,47690.36,2269,83964.016,0.9999999771086775
CIF01000017,Customer_18,Harari,Dekemezmur Saving Account,72198.37,1916,83953.69,0.9999999867009812
CIF01009905,Customer_9906,Tigray,Couples Saving Deposit,22000.78,1733,83932.11,0.9999997798840106
CIF01007418,Customer_7419,Amhara,Ordinary Saving Account,5154.13,1010,83923.945,0.999999889949914
CIF01003047,Customer_3048,Addis Ababa,Dekemezmur Saving Account,13373.19,1164,83866.44,0.9999998811784511
CIF01007775,Customer_7776,Sidama,Dekemezmur Saving Account,5069.61,500,83834.37,0.9999995530717433
CIF01006569,Customer_6570,Oromia,Abew Saving Account,44830.18,2351,83820.06,0.9999999476099469
CIF01005382,Customer_5383,Addis Ababa,Special Saving Account,71528.42,3418,83785.9,0.9999999693097243
CIF01009483,Customer_9484,Tigray,Washera Saving Account,71928.69,2777,83774.836,0.9999998964210487
CIF01009996,Customer_9997,Addis Ababa,Prime Customer Deposit Account,70461.56,4738,83773.516,0.9999998657105935
CIF01004851,Customer_4852,SNNPR,Asrat Bekurat Saving Account,35547.81,747,83772.33,0.9999967247047787
CIF01003192,Customer_3193,Addis Ababa,Janderebaw Saving Account,25923.8,1143,83740.375,0.9999999286059804
CIF01002145,Customer_2146,Addis Ababa,Ordinary Saving Account,18787.98,375,83727.375,0.9999996728742189
CIF01006784,Customer_6785,Gambela,Special Saving Account,3237.28,1052,83721.945,0.9999997117028073
CIF01001615,Customer_1616,Addis Ababa,Sitota Saving Deposit,98693.85,539,83711.55,0.9999997967836207
CIF01003716,Customer_3717,Addis Ababa,Special Saving Account,102040.74,1286,83703.69,0.9999996383625396
CIF01002401,Customer_2402,Sidama,Ahati Saving Account,1478.71,1085,83616.05,0.9999996792175837
CIF01008454,Customer_8455,SNNPR,Blatena Saving Account,31143.98,815,83585.14,0.9999998520288623
CIF01006378,Customer_6379,Addis Ababa,Blatena Saving Account,4258.54,559,83573.92,0.999999287554336
CIF01003249,Customer_3250,Addis Ababa,Equb Saving Account,65646.48,3703,83569.555,0.9999999466079179
CIF01000242,Customer_243,SNNPR,Janderebaw Saving Account,25857.45,1182,83564.555,0.9999998733869233
CIF01001515,Customer_1516,Afar,Ordinary Saving Account,95374.51,3401,83550.27,0.9999999238071919
CIF01004196,Customer_4197,SNNPR,Special Saving Account,46432.31,1640,83477.47,0.9999998688216839
CIF01008653,Customer_8654,Addis Ababa,Asrat Bekurat Saving Account,5791.84,634,83445.95,0.9999992245821985
CIF01005876,Customer_5877,Oromia,Ahati Saving Account,10202.99,1182,83420.266,0.9999998869214516
CIF01003973,Customer_3974,Oromia,Werazut Saving Account,67640.49,3978,83414.59,0.9999999898804123
CIF01009768,Customer_9769,Sidama,Blatena Saving Account,76961.45,4316,83404.79,0.9999998817426459
CIF01008587,Customer_8588,Amhara,Blatena Saving Account,17763.69,651,83383.83,0.9999980467942172
CIF01005364,Customer_5365,Addis Ababa,Ordinary Saving Account,2592.62,1156,83382.02,0.9999993777287948
CIF01001423,Customer_1424,Sidama,Asrat Bekurat Saving Account,57965.01,1135,83380.41,0.9999999026240477
CIF01004265,Customer_4266,Addis Ababa,Dekemezmur Saving Account,36775.82,1313,83363.79,0.9999999828237364
CIF01008034,Customer_8035,Benishangul-Gumuz,Ordinary Saving Account,62892.22,1522,83351.305,0.9999999809686136
CIF01007105,Customer_7106,Afar,Janderebaw Saving Account,27451.98,1647,83348.14,0.9999998374015255
CIF01004220,Customer_4221,Oromia,Ahati Saving Account,109653.26,748,83339.83,0.999996569936772
CIF01008003,Customer_8004,Addis Ababa,Abew Saving Account,49048.58,1978,83336.09,0.9999999192305266
CIF01004803,Customer_4804,Addis Ababa,Ahati Saving Account,587.17,654,83333.69,0.9999984623343968
CIF01006991,Customer_6992,Amhara,Ahadu Bereket Saving Account,39103.2,1773,83296.86,0.9999999314980463
CIF01007633,Customer_7634,Oromia,Prime Customer Deposit Account,47369.88,3124,83275.17,0.9999999510897732
CIF01007206,Customer_7207,Harari,Werazut Saving Account,95472.38,1751,83219.09,0.9999999852138539
CIF01002691,Customer_2692,Oromia,Ordinary Saving Account,34856.88,1696,83194.59,0.9999998617683077
CIF01004770,Customer_4771,SNNPR,Special Saving Account,1032.19,440,83192.27,0.999993273329752
CIF01008605,Customer_8606,Oromia,Ahati Saving Account,1338.4,957,83145.14,0.9999996904718252
CIF01008712,Customer_8713,Addis Ababa,Ordinary Saving Account,5720.0,891,83144.516,0.9999998801545639
CIF01003130,Customer_3131,Tigray,Werazut Saving Account,4268.25,1387,83140.27,0.9999996611168769
CIF01008618,Customer_8619,Oromia,Werazut Saving Account,27048.45,1338,83092.77,0.9999998911373592
CIF01000583,Customer_584,Oromia,Asrat Bekurat Saving Account,59033.91,944,83092.09,0.9999999197194771
CIF01006382,Customer_6383,Dire Dawa,Werazut Saving Account,5005.16,619,83080.15,0.9999993816831376
CIF01007555,Customer_7556,Gambela,Abew Saving Account,2312.52,1449,83049.06,0.9999998380160431
CIF01003304,Customer_3305,Sidama,Ordinary Saving Account,92009.82,498,83047.73,0.9999955708893441
CIF01001432,Customer_1433,SNNPR,Dekemezmur Saving Account,28704.32,901,83042.03,0.9999998534792996
CIF01006964,Customer_6965,Addis Ababa,Ordinary Saving Account,107977.52,2974,83034.03,0.9999999536701495
CIF01009758,Customer_9759,Benishangul-Gumuz,Ordinary Saving Account,6240.6,641,83020.39,0.9999968577404428
CIF01002254,Customer_2255,Addis Ababa,Dekemezmur Saving Account,36266.99,795,83016.164,0.999999980762632
CIF01000742,Customer_743,Somali,Sitota Saving Deposit,5857.69,1247,82990.07,0.9999998399833337
CIF01006876,Customer_6877,Addis Ababa,Washera Saving Account,99745.67,1481,82926.766,0.999999838210057
CIF01002041,Customer_2042,Addis Ababa,Ahadu Bereket Saving Account,61399.96,498,82874.45,0.9999958511575112
CIF01007492,Customer_7493,SNNPR,Werazut Saving Account,29042.89,2317,82797.14,0.9999999890492125
CIF01006738,Customer_6739,Oromia,Agape Saving Account,92756.82,1788,82765.984,0.9999999727886343
CIF01008916,Customer_8917,Amhara,Janderebaw Saving Account,35189.2,1680,82741.33,0.9999999864509193
CIF01002137,Customer_2138,Amhara,Dekemezmur Saving Account,70974.96,2013,82701.33,0.9999999523484233
CIF01006493,Customer_6494,Amhara,Blatena Saving Account,57376.4,1187,82625.984,0.9999999513102923
CIF01005336,Customer_5337,Oromia,Tirufat Savings Account,110281.59,1923,82622.305,0.9999997784679451
CIF01002339,Customer_2340,Amhara,Special Saving Account,73677.37,3972,82617.41,0.999999993883371
CIF01008828,Customer_8829,Harari,Ordinary Saving Account,96713.45,4588,82613.28,0.9999999785029825
CIF01009850,Customer_9851,Gambela,Ordinary Saving Account,132587.66,3260,82609.42,0.9999999829180332
CIF01009256,Customer_9257,Amhara,Ahati Saving Account,45486.35,2045,82591.89,0.9999999601790934
CIF01009813,Customer_9814,Benishangul-Gumuz,Ahati Saving Account,32579.98,1114,82565.484,0.9999999782616287
CIF01008902,Customer_8903,Addis Ababa,Ordinary Saving Account,72445.45,1389,82564.71,0.9999998627975473
CIF01007389,Customer_7390,SNNPR,Blatena Saving Account,60905.26,2913,82552.76,0.9999999338454771
CIF01007040,Customer_7041,SNNPR,Prime Customer Deposit Account,30737.51,583,82542.766,0.999996937075751
CIF01003980,Customer_3981,Tigray,Ordinary Saving Account,30424.17,1390,82535.84,0.999999895155072
CIF01005358,Customer_5359,Sidama,Couples Saving Deposit,93848.43,1604,82525.48,0.999999836424322
CIF01004255,Customer_4256,Sidama,Ordinary Saving Account,45064.74,2162,82514.414,0.9999998730261678
CIF01002227,Customer_2228,Amhara,Special Saving Account,1966.92,502,82497.74,0.9999960673248222
CIF01005138,Customer_5139,Oromia,Blatena Saving Account,60418.04,3110,82493.9,0.9999999322455394
CIF01001664,Customer_1665,Oromia,Ordinary Saving Account,21313.69,2293,82473.74,0.999999682258878
CIF01000367,Customer_368,SNNPR,Ahati Saving Account,96322.67,2244,82412.38,0.9999997595940818
CIF01003263,Customer_3264,Gambela,Ordinary Saving Account,118284.66,2570,82410.72,0.9999999349503221
CIF01003449,Customer_3450,Amhara,Ordinary Saving Account,1774.82,1437,82407.93,0.9999994875481596
CIF01004570,Customer_4571,Addis Ababa,Ordinary Saving Account,93291.47,782,82367.586,0.9999999726348462
CIF01003352,Customer_3353,Oromia,Special Saving Account,98316.46,1999,82318.83,0.9999998980245755
CIF01007536,Customer_7537,Sidama,Special Saving Account,20803.45,1081,82315.29,0.999999841266961
CIF01002707,Customer_2708,Oromia,Blatena Saving Account,102970.29,3296,82230.39,0.9999998365844222
CIF01009166,Customer_9167,Addis Ababa,Dekemezmur Saving Account,15893.02,1636,82095.086,0.9999999469443795
CIF01000208,Customer_209,Tigray,Werazut Saving Account,28384.88,1225,82036.37,0.9999999086355221
CIF01003691,Customer_3692,SNNPR,Special Saving Account,19770.19,909,82033.734,0.9999997260559093
CIF01009866,Customer_9867,Oromia,Blatena Saving Account,104450.01,1933,82025.26,0.9999999880580689
CIF01003600,Customer_3601,Addis Ababa,Tirufat Savings Account,18738.95,1397,82001.09,0.9999998124098693
CIF01008177,Customer_8178,Oromia,Dekemezmur Saving Account,12760.17,1074,81922.6,0.9999996486284164
CIF01004640,Customer_4641,Dire Dawa,Ordinary Saving Account,75815.99,4589,81908.16,0.9999999495293727
CIF01003752,Customer_3753,Harari,Special Saving Account,91001.86,1200,81886.28,0.9999998512763165
CIF01001398,Customer_1399,Tigray,Abew Saving Account,83446.24,581,81851.81,0.999988900713468
CIF01004137,Customer_4138,Oromia,Werazut Saving Account,47684.9,3378,81729.77,0.9999998038952365
CIF01002039,Customer_2040,Amhara,Ordinary Saving Account,10879.42,1041,81727.76,0.9999997052897154
CIF01001983,Customer_1984,Oromia,Ordinary Saving Account,74277.59,4699,81720.89,0.9999999779230562
CIF01005284,Customer_5285,Tigray,Abew Saving Account,94400.49,1464,81694.97,0.9999997228815762
CIF01006423,Customer_6424,Addis Ababa,Ordinary Saving Account,14220.44,1190,81671.47,0.9999999003572718
CIF01004380,Customer_4381,Dire Dawa,Prime Customer Deposit Account,4437.47,1321,81658.21,0.9999997472850658
CIF01009087,Customer_9088,Addis Ababa,Blatena Saving Account,32786.56,1246,81649.77,0.9999999754077008
CIF01008638,Customer_8639,Oromia,Ordinary Saving Account,12007.97,759,81602.3,0.9999916807255353
CIF01002994,Customer_2995,Afar,Ordinary Saving Account,90578.39,1003,81587.195,0.9999999548181966
CIF01000030,Customer_31,Oromia,Ordinary Saving Account,9585.81,1636,81522.77,0.9999997547240831
CIF01003525,Customer_3526,Dire Dawa,Ordinary Saving Account,46015.5,2815,81521.445,0.9999999367889436
CIF01003640,Customer_3641,Dire Dawa,Ordinary Saving Account,2746.72,727,81520.875,0.9999994646108297
CIF01006446,Customer_6447,Addis Ababa,Ordinary Saving Account,2574.06,1392,81481.83,0.9999997654397736
CIF01008686,Customer_8687,Gambela,Agape Saving Account,75503.95,2454,81449.71,0.9999999818137356
CIF01004846,Customer_4847,Oromia,Ordinary Saving Account,10313.42,621,81446.99,0.9999914786980737
CIF01002116,Customer_2117,Amhara,Blatena Saving Account,62140.97,1259,81423.695,0.9999999714177336
CIF01005313,Customer_5314,SNNPR,Hiruyan Saving Account,40349.17,1664,81364.766,0.9999997842392955
CIF01002999,Customer_3000,Oromia,Ordinary Saving Account,30615.99,1895,81337.32,0.9999999722938974
CIF01002491,Customer_2492,Oromia,Washera Saving Account,107284.38,3663,81326.72,0.9999999769691067
CIF01009851,Customer_9852,Tigray,Abew Saving Account,67131.57,465,81323.76,0.9999966753578801
CIF01008809,Customer_8810,SNNPR,Abew Saving Account,31101.15,420,81319.41,0.9999965256832061
CIF01005902,Customer_5903,Oromia,Ordinary Saving Account,19846.65,1662,81298.02,0.9999999043835848
CIF01002064,Customer_2065,Addis Ababa,Prime Customer Deposit Account,43782.67,498,81291.75,0.9999995641404459
CIF01004686,Customer_4687,Tigray,Hiruyan Saving Account,7946.44,887,81263.46,0.9999996016905334
CIF01006019,Customer_6020,Amhara,Agape Saving Account,70468.88,964,81255.57,0.999999797523809
CIF01002714,Customer_2715,Addis Ababa,Blatena Saving Account,99100.7,1499,81255.16,0.9999999115599769
CIF01001315,Customer_1316,SNNPR,Ordinary Saving Account,1600.57,686,81249.99,0.9999979797411114
CIF01001743,Customer_1744,Tigray,Ordinary Saving Account,43721.12,476,81202.02,0.9999954473141267
CIF01002314,Customer_2315,Dire Dawa,Ordinary Saving Account,65596.23,2195,81194.555,0.9999999873160418
CIF01005499,Customer_5500,SNNPR,Ordinary Saving Account,92094.39,4619,81190.85,0.9999999422109964
CIF01005395,Customer_5396,Addis Ababa,Ahadu Bereket Saving Account,10382.99,381,81180.84,0.9999987035313522
CIF01000894,Customer_895,Addis Ababa,Ahati Saving Account,1566.45,1072,81176.07,0.9999998881822679
CIF01000442,Customer_443,Tigray,Equb Saving Account,7192.85,1394,81173.43,0.9999998799357575
CIF01002768,Customer_2769,Oromia,Dekemezmur Saving Account,689.84,856,81169.53,0.9999998217527484
CIF01009379,Customer_9380,Amhara,Special Saving Account,19072.02,526,81167.05,0.9999990622749253
CIF01000871,Customer_872,Benishangul-Gumuz,Special Saving Account,65022.06,4036,81165.82,0.9999998742210676
CIF01001736,Customer_1737,Oromia,Ahati Saving Account,31092.29,1644,81113.66,0.9999997876181497
CIF01007680,Customer_7681,Dire Dawa,Prime Customer Deposit Account,1573.06,1043,81077.1,0.999999764854208
CIF01001678,Customer_1679,Addis Ababa,Ordinary Saving Account,56620.24,844,81069.33,0.9999999394369096
CIF01009784,Customer_9785,Oromia,Special Saving Account,13232.57,1088,81066.84,0.999999778919034
CIF01003956,Customer_3957,Somali,Werazut Saving Account,104718.72,759,81052.85,0.9999934705550932
CIF01007108,Customer_7109,Addis Ababa,Blatena Saving Account,10698.24,1482,81001.24,0.9999998387195685
CIF01007767,Customer_7768,Addis Ababa,Special Saving Account,12501.28,926,80963.55,0.9999995751689796
CIF01007673,Customer_7674,Oromia,Agape Saving Account,19729.0,843,80953.34,0.9999998465631761
CIF01003087,Customer_3088,Amhara,Blatena Saving Account,99304.67,5167,80942.26,0.9999999855486534
CIF01007124,Customer_7125,Amhara,Ordinary Saving Account,3001.02,829,80919.484,0.999999747041665
CIF01004807,Customer_4808,SNNPR,Ordinary Saving Account,2547.23,1061,80862.32,0.9999994583128812
CIF01005932,Customer_5933,Oromia,Special Saving Account,29130.74,823,80857.77,0.9999999601612843
CIF01004562,Customer_4563,Amhara,Ordinary Saving Account,26878.61,978,80841.664,0.9999998362766535
CIF01000161,Customer_162,Addis Ababa,Ordinary Saving Account,34512.74,2119,80838.0,0.9999999779168438
CIF01004861,Customer_4862,Amhara,Ordinary Saving Account,58108.05,3001,80796.22,0.9999999381211719
CIF01002593,Customer_2594,SNNPR,Blatena Saving Account,103975.53,1071,80788.125,0.9999999029811119
CIF01007866,Customer_7867,Addis Ababa,Hiruyan Saving Account,105137.08,1776,80781.17,0.9999996234587128
CIF01003472,Customer_3473,Addis Ababa,Blatena Saving Account,21846.85,2491,80775.34,0.9999999601839067
CIF01006136,Customer_6137,Addis Ababa,Janderebaw Saving Account,18163.29,1303,80764.32,0.9999998440073549
CIF01000296,Customer_297,Oromia,Ahati Saving Account,38453.77,2630,80762.305,0.999999738056986
CIF01003217,Customer_3218,Addis Ababa,Ordinary Saving Account,96118.88,3832,80740.55,0.9999999788511231
CIF01001510,Customer_1511,Addis Ababa,Equb Saving Account,89889.31,1874,80715.88,0.9999999790821414
CIF01008390,Customer_8391,Addis Ababa,Hiruyan Saving Account,62058.0,1263,80701.68,0.9999999085654626
CIF01002614,Customer_2615,Addis Ababa,Ordinary Saving Account,35240.84,654,80638.97,0.999999797400231
CIF01001870,Customer_1871,Addis Ababa,Special Saving Account,30822.09,797,80637.914,0.9999997655506733
CIF01003239,Customer_3240,Addis Ababa,Ordinary Saving Account,59749.49,1240,80630.7,0.999999958594142
CIF01000737,Customer_738,Oromia,Blatena Saving Account,43774.12,838,80616.12,0.999999671123531
CIF01009593,Customer_9594,Tigray,Ordinary Saving Account,64131.12,4225,80612.695,0.9999999026924332
CIF01000690,Customer_691,Oromia,Special Saving Account,32332.45,404,80561.71,0.9999998263564114
CIF01001264,Customer_1265,Tigray,Ordinary Saving Account,85862.27,867,80537.07,0.9999996707322544
CIF01002068,Customer_2069,SNNPR,Washera Saving Account,36178.17,381,80527.64,0.9999960852976532
CIF01004394,Customer_4395,Addis Ababa,Washera Saving Account,102820.63,514,80432.836,0.9999988901415512
CIF01004544,Customer_4545,Addis Ababa,Abew Saving Account,5147.63,1177,80412.7,0.9999997700317254
CIF01008553,Customer_8554,Addis Ababa,Agape Saving Account,1462.22,979,80405.93,0.9999998128423144
CIF01003871,Customer_3872,Addis Ababa,Ordinary Saving Account,1434.78,677,80401.73,0.9999968519087648
CIF01005057,Customer_5058,Addis Ababa,Ordinary Saving Account,2032.42,389,80394.266,0.9999989173051115
CIF01002222,Customer_2223,SNNPR,Ahati Saving Account,40435.99,672,80385.39,0.9999962196278898
CIF01004022,Customer_4023,Addis Ababa,Ordinary Saving Account,80109.56,2409,80361.93,0.9999999453706317
CIF01001749,Customer_1750,Oromia,Hiruyan Saving Account,86721.74,4036,80360.35,0.9999999233327336
CIF01000846,Customer_847,Oromia,Ordinary Saving Account,24359.66,2551,80331.02,0.9999998641608205
CIF01004889,Customer_4890,SNNPR,Ordinary Saving Account,53376.96,1190,80329.586,0.9999999243087256
CIF01000423,Customer_424,Amhara,Ordinary Saving Account,16578.15,2517,80318.76,0.9999998438249567
CIF01002133,Customer_2134,Benishangul-Gumuz,Werazut Saving Account,2654.44,1124,80318.57,0.999999867761203
CIF01009084,Customer_9085,Gambela,Special Saving Account,4229.4,1284,80307.15,0.99999933912906
CIF01006906,Customer_6907,Tigray,Asrat Bekurat Saving Account,3180.83,403,80295.69,0.9999964335717809
CIF01005170,Customer_5171,Tigray,Equb Saving Account,22627.52,1729,80282.27,0.999999904132049
CIF01004159,Customer_4160,Amhara,Ordinary Saving Account,10196.27,2114,80247.07,0.99999951126977
CIF01009757,Customer_9758,Afar,Ordinary Saving Account,60305.9,2161,80223.555,0.999999968595548
CIF01005736,Customer_5737,Amhara,Agape Saving Account,108747.38,1038,80197.56,0.9999999351112754
CIF01009930,Customer_9931,Oromia,Ordinary Saving Account,18520.8,1195,80179.78,0.9999994774449923
CIF01000145,Customer_146,SNNPR,Ordinary Saving Account,2254.79,955,80150.836,0.9999989590311471
CIF01006249,Customer_6250,Amhara,Dekemezmur Saving Account,7938.8,847,80146.44,0.9999997897884287
CIF01006288,Customer_6289,Sidama,Special Saving Account,8523.42,693,80143.5,0.9999963523598288
CIF01002179,Customer_2180,Addis Ababa,Werazut Saving Account,41825.15,1638,80140.64,0.9999998734702751
CIF01002429,Customer_2430,Oromia,Hiruyan Saving Account,21681.01,424,80111.11,0.9999958398948836
CIF01003991,Customer_3992,Sidama,Werazut Saving Account,8786.71,565,80101.46,0.9999975186908264
CIF01009490,Customer_9491,Oromia,Janderebaw Saving Account,32129.38,1171,80078.32,0.9999999098944762
CIF01003610,Customer_3611,Gambela,Werazut Saving Account,17341.55,924,80042.27,0.9999998569611923
CIF01004985,Customer_4986,Oromia,Ordinary Saving Account,4662.26,1564,80037.18,0.999999678355241
CIF01005529,Customer_5530,Tigray,Special Saving Account,79829.55,634,80036.586,0.999994242061146
CIF01001739,Customer_1740,Tigray,Dekemezmur Saving Account,111336.48,2180,80031.28,0.9999998886787538
CIF01004558,Customer_4559,Addis Ababa,Ordinary Saving Account,39897.86,1912,80022.67,0.9999999482358408
CIF01003274,Customer_3275,Tigray,Ordinary Saving Account,7613.11,605,79999.06,0.9999936516411322
CIF01000958,Customer_959,SNNPR,Asrat Bekurat Saving Account,117513.06,588,79976.734,0.9999916622287555
CIF01009727,Customer_9728,Amhara,Asrat Bekurat Saving Account,81074.19,1763,79969.23,0.99999997072334
CIF01000521,Customer_522,Addis Ababa,Hiruyan Saving Account,29056.54,741,79955.914,0.999998373810768
CIF01002132,Customer_2133,Sidama,Hiruyan Saving Account,64222.33,3704,79951.195,0.9999999482933835
CIF01001556,Customer_1557,Harari,Special Saving Account,13695.88,1571,79946.96,0.9999997021391046
CIF01002881,Customer_2882,Oromia,Sitota Saving Deposit,70875.82,1084,79922.766,0.9999998748181363
CIF01005716,Customer_5717,Tigray,Janderebaw Saving Account,5745.29,419,79921.3,0.9999990470583954
CIF01001328,Customer_1329,Dire Dawa,Tirufat Savings Account,113353.91,1000,79865.14,0.9999999144055622
CIF01000350,Customer_351,Oromia,Ordinary Saving Account,54950.0,445,79841.77,0.9999990126757676
CIF01009594,Customer_9595,Amhara,Washera Saving Account,75106.45,1297,79836.72,0.9999999772582228
CIF01000946,Customer_947,Addis Ababa,Ordinary Saving Account,95497.2,651,79830.93,0.9999982576400677
CIF01007005,Customer_7006,SNNPR,Abew Saving Account,80504.38,1452,79801.86,0.9999993636246938
CIF01009271,Customer_9272,Addis Ababa,Abew Saving Account,57311.43,1336,79790.164,0.9999999247384771
CIF01009448,Customer_9449,SNNPR,Ahati Saving Account,119744.29,443,79765.27,0.9999969134333281
CIF01009151,Customer_9152,Amhara,Agape Saving Account,6021.31,1435,79749.92,0.999999792343345
CIF01005155,Customer_5156,Harari,Special Saving Account,15197.87,1710,79723.63,0.9999994717475585
CIF01007232,Customer_7233,Addis Ababa,Sitota Saving Deposit,1734.03,1009,79691.55,0.9999993868876298
CIF01001832,Customer_1833,Oromia,Werazut Saving Account,16650.34,2149,79676.625,0.9999995109968633
CIF01004400,Customer_4401,Amhara,Ordinary Saving Account,29188.78,3378,79675.84,0.9999998269538868
CIF01003863,Customer_3864,Addis Ababa,Special Saving Account,58798.85,2021,79664.98,0.9999999110086532
CIF01000449,Customer_450,SNNPR,Tirufat Savings Account,40089.44,3050,79639.164,0.9999998545453169
CIF01005434,Customer_5435,Amhara,Hiruyan Saving Account,65128.2,2586,79635.36,0.9999999121034329
CIF01003426,Customer_3427,Addis Ababa,Ordinary Saving Account,57723.49,1857,79628.43,0.9999999495920727
CIF01001125,Customer_1126,Amhara,Ordinary Saving Account,91819.17,541,79602.45,0.9999983069587721
CIF01004594,Customer_4595,Oromia,Ahadu Bereket Saving Account,80806.92,4571,79591.29,0.9999998446229695
CIF01003157,Customer_3158,SNNPR,Ordinary Saving Account,63400.0,418,79567.07,0.9999949647327092
CIF01006274,Customer_6275,Oromia,Ordinary Saving Account,17221.33,619,79558.33,0.9999996265407385
CIF01006596,Customer_6597,Somali,Blatena Saving Account,90232.86,890,79546.89,0.9999997434021842
CIF01008081,Customer_8082,SNNPR,Werazut Saving Account,65020.81,3129,79542.16,0.9999999078925847
CIF01001117,Customer_1118,Afar,Tirufat Savings Account,1616.69,1059,79463.37,0.9999986376650777
CIF01000848,Customer_849,Oromia,Washera Saving Account,110607.56,1603,79454.95,0.9999999528208812
CIF01005490,Customer_5491,Oromia,Ordinary Saving Account,47671.57,435,79413.625,0.9999997017736312
CIF01004987,Customer_4988,Sidama,Ordinary Saving Account,83956.21,848,79408.97,0.9999994052365082
CIF01001859,Customer_1860,SNNPR,Werazut Saving Account,37864.6,2314,79368.38,0.9999999080810491
CIF01006827,Customer_6828,Addis Ababa,Abew Saving Account,48447.14,1516,79366.22,0.9999997984821865
CIF01003708,Customer_3709,Oromia,Ordinary Saving Account,30201.78,755,79365.6,0.9999986471738616
CIF01004000,Customer_4001,Oromia,Sitota Saving Deposit,78749.39,2661,79360.98,0.9999999686560793
CIF01007018,Customer_7019,Addis Ababa,Agape Saving Account,60809.08,2367,79344.766,0.9999999558231605
CIF01008227,Customer_8228,Amhara,Ordinary Saving Account,6559.86,1935,79335.555,0.9999999252836895
CIF01008678,Customer_8679,Oromia,Washera Saving Account,84587.5,821,79295.99,0.9999997190069504
CIF01006218,Customer_6219,Amhara,Prime Customer Deposit Account,25595.33,1129,79284.664,0.9999998930712145
CIF01002279,Customer_2280,Oromia,Werazut Saving Account,8775.12,430,79260.984,0.9999991096482612
CIF01005569,Customer_5570,Amhara,Ordinary Saving Account,13856.75,2014,79248.266,0.9999998902076445
CIF01006381,Customer_6382,Addis Ababa,Werazut Saving Account,13395.12,404,79214.8,0.999996283252341
CIF01004176,Customer_4177,Addis Ababa,Dekemezmur Saving Account,81911.07,2345,79177.48,0.9999999464362883
CIF01005329,Customer_5330,Sidama,Special Saving Account,31395.73,2682,79170.2,0.9999998489700289
CIF01002433,Customer_2434,Amhara,Special Saving Account,40228.58,2062,79141.89,0.9999999825373943
CIF01004857,Customer_4858,Addis Ababa,Tirufat Savings Account,15622.47,376,79080.39,0.9999996182884823
CIF01005931,Customer_5932,Amhara,Ordinary Saving Account,1713.11,746,79075.3,0.9999994960572126
CIF01004868,Customer_4869,Addis Ababa,Abew Saving Account,1974.81,855,79056.11,0.9999996999307802
CIF01006335,Customer_6336,Addis Ababa,Ordinary Saving Account,62202.02,954,78968.72,0.9999999433663843
CIF01006135,Customer_6136,Harari,Ordinary Saving Account,112965.1,2635,78963.45,0.9999999903893279
CIF01009553,Customer_9554,Oromia,Ordinary Saving Account,7748.17,636,78956.45,0.9999981846195061
CIF01004826,Customer_4827,Tigray,Couples Saving Deposit,21018.62,1259,78912.516,0.9999997860310765
CIF01005914,Customer_5915,Somali,Ahadu Bereket Saving Account,100176.35,2302,78835.2,0.9999997206265118
CIF01009823,Customer_9824,Oromia,Special Saving Account,4247.38,656,78825.85,0.9999868532592182
CIF01007559,Customer_7560,SNNPR,Blatena Saving Account,37694.41,2942,78800.945,0.9999997962787897
CIF01005791,Customer_5792,SNNPR,Ordinary Saving Account,35698.86,1727,78794.4,0.9999999577909235
CIF01004487,Customer_4488,Sidama,Ahadu Bereket Saving Account,41708.99,2806,78777.07,0.9999999366212569
CIF01001506,Customer_1507,Sidama,Ordinary Saving Account,6562.33,690,78776.484,0.999996872932094
CIF01009715,Customer_9716,Oromia,Dekemezmur Saving Account,14685.87,2481,78760.65,0.9999998392859425
CIF01009583,Customer_9584,Amhara,Special Saving Account,45713.52,679,78717.266,0.9999999005677843
CIF01008153,Customer_8154,Amhara,Dekemezmur Saving Account,12280.6,839,78712.586,0.9999998357075158
CIF01007834,Customer_7835,Tigray,Janderebaw Saving Account,38254.27,2292,78699.664,0.9999999271295248
CIF01005217,Customer_5218,Amhara,Special Saving Account,12127.66,1048,78672.27,0.9999999456601415
CIF01004191,Customer_4192,Somali,Werazut Saving Account,10103.68,689,78651.35,0.9999886526558455
CIF01003490,Customer_3491,SNNPR,Agape Saving Account,33906.6,911,78648.09,0.9999999223121023
CIF01002432,Customer_2433,SNNPR,Ahati Saving Account,3133.1,516,78636.67,0.9999955879814857
CIF01000922,Customer_923,Addis Ababa,Werazut Saving Account,15347.71,912,78623.91,0.9999997879143666
CIF01006851,Customer_6852,Oromia,Blatena Saving Account,21591.04,1216,78602.06,0.9999998410831398
CIF01005152,Customer_5153,Oromia,Ordinary Saving Account,4398.95,909,78544.71,0.9999992057605012
CIF01009871,Customer_9872,Addis Ababa,Agape Saving Account,23342.9,1992,78541.664,0.999999881489657
CIF01007155,Customer_7156,Sidama,Ahadu Bereket Saving Account,670.59,1269,78539.56,0.9999996677727567
CIF01001625,Customer_1626,Oromia,Janderebaw Saving Account,98625.68,1155,78534.88,0.9999998568412979
CIF01007067,Customer_7068,Amhara,Special Saving Account,10590.54,1454,78518.836,0.9999998533344547
CIF01002652,Customer_2653,Addis Ababa,Dekemezmur Saving Account,83621.17,3762,78501.09,0.9999998208588706
CIF01007849,Customer_7850,Oromia,Werazut Saving Account,73039.89,2170,78495.83,0.9999999684652109
CIF01008824,Customer_8825,Addis Ababa,Ahati Saving Account,39668.21,3304,78448.15,0.9999999244618943
CIF01003901,Customer_3902,Harari,Hiruyan Saving Account,15518.6,1796,78445.24,0.9999999439138236
CIF01001502,Customer_1503,Addis Ababa,Abew Saving Account,4408.07,795,78432.625,0.9999996412806175
CIF01000139,Customer_140,Tigray,Ahati Saving Account,66525.51,1827,78392.305,0.9999997194573994
CIF01005486,Customer_5487,Amhara,Tirufat Savings Account,41141.14,968,78382.76,0.9999998282655715
CIF01004440,Customer_4441,Addis Ababa,Ordinary Saving Account,103538.25,4911,78366.695,0.9999999447237022
CIF01008444,Customer_8445,Addis Ababa,Equb Saving Account,84.52,518,78327.03,0.9999936703291711
CIF01001731,Customer_1732,Tigray,Abew Saving Account,28328.44,1601,78323.87,0.9999998738909989
CIF01009030,Customer_9031,Sidama,Abew Saving Account,42294.97,2436,78284.01,0.9999998041482917
CIF01005857,Customer_5858,Somali,Dekemezmur Saving Account,8200.36,768,78276.27,0.9999998080568433
CIF01001816,Customer_1817,Amhara,Washera Saving Account,30926.15,383,78249.08,0.9999971305407445
CIF01002499,Customer_2500,Dire Dawa,Ordinary Saving Account,32966.96,593,78243.0,0.9999967721232301
CIF01007823,Customer_7824,Harari,Ordinary Saving Account,12235.47,1272,78204.016,0.999999895666484
CIF01003143,Customer_3144,Addis Ababa,Ordinary Saving Account,49178.66,1269,78203.31,0.9999999776940776
CIF01000876,Customer_877,Amhara,Werazut Saving Account,16534.62,453,78196.58,0.9999947618685364
CIF01008547,Customer_8548,Addis Ababa,Ordinary Saving Account,102633.56,1504,78193.55,0.9999997886995509
CIF01005609,Customer_5610,Tigray,Ordinary Saving Account,35161.25,1632,78193.08,0.9999999856010804
CIF01002436,Customer_2437,Amhara,Ahati Saving Account,24431.34,506,78175.94,0.9999973223810471
CIF01008400,Customer_8401,Gambela,Agape Saving Account,26639.3,2543,78152.35,0.9999999068894254
CIF01000329,Customer_330,Addis Ababa,Special Saving Account,2118.28,1405,78142.66,0.9999997767707735
CIF01007387,Customer_7388,Amhara,Special Saving Account,14300.38,639,78142.19,0.9999922604064154
CIF01003584,Customer_3585,Oromia,Couples Saving Deposit,25000.85,1232,78134.79,0.9999999430509418
CIF01000901,Customer_902,Addis Ababa,Special Saving Account,83479.06,937,78116.05,0.9999996777546795
CIF01007448,Customer_7449,Addis Ababa,Ahati Saving Account,32510.73,377,78104.6,0.999999748380576
CIF01004439,Customer_4440,Afar,Ahadu Bereket Saving Account,50540.55,2307,78094.36,0.9999997997257838
CIF01006366,Customer_6367,Addis Ababa,Ordinary Saving Account,3688.37,555,78082.04,0.9999961998676266
CIF01006870,Customer_6871,Benishangul-Gumuz,Ordinary Saving Account,76882.68,378,78077.54,0.9999972156743451
CIF01002440,Customer_2441,Amhara,Ahadu Bereket Saving Account,13291.18,1885,78043.37,0.9999997454741494
CIF01001013,Customer_1014,Afar,Ordinary Saving Account,3992.47,1021,78042.0,0.9999996863464653
CIF01005905,Customer_5906,Oromia,Abew Saving Account,2424.84,1093,78035.4,0.9999996023418614
CIF01006122,Customer_6123,Oromia,Ahati Saving Account,61239.82,1443,78028.06,0.9999999091589038
CIF01005130,Customer_5131,Addis Ababa,Special Saving Account,4518.12,466,78016.59,0.9999978628893187
CIF01003095,Customer_3096,Addis Ababa,Ordinary Saving Account,93749.43,1174,77999.586,0.9999996812373392
CIF01003182,Customer_3183,Amhara,Hiruyan Saving Account,7070.25,1031,77989.6,0.9999998363473653
CIF01003720,Customer_3721,SNNPR,Ordinary Saving Account,3747.74,520,77989.4,0.9999943977141441
CIF01005762,Customer_5763,Amhara,Janderebaw Saving Account,12735.41,2497,77989.164,0.999999907863798
CIF01000687,Customer_688,Amhara,Ordinary Saving Account,5036.0,1548,77978.8,0.9999996941622312
CIF01001910,Customer_1911,Oromia,Tirufat Savings Account,19740.51,495,77976.03,0.9999897781815394
CIF01004007,Customer_4008,Addis Ababa,Agape Saving Account,9021.93,388,77967.07,0.9999972739920053
CIF01004299,Customer_4300,Addis Ababa,Prime Customer Deposit Account,41507.99,1106,77955.414,0.999999893668797
CIF01002236,Customer_2237,SNNPR,Asrat Bekurat Saving Account,12486.28,1145,77946.19,0.9999998311267196
CIF01005322,Customer_5323,Addis Ababa,Ahati Saving Account,12154.13,1264,77941.02,0.9999998623779124
CIF01004497,Customer_4498,SNNPR,Dekemezmur Saving Account,34772.69,2983,77940.76,0.9999999332807437
CIF01005746,Customer_5747,SNNPR,Werazut Saving Account,75068.99,2574,77904.22,0.9999997563685218
CIF01005747,Customer_5748,Addis Ababa,Ordinary Saving Account,26816.1,519,77900.04,0.9999997521703522
CIF01008680,Customer_8681,Benishangul-Gumuz,Ordinary Saving Account,9380.35,662,77874.836,0.9999966109399973
CIF01009682,Customer_9683,SNNPR,Couples Saving Deposit,983.44,741,77863.97,0.9999951020423448
CIF01007172,Customer_7173,Addis Ababa,Ordinary Saving Account,27869.38,1124,77841.05,0.999999948772164
CIF01001762,Customer_1763,SNNPR,Ahati Saving Account,39333.15,3026,77809.49,0.9999999446801622
CIF01001002,Customer_1003,Addis Ababa,Ordinary Saving Account,3787.43,744,77800.25,0.9999911902838353
CIF01004593,Customer_4594,Addis Ababa,Werazut Saving Account,10500.14,1181,77798.266,0.999999809358847
CIF01008362,Customer_8363,Afar,Ordinary Saving Account,5912.01,1184,77765.945,0.9999998659868892
CIF01003521,Customer_3522,Tigray,Ordinary Saving Account,50583.2,1357,77749.64,0.9999999366663876
CIF01002374,Customer_2375,Oromia,Agape Saving Account,12243.38,506,77749.42,0.9999953844768221
CIF01006229,Customer_6230,Addis Ababa,Asrat Bekurat Saving Account,33995.11,1517,77746.984,0.9999999570117618
CIF01003486,Customer_3487,Addis Ababa,Werazut Saving Account,85333.57,572,77722.89,0.999995873619625
CIF01006776,Customer_6777,Addis Ababa,Ahati Saving Account,4987.69,569,77720.97,0.9999972993026706
CIF01008233,Customer_8234,Amhara,Ordinary Saving Account,23869.02,1344,77710.77,0.9999999493940094
CIF01005531,Customer_5532,Addis Ababa,Ordinary Saving Account,23641.96,1286,77709.07,0.9999999068703986
CIF01006982,Customer_6983,Addis Ababa,Ordinary Saving Account,5274.22,978,77700.62,0.9999995234795597
CIF01001724,Customer_1725,SNNPR,Couples Saving Deposit,14809.84,725,77683.62,0.9999931712605812
CIF01005973,Customer_5974,Addis Ababa,Blatena Saving Account,64895.86,1817,77661.87,0.999999951775791
CIF01006225,Customer_6226,Tigray,Ordinary Saving Account,48524.79,639,77651.82,0.9999996698269853
CIF01004236,Customer_4237,Tigray,Ahadu Bereket Saving Account,58577.95,3181,77623.88,0.9999999048976452
CIF01004668,Customer_4669,Addis Ababa,Ordinary Saving Account,82766.71,564,77616.18,0.9999969695358764
CIF01004218,Customer_4219,Amhara,Blatena Saving Account,71065.32,2615,77583.445,0.9999999623294807
CIF01003278,Customer_3279,Oromia,Janderebaw Saving Account,4384.95,1698,77571.77,0.9999994596651065
CIF01003131,Customer_3132,Addis Ababa,Sitota Saving Deposit,29833.99,1252,77540.52,0.9999997963289262
CIF01003386,Customer_3387,Oromia,Tirufat Savings Account,11573.2,988,77531.43,0.9999997419844955
CIF01000290,Customer_291,Dire Dawa,Janderebaw Saving Account,67004.55,1774,77530.875,0.9999998821725445
CIF01006695,Customer_6696,Addis Ababa,Ordinary Saving Account,20266.58,2013,77528.2,0.9999998707789997
CIF01007439,Customer_7440,Oromia,Ahati Saving Account,36374.68,596,77520.93,0.9999995521655098
CIF01008396,Customer_8397,Addis Ababa,Sitota Saving Deposit,21010.62,670,77479.47,0.9999976683983595
CIF01007123,Customer_7124,Amhara,Sitota Saving Deposit,20443.8,1099,77475.96,0.999999609803525
CIF01002361,Customer_2362,Amhara,Werazut Saving Account,32829.95,1219,77464.72,0.9999999457181726
CIF01005701,Customer_5702,Somali,Werazut Saving Account,16512.63,968,77438.15,0.9999997865236774
CIF01002646,Customer_2647,Addis Ababa,Ordinary Saving Account,1117.26,1405,77425.016,0.9999995444065202
CIF01002694,Customer_2695,Oromia,Dekemezmur Saving Account,24730.92,1830,77373.77,0.9999999436631181
CIF01002113,Customer_2114,Addis Ababa,Ordinary Saving Account,44777.31,2852,77366.01,0.9999999524791263
CIF01008806,Customer_8807,Oromia,Janderebaw Saving Account,50978.12,3346,77362.164,0.9999999874546713
CIF01006480,Customer_6481,Addis Ababa,Special Saving Account,8104.3,680,77357.06,0.9999994453839663
CIF01008934,Customer_8935,Harari,Ordinary Saving Account,28744.65,2022,77354.27,0.99999992904693
CIF01004321,Customer_4322,Benishangul-Gumuz,Prime Customer Deposit Account,84416.07,4643,77345.09,0.999999963241665
CIF01005257,Customer_5258,Addis Ababa,Dekemezmur Saving Account,11872.02,772,77322.74,0.9999997926129897
CIF01000028,Customer_29,Amhara,Dekemezmur Saving Account,78246.28,5645,77319.78,0.999999905527831
CIF01009468,Customer_9469,Oromia,Special Saving Account,70248.49,2496,77303.016,0.9999999689484093
CIF01001224,Customer_1225,Amhara,Ordinary Saving Account,44736.95,2723,77302.945,0.9999998469876897
CIF01005280,Customer_5281,Somali,Special Saving Account,32867.48,953,77274.984,0.9999998270460634
CIF01004516,Customer_4517,Oromia,Asrat Bekurat Saving Account,90311.15,823,77255.24,0.9999997345846697
CIF01001645,Customer_1646,Gambela,Ordinary Saving Account,95351.26,731,77251.266,0.9999989966753567
CIF01002830,Customer_2831,Amhara,Sitota Saving Deposit,26427.0,928,77173.38,0.9999999310796727
CIF01000826,Customer_827,Gambela,Dekemezmur Saving Account,19437.4,2508,77131.22,0.9999999027298186
CIF01008682,Customer_8683,SNNPR,Ordinary Saving Account,37653.33,657,77103.37,0.99999996403605
CIF01001752,Customer_1753,Oromia,Ordinary Saving Account,2365.61,1657,77087.14,0.9999994008233482
CIF01008771,Customer_8772,SNNPR,Ordinary Saving Account,67562.23,938,77082.9,0.9999995418192641
CIF01009621,Customer_9622,Dire Dawa,Dekemezmur Saving Account,3054.64,738,77038.2,0.9999973635147721
CIF01000627,Customer_628,SNNPR,Special Saving Account,4207.41,599,77007.09,0.9999988110432033
CIF01001371,Customer_1372,Addis Ababa,Special Saving Account,89078.22,836,76991.7,0.9999999014675939
CIF01007362,Customer_7363,SNNPR,Tirufat Savings Account,3267.14,832,76990.39,0.9999995294418955
CIF01001458,Customer_1459,Amhara,Asrat Bekurat Saving Account,71726.01,3204,76978.8,0.9999999231274211
CIF01009644,Customer_9645,Addis Ababa,Blatena Saving Account,33686.75,810,76954.97,0.9999999139256893
CIF01009097,Customer_9098,Amhara,Special Saving Account,59663.17,2592,76946.95,0.999999950538639
CIF01000454,Customer_455,SNNPR,Special Saving Account,7355.91,1678,76928.46,0.9999994920960023
CIF01003870,Customer_3871,Harari,Blatena Saving Account,76519.86,4111,76923.66,0.9999999011200731
CIF01009877,Customer_9878,Addis Ababa,Ordinary Saving Account,46917.4,550,76896.76,0.9999993057972988
CIF01009578,Customer_9579,SNNPR,Ordinary Saving Account,2377.21,1567,76878.12,0.9999998452140539
CIF01001943,Customer_1944,Tigray,Ahati Saving Account,33462.06,761,76876.9,0.9999988571796083
CIF01006931,Customer_6932,Tigray,Couples Saving Deposit,16599.55,1382,76865.86,0.9999996948439777
CIF01009138,Customer_9139,SNNPR,Ahati Saving Account,2350.07,639,76861.79,0.9999939952016739
CIF01005211,Customer_5212,Addis Ababa,Werazut Saving Account,3031.9,1039,76852.164,0.9999995307884112
CIF01000699,Customer_700,SNNPR,Dekemezmur Saving Account,25987.98,1379,76802.21,0.9999999130034949
CIF01009610,Customer_9611,Amhara,Ordinary Saving Account,10964.81,866,76801.75,0.9999997630029389
CIF01006110,Customer_6111,Afar,Equb Saving Account,51013.84,2784,76739.21,0.9999999880722418
CIF01003205,Customer_3206,Amhara,Abew Saving Account,78447.86,1723,76736.46,0.9999999304042186
CIF01005597,Customer_5598,Sidama,Ordinary Saving Account,51552.66,1802,76697.5,0.9999999421718149
CIF01004292,Customer_4293,SNNPR,Werazut Saving Account,18384.07,2539,76693.22,0.9999996190807824
CIF01006266,Customer_6267,SNNPR,Ordinary Saving Account,33461.67,2028,76678.97,0.9999998518622497
CIF01006237,Customer_6238,SNNPR,Blatena Saving Account,80263.11,1541,76646.945,0.9999998088628593
CIF01006995,Customer_6996,Addis Ababa,Equb Saving Account,9309.94,1310,76638.98,0.9999997912712821
CIF01009188,Customer_9189,Addis Ababa,Werazut Saving Account,28394.65,2450,76636.65,0.9999998984475772
CIF01009661,Customer_9662,Amhara,Special Saving Account,213.48,667,76636.234,0.99999390337356
CIF01001053,Customer_1054,Dire Dawa,Asrat Bekurat Saving Account,2115.78,644,76633.98,0.9999952249343314
CIF01008449,Customer_8450,Amhara,Blatena Saving Account,94667.92,710,76620.234,0.9999948811753735
CIF01009947,Customer_9948,Addis Ababa,Abew Saving Account,4152.53,1171,76620.05,0.9999997680134053
CIF01000790,Customer_791,Tigray,Ordinary Saving Account,110767.78,3113,76580.086,0.9999999310837301
CIF01006773,Customer_6774,Addis Ababa,Tirufat Savings Account,88549.06,2449,76580.055,0.999999956851162
CIF01001648,Customer_1649,Dire Dawa,Abew Saving Account,64353.08,597,76578.63,0.999995589541917
CIF01006585,Customer_6586,SNNPR,Blatena Saving Account,5256.64,540,76545.914,0.9999963148212193
CIF01005367,Customer_5368,SNNPR,Ahadu Bereket Saving Account,16929.66,1022,76490.61,0.9999994203363586
CIF01007718,Customer_7719,Dire Dawa,Blatena Saving Account,25305.39,2469,76487.96,0.999999909770871
CIF01009317,Customer_9318,Amhara,Ordinary Saving Account,37155.16,2922,76447.82,0.9999999710979333
CIF01004217,Customer_4218,Addis Ababa,Dekemezmur Saving Account,4996.14,454,76439.336,0.9999984169233683
CIF01009835,Customer_9836,Benishangul-Gumuz,Ahadu Bereket Saving Account,14412.57,1645,76426.67,0.9999997054786162
CIF01002920,Customer_2921,Oromia,Hiruyan Saving Account,47114.59,1377,76419.05,0.9999999745105224
CIF01000772,Customer_773,Benishangul-Gumuz,Werazut Saving Account,7457.28,2371,76413.0,0.9999997283255996
CIF01008332,Customer_8333,Harari,Special Saving Account,3729.55,1119,76404.51,0.9999997168603896
CIF01004642,Customer_4643,Sidama,Blatena Saving Account,78457.14,1042,76353.836,0.9999997471895861
CIF01001812,Customer_1813,Benishangul-Gumuz,Ahadu Bereket Saving Account,79504.95,2898,76331.01,0.9999999225523175
CIF01008994,Customer_8995,Amhara,Ordinary Saving Account,74045.88,1824,76318.734,0.9999999259479181
CIF01007606,Customer_7607,Addis Ababa,Special Saving Account,4041.91,1304,76289.7,0.9999990922729154
CIF01001815,Customer_1816,Amhara,Tirufat Savings Account,8919.87,376,76235.984,0.9999954389595687
CIF01008438,Customer_8439,Afar,Abew Saving Account,24387.81,1066,76231.9,0.9999998844331821
CIF01006606,Customer_6607,Oromia,Equb Saving Account,17150.53,2347,76226.875,0.9999998478465414
CIF01008292,Customer_8293,Oromia,Prime Customer Deposit Account,49460.14,3570,76202.14,0.9999998540213539
CIF01009171,Customer_9172,Amhara,Dekemezmur Saving Account,89251.28,566,76181.93,0.9999955500526605
CIF01004961,Customer_4962,Oromia,Werazut Saving Account,5373.58,890,76174.94,0.9999996664100401
CIF01000979,Customer_980,Amhara,Blatena Saving Account,5870.53,1093,76171.62,0.9999999316004402
CIF01002661,Customer_2662,Oromia,Sitota Saving Deposit,20798.48,383,76079.81,0.9999969361437976
CIF01009200,Customer_9201,Sidama,Werazut Saving Account,90853.16,662,76070.2,0.9999922365554481
CIF01002306,Customer_2307,Sidama,Ordinary Saving Account,14339.0,1902,76003.21,0.9999999574517324
CIF01009060,Customer_9061,Dire Dawa,Ahadu Bereket Saving Account,50502.17,2896,75964.97,0.9999999780855797
CIF01005315,Customer_5316,Dire Dawa,Sitota Saving Deposit,23091.3,375,75941.555,0.999999576763808
CIF01005788,Customer_5789,SNNPR,Werazut Saving Account,11401.07,398,75906.84,0.9999979733127285
CIF01003784,Customer_3785,Dire Dawa,Tirufat Savings Account,3025.22,577,75890.9,0.9999973947341241
CIF01000167,Customer_168,Afar,Dekemezmur Saving Account,80310.55,976,75888.75,0.9999999436034616
CIF01000932,Customer_933,Oromia,Dekemezmur Saving Account,84908.39,3161,75874.17,0.9999999770822726
CIF01000140,Customer_141,Oromia,Couples Saving Deposit,1452.6,442,75851.03,0.9999915280094012
CIF01001401,Customer_1402,Oromia,Sitota Saving Deposit,81630.08,781,75850.58,0.999999827071273
CIF01007409,Customer_7410,Oromia,Hiruyan Saving Account,92306.74,3114,75835.73,0.9999999846928678
CIF01009953,Customer_9954,Sidama,Blatena Saving Account,86890.59,2612,75809.164,0.9999997667037068
CIF01004061,Customer_4062,Addis Ababa,Special Saving Account,10784.43,1161,75763.234,0.999999895932834
CIF01002755,Customer_2756,Oromia,Ordinary Saving Account,67708.8,2413,75753.95,0.9999999753786256
CIF01002057,Customer_2058,Oromia,Ordinary Saving Account,8914.83,1006,75742.45,0.9999998307501494
CIF01002586,Customer_2587,SNNPR,Tirufat Savings Account,17618.63,707,75728.78,0.9999927873218477
CIF01005092,Customer_5093,Addis Ababa,Ordinary Saving Account,17130.75,2534,75727.25,0.9999999022383983
CIF01007842,Customer_7843,Addis Ababa,Tirufat Savings Account,82746.72,945,75723.68,0.9999999231773776
CIF01003179,Customer_3180,SNNPR,Ordinary Saving Account,17890.01,1148,75715.66,0.9999996655110059
CIF01007778,Customer_7779,Addis Ababa,Special Saving Account,74732.75,2007,75704.734,0.9999999571246724
CIF01008514,Customer_8515,Oromia,Janderebaw Saving Account,79489.31,603,75642.88,0.9999971834938437
CIF01009191,Customer_9192,Sidama,Ordinary Saving Account,22425.23,877,75634.77,0.9999998652380833
CIF01004907,Customer_4908,Afar,Dekemezmur Saving Account,1361.08,1435,75633.07,0.9999996394765104
CIF01005453,Customer_5454,Addis Ababa,Equb Saving Account,25302.02,396,75631.61,0.9999989568254699
CIF01001582,Customer_1583,Gambela,Sitota Saving Deposit,16457.52,1933,75631.02,0.9999996142056028
CIF01006911,Customer_6912,Dire Dawa,Werazut Saving Account,43128.0,455,75616.4,0.9999994080616805
CIF01009903,Customer_9904,Addis Ababa,Asrat Bekurat Saving Account,33838.86,1375,75565.9,0.9999999857636355
CIF01000743,Customer_744,SNNPR,Asrat Bekurat Saving Account,28236.14,2336,75561.61,0.9999998818271878
CIF01004476,Customer_4477,Tigray,Asrat Bekurat Saving Account,60827.68,3898,75536.0,0.9999999644604339
CIF01000930,Customer_931,Oromia,Asrat Bekurat Saving Account,4687.61,1404,75535.55,0.9999999067241754
CIF01003585,Customer_3586,Oromia,Ordinary Saving Account,12389.74,1423,75532.24,0.9999997728040154
CIF01007909,Customer_7910,Addis Ababa,Werazut Saving Account,16224.09,759,75524.58,0.9999987370326594
CIF01004610,Customer_4611,Sidama,Ordinary Saving Account,28745.61,2448,75522.65,0.9999999567683174
CIF01003981,Customer_3982,Dire Dawa,Werazut Saving Account,76280.7,430,75488.016,0.9999989357499057
CIF01000070,Customer_71,Addis Ababa,Tirufat Savings Account,33271.83,813,75467.44,0.9999998444974283
CIF01002196,Customer_2197,Harari,Janderebaw Saving Account,12859.76,1869,75432.61,0.9999998380761097
CIF01008498,Customer_8499,Sidama,Ordinary Saving Account,94329.76,499,75408.25,0.9999928026358432
CIF01007902,Customer_7903,Amhara,Asrat Bekurat Saving Account,20930.14,702,75384.68,0.9999988128425275
CIF01001887,Customer_1888,Addis Ababa,Prime Customer Deposit Account,56771.56,3679,75372.07,0.9999999436207524
CIF01009558,Customer_9559,Amhara,Dekemezmur Saving Account,48600.97,767,75302.484,0.999999803707886
CIF01004170,Customer_4171,Oromia,Blatena Saving Account,8336.17,1325,75280.82,0.9999993789894159
CIF01003251,Customer_3252,Oromia,Werazut Saving Account,76621.08,1335,75272.125,0.9999999605229772
CIF01002699,Customer_2700,Dire Dawa,Ordinary Saving Account,6545.99,2026,75260.16,0.999999760470697
CIF01001021,Customer_1022,Addis Ababa,Werazut Saving Account,4111.54,778,75252.85,0.9999998040522762
CIF01002266,Customer_2267,Oromia,Tirufat Savings Account,107267.24,2996,75238.27,0.9999999880772162
CIF01008163,Customer_8164,Amhara,Ordinary Saving Account,42431.15,2924,75231.33,0.9999999622567336
CIF01001056,Customer_1057,Addis Ababa,Sitota Saving Deposit,10747.03,716,75225.7,0.9999958240856258
CIF01008838,Customer_8839,Tigray,Ordinary Saving Account,2760.86,588,75218.84,0.99999271784724
CIF01001235,Customer_1236,Oromia,Dekemezmur Saving Account,87141.53,1125,75148.95,0.9999998874655611
CIF01008235,Customer_8236,Addis Ababa,Dekemezmur Saving Account,25116.86,658,75144.43,0.999996519013567
CIF01003489,Customer_3490,Oromia,Asrat Bekurat Saving Account,44007.58,3531,75138.45,0.9999999615442406
CIF01003082,Customer_3083,Dire Dawa,Washera Saving Account,21019.18,579,75079.38,0.9999986219731818
CIF01000467,Customer_468,Addis Ababa,Ordinary Saving Account,49606.13,1367,75020.78,0.9999999800093553
CIF01005879,Customer_5880,SNNPR,Werazut Saving Account,24774.57,1925,75013.375,0.9999999729753887
CIF01009236,Customer_9237,Addis Ababa,Werazut Saving Account,13569.81,1103,75012.06,0.9999998490820413
CIF01007125,Customer_7126,Sidama,Ordinary Saving Account,100058.64,5244,75011.07,0.9999999498253248
CIF01002728,Customer_2729,Oromia,Ahati Saving Account,23249.31,2293,75006.65,0.9999999096535266
CIF01002310,Customer_2311,Oromia,Ahadu Bereket Saving Account,72029.06,3777,74996.3,0.9999999445797212
CIF01007460,Customer_7461,Amhara,Ordinary Saving Account,69974.08,464,74955.77,0.9999993674341994
CIF01002606,Customer_2607,Oromia,Werazut Saving Account,34691.1,2997,74955.69,0.9999999789994907
CIF01004819,Customer_4820,SNNPR,Special Saving Account,59346.72,1222,74942.64,0.9999999343301461
CIF01006132,Customer_6133,Addis Ababa,Ordinary Saving Account,9205.07,544,74941.125,0.9999984883243523
CIF01005448,Customer_5449,Addis Ababa,Ordinary Saving Account,11909.09,891,74923.375,0.9999999436969901
CIF01004300,Customer_4301,Tigray,Dekemezmur Saving Account,1986.18,1600,74914.49,0.9999997170113143
CIF01005254,Customer_5255,Sidama,Ahati Saving Account,69193.85,1824,74910.305,0.9999999112780983
CIF01004834,Customer_4835,Afar,Blatena Saving Account,19079.31,1310,74897.94,0.9999999371676078
CIF01000190,Customer_191,Tigray,Werazut Saving Account,55497.3,1041,74896.03,0.9999998433236622
CIF01004096,Customer_4097,Addis Ababa,Abew Saving Account,61011.98,4758,74872.695,0.9999998671082914
CIF01003682,Customer_3683,Oromia,Equb Saving Account,4002.41,2202,74809.8,0.9999995628450246
CIF01006643,Customer_6644,Addis Ababa,Ordinary Saving Account,17337.24,1204,74805.02,0.9999999224767775
CIF01009477,Customer_9478,Tigray,Special Saving Account,22393.71,2935,74802.47,0.999999815747133
CIF01000465,Customer_466,Amhara,Tirufat Savings Account,59603.99,2665,74793.555,0.9999998711464622
CIF01009404,Customer_9405,Oromia,Abew Saving Account,9365.07,424,74789.055,0.9999964316444524
CIF01000138,Customer_139,Addis Ababa,Blatena Saving Account,28129.22,2570,74778.055,0.9999999603671794
CIF01000970,Customer_971,Addis Ababa,Werazut Saving Account,1852.15,1627,74771.64,0.9999997668359966
CIF01008708,Customer_8709,Dire Dawa,Ahati Saving Account,51437.5,3836,74766.66,0.9999999672669408
CIF01009999,Customer_10000,Amhara,Ordinary Saving Account,805.53,1677,74738.8,0.9999993060485699
CIF01003145,Customer_3146,Amhara,Ordinary Saving Account,11893.67,1987,74735.945,0.9999998060056065
CIF01003384,Customer_3385,Oromia,Special Saving Account,2228.94,596,74714.1,0.9999938383899185
CIF01005912,Customer_5913,Amhara,Ordinary Saving Account,9251.43,818,74713.836,0.9999997524673352
CIF01005069,Customer_5070,Dire Dawa,Ordinary Saving Account,5544.39,413,74713.47,0.9999985210698067
CIF01004464,Customer_4465,SNNPR,Agape Saving Account,47680.12,4300,74712.25,0.9999998763414546
CIF01003605,Customer_3606,Tigray,Sitota Saving Deposit,36372.86,1212,74696.98,0.999999910542581
CIF01009630,Customer_9631,Oromia,Blatena Saving Account,1890.12,939,74687.9,0.9999996672325734
CIF01006133,Customer_6134,Amhara,Dekemezmur Saving Account,23894.1,692,74681.57,0.9999965663901704
CIF01009734,Customer_9735,Addis Ababa,Ahati Saving Account,65191.44,1089,74676.68,0.9999999043213224
CIF01003199,Customer_3200,Addis Ababa,Werazut Saving Account,8440.94,727,74668.96,0.9999996841293554
CIF01007793,Customer_7794,Dire Dawa,Ordinary Saving Account,4165.38,769,74665.82,0.99999969925041
CIF01000893,Customer_894,Oromia,Blatena Saving Account,69171.59,4019,74664.04,0.9999999745839738
CIF01001023,Customer_1024,Addis Ababa,Werazut Saving Account,36694.94,2078,74628.04,0.999999893532088
CIF01001428,Customer_1429,Tigray,Asrat Bekurat Saving Account,18106.94,1174,74608.664,0.999999958460726
CIF01007122,Customer_7123,Sidama,Ordinary Saving Account,69511.59,4401,74576.984,0.999999936744743
CIF01007730,Customer_7731,Oromia,Sitota Saving Deposit,83434.24,2347,74525.62,0.9999998761890911
CIF01006392,Customer_6393,Amhara,Abew Saving Account,75124.5,693,74507.44,0.9999974964835625
CIF01005967,Customer_5968,Amhara,Ordinary Saving Account,1531.13,1094,74499.07,0.9999997375710807
CIF01006150,Customer_6151,SNNPR,Werazut Saving Account,5787.43,2040,74491.55,0.9999996569952132
CIF01003420,Customer_3421,SNNPR,Ordinary Saving Account,45402.14,926,74432.836,0.9999999898219983
CIF01000866,Customer_867,Addis Ababa,Abew Saving Account,555.64,606,74424.15,0.9999997326166639
CIF01009402,Customer_9403,Somali,Special Saving Account,96479.37,2310,74418.87,0.9999996307295904
CIF01002864,Customer_2865,Addis Ababa,Blatena Saving Account,26890.35,2173,74390.625,0.9999999187697622
CIF01005339,Customer_5340,Harari,Special Saving Account,23169.59,1800,74386.49,0.9999998722903513
CIF01007048,Customer_7049,Sidama,Ordinary Saving Account,47686.39,1717,74384.37,0.999999886074027
CIF01001923,Customer_1924,Addis Ababa,Special Saving Account,69396.67,3437,74367.38,0.9999999649445749
CIF01002967,Customer_2968,SNNPR,Ordinary Saving Account,53845.89,443,74349.97,0.9999964314899659
CIF01005587,Customer_5588,Sidama,Abew Saving Account,12000.64,1801,74339.51,0.9999997333501704
CIF01004193,Customer_4194,Sidama,Blatena Saving Account,62698.06,793,74309.914,0.9999997665970276
CIF01004517,Customer_4518,SNNPR,Equb Saving Account,20357.73,469,74306.88,0.9999926297823454
CIF01004603,Customer_4604,Tigray,Ordinary Saving Account,1092.24,583,74302.26,0.999999325082842
CIF01007822,Customer_7823,Amhara,Hiruyan Saving Account,18671.31,434,74295.14,0.9999953540450248
CIF01000731,Customer_732,SNNPR,Couples Saving Deposit,31918.04,792,74267.75,0.999999747022047
CIF01005163,Customer_5164,SNNPR,Tirufat Savings Account,73283.4,2789,74254.98,0.9999997992002051
CIF01004126,Customer_4127,Addis Ababa,Washera Saving Account,38536.85,1642,74243.71,0.9999999732207479
CIF01003860,Customer_3861,Addis Ababa,Ordinary Saving Account,60336.17,4133,74228.125,0.9999999578549525
CIF01007855,Customer_7856,SNNPR,Ordinary Saving Account,27429.55,894,74221.2,0.9999998534378759
CIF01006505,Customer_6506,SNNPR,Ordinary Saving Account,69296.78,1195,74213.16,0.9999994201180727
CIF01002493,Customer_2494,SNNPR,Werazut Saving Account,1822.76,1590,74202.31,0.999999748118391
CIF01000733,Customer_734,Oromia,Ordinary Saving Account,2092.16,1744,74188.16,0.9999997973149874
CIF01002844,Customer_2845,Amhara,Ordinary Saving Account,7846.31,1040,74185.016,0.9999997228927346
CIF01005947,Customer_5948,Amhara,Ordinary Saving Account,32857.15,1861,74158.14,0.9999998606355925
CIF01002698,Customer_2699,Amhara,Special Saving Account,9487.87,542,74147.26,0.9999995013206628
CIF01009502,Customer_9503,Amhara,Special Saving Account,16915.37,1377,74112.95,0.9999998683183764
CIF01003622,Customer_3623,Oromia,Blatena Saving Account,14624.29,960,74094.914,0.9999998464120217
CIF01001310,Customer_1311,Tigray,Abew Saving Account,18199.83,2891,74091.58,0.9999998099012065
CIF01006403,Customer_6404,Addis Ababa,Ahati Saving Account,2960.22,453,74069.766,0.9999977822654779
CIF01005561,Customer_5562,Addis Ababa,Ordinary Saving Account,82160.38,461,74069.59,0.9999932056936672
CIF01003415,Customer_3416,Addis Ababa,Ordinary Saving Account,4031.55,495,74042.76,0.9999973097702088
CIF01009221,Customer_9222,Tigray,Ordinary Saving Account,69084.57,2696,74020.664,0.9999999187512064
CIF01005326,Customer_5327,Afar,Janderebaw Saving Account,5846.7,637,73999.54,0.9999967384499009
CIF01008754,Customer_8755,Oromia,Ordinary Saving Account,1094.03,555,73979.09,0.9999971066778053
CIF01002549,Customer_2550,Harari,Ordinary Saving Account,17367.39,1451,73976.39,0.9999997466229378
CIF01002480,Customer_2481,Somali,Prime Customer Deposit Account,59187.17,2009,73969.04,0.999999920957015
CIF01006400,Customer_6401,Oromia,Ahati Saving Account,8698.77,676,73952.83,0.9999990781004172
CIF01006006,Customer_6007,Benishangul-Gumuz,Ordinary Saving Account,41374.23,2156,73930.87,0.9999999386400242
CIF01005508,Customer_5509,Addis Ababa,Special Saving Account,58406.7,2256,73916.23,0.9999999387268868
CIF01006356,Customer_6357,Gambela,Tirufat Savings Account,47230.58,1719,73899.055,0.9999999628889988
CIF01001599,Customer_1600,Addis Ababa,Prime Customer Deposit Account,85044.78,1823,73876.69,0.9999999839563591
CIF01007288,Customer_7289,Benishangul-Gumuz,Ordinary Saving Account,81159.47,3135,73872.69,0.9999999928637902
CIF01000715,Customer_716,Addis Ababa,Dekemezmur Saving Account,97245.99,3009,73865.18,0.9999999675058526
CIF01005261,Customer_5262,Tigray,Ordinary Saving Account,32535.35,2892,73855.89,0.9999999545790051
CIF01000153,Customer_154,Benishangul-Gumuz,Dekemezmur Saving Account,17931.34,1246,73851.39,0.9999998455914186
CIF01005127,Customer_5128,Harari,Janderebaw Saving Account,3503.19,1354,73842.07,0.9999997453850473
CIF01008191,Customer_8192,Addis Ababa,Asrat Bekurat Saving Account,7456.63,931,73824.125,0.9999996401854299
CIF01008673,Customer_8674,Dire Dawa,Ordinary Saving Account,10144.97,1104,73808.2,0.999999613494106
CIF01009786,Customer_9787,Addis Ababa,Ordinary Saving Account,53535.95,831,73783.6,0.9999998580974795
CIF01003408,Customer_3409,Addis Ababa,Asrat Bekurat Saving Account,8534.35,1284,73769.18,0.9999999467743994
CIF01003900,Customer_3901,Addis Ababa,Werazut Saving Account,79476.81,2552,73751.99,0.9999999505798294
CIF01000330,Customer_331,Addis Ababa,Abew Saving Account,61380.85,724,73741.73,0.9999905629156862
CIF01004392,Customer_4393,SNNPR,Equb Saving Account,14140.79,1211,73740.76,0.9999994371637836
CIF01004239,Customer_4240,SNNPR,Agape Saving Account,77182.19,3548,73686.66,0.9999999607173367
CIF01003351,Customer_3352,Oromia,Blatena Saving Account,29421.61,1869,73682.305,0.9999998982014257
CIF01002623,Customer_2624,Gambela,Ordinary Saving Account,46918.24,3624,73667.65,0.9999998507492803
CIF01004588,Customer_4589,Addis Ababa,Equb Saving Account,5825.74,1669,73656.87,0.999999878409216
CIF01008016,Customer_8017,Addis Ababa,Blatena Saving Account,43317.98,2769,73654.42,0.9999999473515732
CIF01005804,Customer_5805,Oromia,Ordinary Saving Account,45753.73,2779,73649.695,0.9999999227326462
CIF01001078,Customer_1079,Addis Ababa,Blatena Saving Account,50782.28,4461,73649.37,0.9999998676195785
CIF01007904,Customer_7905,SNNPR,Special Saving Account,3810.91,2053,73641.945,0.9999996810098258
CIF01001677,Customer_1678,Oromia,Asrat Bekurat Saving Account,7623.34,579,73618.61,0.999995342360362
CIF01009626,Customer_9627,Afar,Ordinary Saving Account,13710.89,466,73596.55,0.9999963614983247
CIF01007089,Customer_7090,Addis Ababa,Prime Customer Deposit Account,28192.66,1869,73583.52,0.9999999412974695
CIF01000184,Customer_185,Amhara,Werazut Saving Account,47672.19,1998,73570.734,0.9999999449633056
CIF01001487,Customer_1488,Addis Ababa,Couples Saving Deposit,17005.81,643,73565.9,0.9999977925672896
CIF01008171,Customer_8172,Amhara,Ordinary Saving Account,52913.94,2766,73559.99,0.9999999825454292
CIF01008101,Customer_8102,Sidama,Agape Saving Account,7068.38,734,73509.93,0.9999980994050173
CIF01002464,Customer_2465,Gambela,Special Saving Account,3513.59,1240,73445.44,0.9999995490572953
CIF01008962,Customer_8963,Amhara,Prime Customer Deposit Account,6255.65,716,73436.91,0.9999996314984284
CIF01004233,Customer_4234,Amhara,Werazut Saving Account,20310.5,947,73405.336,0.9999998996210534
CIF01004829,Customer_4830,Addis Ababa,Ahati Saving Account,18190.44,1344,73388.4,0.9999997891276878
CIF01009262,Customer_9263,Oromia,Equb Saving Account,52400.9,1096,73375.484,0.999999901182933
CIF01002806,Customer_2807,SNNPR,Special Saving Account,88468.93,946,73368.93,0.9999996169405685
CIF01004432,Customer_4433,Somali,Sitota Saving Deposit,54787.02,4053,73363.02,0.9999998845599074
CIF01004862,Customer_4863,Harari,Special Saving Account,72559.57,1412,73353.734,0.9999998029044448
CIF01001194,Customer_1195,Amhara,Ordinary Saving Account,68173.75,608,73349.98,0.9999971321679353
CIF01004014,Customer_4015,Oromia,Werazut Saving Account,71500.04,3271,73346.47,0.9999998815058797
CIF01007682,Customer_7683,Addis Ababa,Dekemezmur Saving Account,60279.23,3955,73318.336,0.9999998159381741
CIF01003479,Customer_3480,Addis Ababa,Blatena Saving Account,70962.14,629,73311.75,0.9999975352094149
CIF01002095,Customer_2096,Addis Ababa,Special Saving Account,39239.5,1156,73298.99,0.9999999014757547
CIF01003864,Customer_3865,Tigray,Tirufat Savings Account,70059.26,1954,73290.695,0.9999999140583745
CIF01007827,Customer_7828,Oromia,Abew Saving Account,11850.59,1237,73280.92,0.9999997383904762
CIF01000574,Customer_575,Addis Ababa,Couples Saving Deposit,13080.9,2214,73279.86,0.9999999391465485
CIF01005690,Customer_5691,Sidama,Ahati Saving Account,53819.98,3278,73262.24,0.9999999291472518
CIF01009107,Customer_9108,Oromia,Prime Customer Deposit Account,8123.65,2244,73261.625,0.9999996587676235
CIF01009302,Customer_9303,Addis Ababa,Ordinary Saving Account,29413.35,1850,73253.2,0.9999998683047349
CIF01000672,Customer_673,Addis Ababa,Blatena Saving Account,12696.41,711,73251.33,0.999994677877573
CIF01003098,Customer_3099,SNNPR,Equb Saving Account,40652.82,1652,73250.54,0.9999999953540031
CIF01003414,Customer_3415,Benishangul-Gumuz,Agape Saving Account,32183.65,715,73247.9,0.9999983707310516
CIF01001571,Customer_1572,Amhara,Prime Customer Deposit Account,55923.92,3972,73226.7,0.9999999662183687
CIF01006228,Customer_6229,Gambela,Janderebaw Saving Account,50212.7,2034,73225.35,0.9999999016055664
CIF01009371,Customer_9372,Oromia,Blatena Saving Account,7691.72,748,73213.73,0.9999997006300815
CIF01008068,Customer_8069,Oromia,Equb Saving Account,82939.53,575,73182.05,0.9999930633829356
CIF01000884,Customer_885,Addis Ababa,Ahati Saving Account,5169.59,1440,73168.484,0.999999716730886
CIF01001134,Customer_1135,Addis Ababa,Ahadu Bereket Saving Account,45153.63,3886,73153.2,0.9999999460569269
CIF01005208,Customer_5209,Dire Dawa,Hiruyan Saving Account,62011.0,765,73138.586,0.9999997810775403
CIF01001960,Customer_1961,Addis Ababa,Ahadu Bereket Saving Account,37128.91,1502,73112.29,0.9999999886029972
CIF01000062,Customer_63,Tigray,Werazut Saving Account,31482.87,1034,73098.78,0.999999836942303
CIF01000031,Customer_32,Addis Ababa,Ahati Saving Account,15419.98,2003,73092.11,0.9999997161413074
CIF01005659,Customer_5660,Amhara,Special Saving Account,11745.24,672,73088.64,0.9999985801343109
CIF01005713,Customer_5714,Sidama,Ordinary Saving Account,5060.17,708,73077.055,0.9999987215399158
CIF01005687,Customer_5688,Oromia,Equb Saving Account,88821.55,2766,73035.34,0.9999999780618285
CIF01007365,Customer_7366,Addis Ababa,Abew Saving Account,22853.74,1714,73003.91,0.9999997876026603
CIF01005295,Customer_5296,Tigray,Ordinary Saving Account,3827.69,1042,72989.25,0.999999794827536
CIF01004060,Customer_4061,Harari,Ordinary Saving Account,4215.03,410,72986.05,0.9999984454070725
CIF01004343,Customer_4344,Dire Dawa,Ordinary Saving Account,11262.88,2323,72979.125,0.9999998753668555
CIF01001685,Customer_1686,Tigray,Prime Customer Deposit Account,4159.2,2167,72973.13,0.9999996628598524
CIF01003125,Customer_3126,Addis Ababa,Ahadu Bereket Saving Account,25845.07,486,72967.44,0.9999990402800485
CIF01002276,Customer_2277,Benishangul-Gumuz,Special Saving Account,88407.41,665,72951.43,0.9999988894106293
CIF01003231,Customer_3232,Addis Ababa,Abew Saving Account,82719.0,662,72948.09,0.9999957150608391
CIF01005045,Customer_5046,Amhara,Asrat Bekurat Saving Account,40310.82,1423,72939.4,0.9999999483978939
CIF01000102,Customer_103,Oromia,Ordinary Saving Account,28111.08,872,72928.695,0.9999999679364066
CIF01001517,Customer_1518,Oromia,Blatena Saving Account,96798.59,424,72857.15,0.999982336906633
CIF01009213,Customer_9214,Addis Ababa,Blatena Saving Account,58620.12,1040,72851.03,0.9999989809428529
CIF01005641,Customer_5642,Addis Ababa,Equb Saving Account,9575.66,2512,72841.36,0.9999998997620428
CIF01003314,Customer_3315,Amhara,Werazut Saving Account,60640.2,2569,72808.05,0.9999999613947602
CIF01006116,Customer_6117,Amhara,Ordinary Saving Account,3120.32,750,72769.56,0.999999783156772
CIF01005383,Customer_5384,Amhara,Special Saving Account,27757.68,3262,72753.71,0.9999998340298706
CIF01002112,Customer_2113,Amhara,Blatena Saving Account,34621.94,2901,72747.664,0.9999998413551675
CIF01004671,Customer_4672,Oromia,Special Saving Account,27367.73,2829,72739.87,0.99999995718404
CIF01000749,Customer_750,Benishangul-Gumuz,Ordinary Saving Account,97061.59,3782,72735.71,0.9999999920517021
CIF01009224,Customer_9225,Oromia,Blatena Saving Account,23855.15,2248,72724.305,0.9999998800650094
CIF01009257,Customer_9258,Amhara,Ordinary Saving Account,12248.6,1589,72719.16,0.9999997044787193
CIF01009465,Customer_9466,Addis Ababa,Dekemezmur Saving Account,1822.67,1222,72713.266,0.9999998382101412
CIF01002345,Customer_2346,SNNPR,Ordinary Saving Account,10265.1,1418,72622.57,0.9999997316952867
CIF01008922,Customer_8923,Amhara,Werazut Saving Account,2533.93,613,72622.22,0.9999985529879802
CIF01002644,Customer_2645,Oromia,Ordinary Saving Account,34439.97,1672,72612.984,0.999999975034727
CIF01007786,Customer_7787,Somali,Abew Saving Account,3637.68,418,72608.62,0.9999971362886896
CIF01001951,Customer_1952,Addis Ababa,Ordinary Saving Account,5228.27,972,72580.81,0.9999998415692841
CIF01004849,Customer_4850,Sidama,Special Saving Account,67399.09,1546,72575.805,0.9999998925993514
CIF01004145,Customer_4146,SNNPR,Ordinary Saving Account,56708.69,683,72575.26,0.9999973856967573
CIF01008350,Customer_8351,Amhara,Agape Saving Account,11479.49,2133,72526.84,0.9999998941245759
CIF01004639,Customer_4640,Addis Ababa,Blatena Saving Account,8321.31,821,72516.14,0.9999998401439536
CIF01007774,Customer_7775,Amhara,Couples Saving Deposit,63975.19,1767,72506.734,0.999999949153571
CIF01003603,Customer_3604,Addis Ababa,Hiruyan Saving Account,27772.81,577,72502.9,0.9999987620812852
CIF01003668,Customer_3669,SNNPR,Couples Saving Deposit,42690.7,1680,72483.43,0.9999998230514953
CIF01003734,Customer_3735,Oromia,Ordinary Saving Account,28848.74,1055,72467.76,0.9999999233701932
CIF01001411,Customer_1412,Addis Ababa,Abew Saving Account,31078.27,622,72432.16,0.9999968672545789
CIF01004812,Customer_4813,Somali,Ordinary Saving Account,8169.09,1358,72428.08,0.9999993757944683
CIF01003775,Customer_3776,Addis Ababa,Werazut Saving Account,4088.19,964,72419.04,0.9999997201189925
CIF01004575,Customer_4576,Addis Ababa,Werazut Saving Account,43161.19,2190,72379.63,0.9999999722700806
CIF01006652,Customer_6653,Addis Ababa,Werazut Saving Account,10386.01,1049,72373.92,0.9999997129730231
CIF01003077,Customer_3078,Addis Ababa,Abew Saving Account,47713.84,2792,72373.74,0.9999998892911279
CIF01006152,Customer_6153,Dire Dawa,Werazut Saving Account,55798.71,2851,72340.21,0.9999999485167683
CIF01007537,Customer_7538,Oromia,Janderebaw Saving Account,45960.66,665,72338.32,0.9999986826888747
CIF01000168,Customer_169,Amhara,Ordinary Saving Account,73538.9,3107,72295.94,0.999999986518197
CIF01003707,Customer_3708,Addis Ababa,Ordinary Saving Account,42472.54,4260,72285.52,0.9999998450341907
CIF01004916,Customer_4917,SNNPR,Blatena Saving Account,8450.21,1791,72280.08,0.9999998284226327
CIF01009592,Customer_9593,Benishangul-Gumuz,Tirufat Savings Account,64006.84,4328,72256.5,0.999999959851397
CIF01000642,Customer_643,Addis Ababa,Ordinary Saving Account,75596.62,1594,72230.5,0.9999999105834749
CIF01007069,Customer_7070,Oromia,Werazut Saving Account,47603.33,1429,72229.18,0.9999999090509414
CIF01001238,Customer_1239,Benishangul-Gumuz,Hiruyan Saving Account,10718.54,2463,72228.61,0.9999997855803757
CIF01003017,Customer_3018,Amhara,Ordinary Saving Account,45374.69,1455,72194.99,0.9999999429188889
CIF01001353,Customer_1354,Addis Ababa,Abew Saving Account,50624.32,727,72182.99,0.9999973698227027
CIF01006777,Customer_6778,Harari,Ordinary Saving Account,7420.05,1160,72167.0,0.9999998196729193
CIF01008799,Customer_8800,Amhara,Ordinary Saving Account,5751.29,1125,72161.92,0.9999996945231849
CIF01008641,Customer_8642,SNNPR,Ahadu Bereket Saving Account,11859.64,1451,72152.305,0.9999996736970523
CIF01007139,Customer_7140,Harari,Ordinary Saving Account,7661.76,911,72150.78,0.9999997622591311
CIF01007998,Customer_7999,Amhara,Agape Saving Account,8294.35,2550,72137.02,0.9999999164062755
CIF01006308,Customer_6309,Oromia,Washera Saving Account,86939.13,678,72120.55,0.999997558655057
CIF01007398,Customer_7399,SNNPR,Washera Saving Account,6152.56,2130,72116.2,0.9999995537342481
CIF01003551,Customer_3552,Addis Ababa,Ordinary Saving Account,55551.55,2489,72111.664,0.9999999248562373
CIF01002051,Customer_2052,Amhara,Werazut Saving Account,29405.11,2031,72106.99,0.999999916007501
CIF01006896,Customer_6897,Addis Ababa,Dekemezmur Saving Account,14573.46,1445,72099.17,0.99999997975518
CIF01005769,Customer_5770,SNNPR,Agape Saving Account,96525.31,3683,72096.8,0.9999998940276708
CIF01001623,Customer_1624,Oromia,Ordinary Saving Account,76409.12,510,72066.93,0.9999974948266788
CIF01006131,Customer_6132,Addis Ababa,Ordinary Saving Account,35313.54,2109,72064.38,0.9999999161284786
CIF01004413,Customer_4414,Tigray,Werazut Saving Account,23192.54,954,72061.99,0.9999997275424471
CIF01001909,Customer_1910,SNNPR,Blatena Saving Account,11678.14,718,72060.3,0.9999979625738356
CIF01006746,Customer_6747,Amhara,Ordinary Saving Account,59104.87,507,72040.21,0.9999988679050151
CIF01002313,Customer_2314,Amhara,Special Saving Account,12764.35,795,72021.83,0.9999996584932211
CIF01009389,Customer_9390,Addis Ababa,Hiruyan Saving Account,12839.13,1454,71992.13,0.9999998351762561
CIF01004002,Customer_4003,Sidama,Ahati Saving Account,2027.01,791,71964.49,0.9999997084615484
CIF01000266,Customer_267,Amhara,Ordinary Saving Account,3128.72,1572,71961.28,0.9999996977204949
CIF01002471,Customer_2472,Addis Ababa,Abew Saving Account,64518.17,801,71960.32,0.999999884961838
CIF01006919,Customer_6920,Addis Ababa,Equb Saving Account,65000.0,4084,71952.555,0.9999999322390324
CIF01006638,Customer_6639,Addis Ababa,Ordinary Saving Account,69152.16,495,71951.33,0.9999982745090105
CIF01008116,Customer_8117,Sidama,Ordinary Saving Account,60497.85,705,71948.734,0.9999939740408
CIF01001498,Customer_1499,Sidama,Ordinary Saving Account,12589.31,1973,71945.18,0.9999996329620723
CIF01003201,Customer_3202,Amhara,Ordinary Saving Account,47760.17,1196,71929.55,0.9999999282693193
CIF01009789,Customer_9790,Oromia,Blatena Saving Account,66785.94,3699,71926.016,0.9999999174720108
CIF01008893,Customer_8894,Addis Ababa,Tirufat Savings Account,82033.73,877,71919.31,0.9999999340053364
CIF01008434,Customer_8435,Amhara,Sitota Saving Deposit,6024.2,1808,71902.02,0.9999999447102832
CIF01007507,Customer_7508,Addis Ababa,Ahati Saving Account,3957.39,1180,71875.805,0.9999998724469977
CIF01008175,Customer_8176,SNNPR,Abew Saving Account,5492.61,1183,71874.0,0.9999997503274153
CIF01005293,Customer_5294,Addis Ababa,Ordinary Saving Account,27101.3,2935,71864.6,0.9999999452864904
CIF01004131,Customer_4132,SNNPR,Ahati Saving Account,1580.17,889,71862.195,0.9999994738405364
CIF01009838,Customer_9839,Addis Ababa,Dekemezmur Saving Account,48226.52,980,71858.99,0.9999997691198594
CIF01003646,Customer_3647,Amhara,Ordinary Saving Account,40449.95,718,71836.85,0.9999997039209667
CIF01005333,Customer_5334,Amhara,Special Saving Account,91735.98,1536,71834.63,0.9999999515334953
CIF01000589,Customer_590,Dire Dawa,Agape Saving Account,2847.93,1930,71823.64,0.9999998409129951
CIF01002124,Customer_2125,Amhara,Ordinary Saving Account,79507.21,605,71822.32,0.9999927211409502
CIF01003156,Customer_3157,Addis Ababa,Werazut Saving Account,21415.96,2075,71821.68,0.9999998041122897
CIF01004800,Customer_4801,Addis Ababa,Ordinary Saving Account,82492.59,4204,71804.2,0.9999999798236725
CIF01008906,Customer_8907,Oromia,Werazut Saving Account,39581.3,676,71797.1,0.9999998880178808
CIF01001776,Customer_1777,Amhara,Equb Saving Account,46022.5,1472,71726.12,0.9999999486997844
CIF01008995,Customer_8996,Oromia,Werazut Saving Account,20451.83,3056,71721.555,0.9999996875799825
CIF01003366,Customer_3367,Amhara,Tirufat Savings Account,21895.2,1600,71717.18,0.9999999331689613
CIF01008748,Customer_8749,Addis Ababa,Prime Customer Deposit Account,85787.38,5150,71715.51,0.9999999914061278
CIF01009855,Customer_9856,Addis Ababa,Ordinary Saving Account,10032.44,476,71713.63,0.9999990495360086
CIF01000122,Customer_123,Tigray,Sitota Saving Deposit,28684.26,2399,71708.44,0.9999999286188175
CIF01002765,Customer_2766,Amhara,Werazut Saving Account,10225.58,1405,71697.1,0.9999998518392827
CIF01006529,Customer_6530,Addis Ababa,Ordinary Saving Account,16941.18,1540,71695.85,0.9999999474528921
CIF01004947,Customer_4948,Oromia,Agape Saving Account,35813.78,1205,71676.22,0.9999999410141319
CIF01005925,Customer_5926,Addis Ababa,Special Saving Account,7295.22,1250,71643.39,0.9999998816275291
CIF01001939,Customer_1940,Amhara,Prime Customer Deposit Account,27468.76,1843,71639.75,0.9999999303505787
CIF01002449,Customer_2450,Somali,Werazut Saving Account,7080.14,1585,71629.3,0.9999999566772154
CIF01007177,Customer_7178,Oromia,Dekemezmur Saving Account,9001.74,2175,71584.51,0.9999999430897949
CIF01005097,Customer_5098,Oromia,Blatena Saving Account,71011.43,755,71571.73,0.9999958885747514
CIF01007535,Customer_7536,Dire Dawa,Abew Saving Account,835.44,1402,71566.49,0.9999998446646184
CIF01009300,Customer_9301,Gambela,Blatena Saving Account,75246.63,1639,71563.22,0.9999999361479436
CIF01009020,Customer_9021,Amhara,Agape Saving Account,60607.38,692,71544.52,0.9999913996214512
CIF01007663,Customer_7664,Sidama,Ahadu Bereket Saving Account,11421.66,745,71541.87,0.9999956222201892
CIF01008802,Customer_8803,Addis Ababa,Ahadu Bereket Saving Account,3583.23,583,71537.38,0.9999972931304378
CIF01008144,Customer_8145,Gambela,Special Saving Account,7693.38,1702,71532.44,0.9999996655601565
CIF01003060,Customer_3061,SNNPR,Equb Saving Account,89340.57,3833,71530.41,0.9999999394374629
CIF01001203,Customer_1204,Oromia,Tirufat Savings Account,1100.05,1648,71505.4,0.9999992072539178
CIF01000799,Customer_800,Sidama,Ahati Saving Account,5577.0,1266,71504.37,0.999999772173513
CIF01003275,Customer_3276,SNNPR,Couples Saving Deposit,7606.01,2251,71448.91,0.9999999017446043
CIF01003930,Customer_3931,Oromia,Sitota Saving Deposit,55604.23,459,71433.28,0.9999991853865074
CIF01004059,Customer_4060,Addis Ababa,Ordinary Saving Account,24173.1,1116,71426.35,0.9999999550762391
CIF01000865,Customer_866,Oromia,Ordinary Saving Account,77378.14,5340,71402.305,0.9999999045612007
CIF01005660,Customer_5661,Oromia,Janderebaw Saving Account,5534.98,1966,71401.266,0.9999997929001379
CIF01004372,Customer_4373,Oromia,Asrat Bekurat Saving Account,3753.63,1374,71399.4,0.9999997108158839
CIF01009307,Customer_9308,Addis Ababa,Agape Saving Account,40078.07,921,71397.94,0.9999998674310175
CIF01007860,Customer_7861,Somali,Ordinary Saving Account,18659.29,1282,71394.92,0.9999998740464356
CIF01005105,Customer_5106,Gambela,Janderebaw Saving Account,30453.55,645,71359.76,0.9999996585956246
CIF01001015,Customer_1016,Addis Ababa,Abew Saving Account,5926.24,794,71344.75,0.9999998403330166
CIF01001601,Customer_1602,Harari,Blatena Saving Account,18845.27,1736,71330.04,0.9999999561143628
CIF01002168,Customer_2169,Dire Dawa,Janderebaw Saving Account,16654.11,544,71287.055,0.9999995025877207
CIF01005530,Customer_5531,Addis Ababa,Ordinary Saving Account,1029.2,1558,71285.47,0.9999997656269083
CIF01001828,Customer_1829,Oromia,Blatena Saving Account,7640.4,616,71280.36,0.9999993065015851
CIF01009235,Customer_9236,Amhara,Abew Saving Account,59976.44,2084,71244.08,0.9999999619801249
CIF01003240,Customer_3241,Addis Ababa,Couples Saving Deposit,4927.18,787,71221.97,0.9999997695813161
CIF01009526,Customer_9527,Oromia,Dekemezmur Saving Account,18979.58,1110,71218.3,0.9999999364671521
CIF01001368,Customer_1369,Amhara,Werazut Saving Account,59469.18,545,71216.68,0.9999965429145251
CIF01004681,Customer_4682,Oromia,Equb Saving Account,36176.42,835,71215.125,0.9999999916424257
CIF01006404,Customer_6405,Amhara,Werazut Saving Account,5278.0,1040,71194.75,0.9999997095237545
CIF01004607,Customer_4608,Addis Ababa,Ordinary Saving Account,30762.89,1245,71177.484,0.9999999569128081
CIF01003561,Customer_3562,Oromia,Ordinary Saving Account,5559.6,1748,71172.92,0.9999999618496832
CIF01000165,Customer_166,Oromia,Ordinary Saving Account,22689.0,386,71169.875,0.9999953931569313
CIF01006233,Customer_6234,Amhara,Werazut Saving Account,3544.45,894,71149.516,0.999999744800037
CIF01001519,Customer_1520,Addis Ababa,Ordinary Saving Account,49183.26,2314,71133.414,0.9999999757707437
CIF01007737,Customer_7738,Addis Ababa,Hiruyan Saving Account,42147.87,759,71129.16,0.9999947565653415
CIF01001179,Customer_1180,Benishangul-Gumuz,Hiruyan Saving Account,22920.26,1411,71127.625,0.9999999675985632
CIF01008151,Customer_8152,Oromia,Abew Saving Account,414.93,636,71112.89,0.9999956489790568
CIF01001001,Customer_1002,Amhara,Tirufat Savings Account,43864.93,3001,71100.71,0.9999999468646247
CIF01006732,Customer_6733,Oromia,Ahati Saving Account,931.56,904,71094.695,0.9999998235621907
CIF01007599,Customer_7600,Addis Ababa,Special Saving Account,28119.68,1971,71074.664,0.9999998653599563
CIF01004307,Customer_4308,Amhara,Ahati Saving Account,41322.62,4852,71069.81,0.999999910041549
CIF01001040,Customer_1041,Amhara,Ordinary Saving Account,273.52,2208,71052.35,0.9999997183038728
CIF01002811,Customer_2812,Addis Ababa,Tirufat Savings Account,88571.5,2123,71040.805,0.9999999782729909
CIF01002721,Customer_2722,Tigray,Abew Saving Account,83066.63,1128,71023.51,0.9999997247796621
CIF01002531,Customer_2532,Dire Dawa,Abew Saving Account,83151.72,2989,71013.484,0.9999999633818417
CIF01009334,Customer_9335,Gambela,Ahati Saving Account,1345.55,1158,71001.35,0.9999998949197125
CIF01002817,Customer_2818,Oromia,Sitota Saving Deposit,29082.58,1408,70985.08,0.99999997602244
CIF01000451,Customer_452,Somali,Ordinary Saving Account,18031.24,615,70973.86,0.9999815940452197
CIF01004836,Customer_4837,Dire Dawa,Special Saving Account,15070.77,370,70959.63,0.9999928933947978
CIF01001714,Customer_1715,Addis Ababa,Ahati Saving Account,81629.16,3678,70936.086,0.9999999077047829
CIF01001917,Customer_1918,Sidama,Tirufat Savings Account,19620.21,1520,70926.39,0.999999830215867
CIF01004839,Customer_4840,SNNPR,Ahati Saving Account,40802.37,2370,70917.02,0.9999998991397216
CIF01001249,Customer_1250,Addis Ababa,Ordinary Saving Account,5626.25,2095,70906.52,0.9999997889175029
CIF01007577,Customer_7578,Addis Ababa,Dekemezmur Saving Account,40347.17,2321,70892.31,0.9999999788235863
CIF01006113,Customer_6114,SNNPR,Werazut Saving Account,9385.37,555,70876.91,0.9999978129464239
CIF01004996,Customer_4997,Tigray,Blatena Saving Account,12928.3,374,70857.266,0.999995842847609
CIF01006074,Customer_6075,Oromia,Ordinary Saving Account,22805.14,1109,70851.086,0.999999895467157
CIF01002717,Customer_2718,SNNPR,Ahadu Bereket Saving Account,24327.08,2534,70846.57,0.9999999326246914
CIF01004875,Customer_4876,Addis Ababa,Ordinary Saving Account,1238.42,1333,70841.02,0.9999995963833633
CIF01000004,Customer_5,Amhara,Blatena Saving Account,41742.32,643,70829.8,0.9999992603173589
CIF01002084,Customer_2085,Addis Ababa,Special Saving Account,48485.2,661,70824.46,0.9999990945881427
CIF01008927,Customer_8928,Addis Ababa,Werazut Saving Account,747.08,2023,70819.56,0.9999997731884359
CIF01001443,Customer_1444,Harari,Dekemezmur Saving Account,15812.54,474,70812.37,0.9999965427794713
CIF01009482,Customer_9483,Amhara,Werazut Saving Account,34731.74,1476,70731.99,0.9999999074338112
CIF01005817,Customer_5818,Dire Dawa,Ordinary Saving Account,3318.54,872,70719.21,0.999999844965554
CIF01007228,Customer_7229,Tigray,Ordinary Saving Account,9612.67,625,70698.83,0.9999909077437237
CIF01006278,Customer_6279,Dire Dawa,Tirufat Savings Account,57575.04,838,70673.164,0.999999947112136
CIF01007236,Customer_7237,Addis Ababa,Ordinary Saving Account,22313.46,1150,70651.8,0.9999999008712738
CIF01003997,Customer_3998,Addis Ababa,Blatena Saving Account,11978.67,564,70640.02,0.9999947271552907
CIF01007513,Customer_7514,Addis Ababa,Sitota Saving Deposit,63725.2,1476,70636.87,0.9999999566738141
CIF01001746,Customer_1747,Sidama,Werazut Saving Account,23120.62,2503,70635.91,0.9999998044606944
CIF01005055,Customer_5056,SNNPR,Asrat Bekurat Saving Account,72776.63,4193,70634.62,0.9999999148575219
CIF01002573,Customer_2574,Amhara,Asrat Bekurat Saving Account,35984.0,2258,70626.336,0.999999853252977
CIF01007046,Customer_7047,Harari,Washera Saving Account,21670.28,987,70599.72,0.999999920359033
CIF01007367,Customer_7368,SNNPR,Ordinary Saving Account,13281.97,891,70547.21,0.9999998979199509
CIF01000680,Customer_681,Sidama,Dekemezmur Saving Account,1217.24,1126,70517.85,0.9999998273554838
CIF01001856,Customer_1857,Addis Ababa,Special Saving Account,67884.88,811,70514.54,0.9999999351269253
CIF01005071,Customer_5072,Addis Ababa,Ordinary Saving Account,88951.79,4167,70510.93,0.9999999866519493
CIF01000644,Customer_645,Addis Ababa,Special Saving Account,4947.58,1898,70509.77,0.9999994148934497
CIF01009149,Customer_9150,Sidama,Blatena Saving Account,53352.08,2401,70505.625,0.9999999303990699
CIF01000438,Customer_439,Sidama,Ordinary Saving Account,56376.08,831,70483.88,0.9999999115717917
CIF01003812,Customer_3813,Oromia,Tirufat Savings Account,67584.05,894,70453.28,0.9999999592889993
CIF01005466,Customer_5467,Oromia,Dekemezmur Saving Account,36751.55,1844,70423.984,0.9999999220901418
CIF01002570,Customer_2571,SNNPR,Ordinary Saving Account,16473.34,370,70413.23,0.9999886309461574
CIF01004290,Customer_4291,Oromia,Ordinary Saving Account,33290.26,3614,70377.97,0.999999947621177
CIF01006304,Customer_6305,Oromia,Werazut Saving Account,90607.4,2088,70348.445,0.9999997060635557
CIF01000493,Customer_494,Addis Ababa,Ahadu Bereket Saving Account,8382.9,387,70337.53,0.9999961329704216
CIF01008124,Customer_8125,Benishangul-Gumuz,Ordinary Saving Account,107.93,1070,70333.21,0.9999997793407348
CIF01002888,Customer_2889,SNNPR,Werazut Saving Account,55362.57,818,70331.664,0.9999999756890338
CIF01008162,Customer_8163,SNNPR,Janderebaw Saving Account,27085.51,707,70317.63,0.999995484880055
CIF01002838,Customer_2839,Addis Ababa,Werazut Saving Account,3145.75,2341,70312.42,0.9999997874795566
CIF01008619,Customer_8620,Addis Ababa,Blatena Saving Account,52120.76,2517,70307.51,0.999999928061977
CIF01001744,Customer_1745,Amhara,Tirufat Savings Account,63385.04,545,70302.71,0.9999975789281538
CIF01003913,Customer_3914,Amhara,Dekemezmur Saving Account,2729.44,1922,70291.36,0.9999998979183333
CIF01004415,Customer_4416,Oromia,Tirufat Savings Account,85709.92,1740,70290.555,0.9999998560027062
CIF01008187,Customer_8188,Addis Ababa,Ordinary Saving Account,20146.06,1940,70285.62,0.9999999289357445
CIF01006261,Customer_6262,Addis Ababa,Ordinary Saving Account,80825.27,1011,70279.34,0.999999933736917
CIF01006779,Customer_6780,SNNPR,Tirufat Savings Account,4109.53,2078,70278.39,0.9999993380278352
CIF01002605,Customer_2606,Oromia,Ahati Saving Account,19863.61,1608,70276.16,0.9999998877068013
CIF01007057,Customer_7058,Benishangul-Gumuz,Equb Saving Account,5166.81,407,70268.81,0.9999979269138026
CIF01007253,Customer_7254,SNNPR,Abew Saving Account,6150.02,1427,70233.05,0.9999997732664366
CIF01001860,Customer_1861,Tigray,Ordinary Saving Account,17249.54,1741,70219.61,0.9999999369422106
CIF01001898,Customer_1899,Tigray,Ordinary Saving Account,7379.32,480,70203.32,0.9999994264723918
CIF01004261,Customer_4262,Oromia,Abew Saving Account,17693.81,1888,70177.664,0.9999998673499868
CIF01002208,Customer_2209,Oromia,Janderebaw Saving Account,35695.53,1539,70175.54,0.9999999801878909
CIF01004946,Customer_4947,Dire Dawa,Tirufat Savings Account,13608.72,1662,70149.625,0.9999999548409171
CIF01000655,Customer_656,Oromia,Dekemezmur Saving Account,10672.85,910,70146.27,0.9999997943628268
CIF01000341,Customer_342,Oromia,Couples Saving Deposit,8759.55,476,70104.164,0.9999990658131176
CIF01006822,Customer_6823,Addis Ababa,Ahati Saving Account,4956.26,1296,70093.08,0.9999999699153399
CIF01007677,Customer_7678,Addis Ababa,Ahati Saving Account,20972.64,2700,70083.16,0.9999999621582941
CIF01003390,Customer_3391,Addis Ababa,Abew Saving Account,60515.92,850,70073.54,0.999999825537865
CIF01000984,Customer_985,Addis Ababa,Equb Saving Account,63823.57,1787,70060.77,0.9999999392922597
CIF01003873,Customer_3874,SNNPR,Prime Customer Deposit Account,46082.02,598,70025.98,0.9999947178592433
CIF01007443,Customer_7444,Sidama,Special Saving Account,3703.57,2315,70012.61,0.9999997991325386
CIF01003293,Customer_3294,Addis Ababa,Prime Customer Deposit Account,6156.69,1706,70000.914,0.9999998010011178
CIF01000256,Customer_257,Sidama,Dekemezmur Saving Account,7907.35,1771,69993.625,0.9999997440217243
CIF01009253,Customer_9254,Addis Ababa,Dekemezmur Saving Account,25575.95,2425,69979.375,0.9999999128225163
CIF01004735,Customer_4736,Addis Ababa,Blatena Saving Account,20308.47,1491,69976.28,0.9999999276736832
CIF01007477,Customer_7478,Addis Ababa,Hiruyan Saving Account,2078.8,1095,69955.1,0.9999999086689663
CIF01000305,Customer_306,Addis Ababa,Washera Saving Account,646.36,2185,69942.67,0.9999990832110569
CIF01003012,Customer_3013,Oromia,Abew Saving Account,36330.39,440,69926.31,0.999999909907601
CIF01006186,Customer_6187,Oromia,Washera Saving Account,6616.29,2351,69910.63,0.9999996595896046
CIF01003437,Customer_3438,Harari,Ordinary Saving Account,18694.04,495,69900.625,0.999998219328937
CIF01000204,Customer_205,Amhara,Blatena Saving Account,47143.96,1995,69881.33,0.9999998924631308
CIF01006842,Customer_6843,Addis Ababa,Blatena Saving Account,2145.59,1676,69876.23,0.9999998190007612
CIF01007129,Customer_7130,Addis Ababa,Ordinary Saving Account,33288.81,3479,69807.64,0.9999999503035162
CIF01006327,Customer_6328,Amhara,Ordinary Saving Account,21531.91,2306,69795.94,0.9999999598907208
CIF01001171,Customer_1172,SNNPR,Janderebaw Saving Account,74345.33,1163,69789.695,0.9999995411138821
CIF01005250,Customer_5251,Oromia,Special Saving Account,7278.91,2299,69767.39,0.9999991881086486
CIF01001858,Customer_1859,Somali,Special Saving Account,58348.54,507,69733.664,0.9999962796930992
CIF01006830,Customer_6831,Afar,Prime Customer Deposit Account,70682.77,3768,69700.15,0.9999999628652616
CIF01007078,Customer_7079,Addis Ababa,Ordinary Saving Account,6196.74,418,69678.58,0.9999988061344609
CIF01007197,Customer_7198,Gambela,Equb Saving Account,3467.31,1840,69677.91,0.9999998469916923
CIF01002766,Customer_2767,Benishangul-Gumuz,Ordinary Saving Account,65290.6,2073,69677.25,0.9999999603891048
CIF01003712,Customer_3713,Oromia,Hiruyan Saving Account,32500.63,2408,69662.06,0.9999999862063664
CIF01003790,Customer_3791,Addis Ababa,Ordinary Saving Account,55813.4,1526,69639.8,0.9999998638129145
CIF01007295,Customer_7296,Addis Ababa,Ordinary Saving Account,76108.5,630,69638.266,0.9999984538996239
CIF01006283,Customer_6284,Addis Ababa,Agape Saving Account,10666.64,724,69581.64,0.9999999245637797
CIF01008176,Customer_8177,Benishangul-Gumuz,Ordinary Saving Account,10131.47,886,69567.305,0.9999998388701754
CIF01009426,Customer_9427,Tigray,Ahati Saving Account,84098.18,1111,69553.336,0.9999997442978491
CIF01000058,Customer_59,Addis Ababa,Prime Customer Deposit Account,32838.71,1163,69543.92,0.9999999654059287
CIF01002049,Customer_2050,Amhara,Ordinary Saving Account,16178.11,1756,69530.055,0.9999998720168632
CIF01003383,Customer_3384,Oromia,Ahati Saving Account,26401.43,2243,69518.08,0.9999999212647652
CIF01002500,Customer_2501,Dire Dawa,Abew Saving Account,8890.16,850,69509.32,0.9999999480253483
CIF01003091,Customer_3092,Amhara,Janderebaw Saving Account,1369.09,1870,69454.66,0.9999999325088124
CIF01008601,Customer_8602,Afar,Ordinary Saving Account,29306.24,2043,69453.88,0.9999999249633277
CIF01007361,Customer_7362,Addis Ababa,Prime Customer Deposit Account,1558.16,1447,69450.42,0.9999997908453062
CIF01009834,Customer_9835,Tigray,Ordinary Saving Account,58204.55,2185,69446.31,0.9999999494570585
CIF01005179,Customer_5180,Addis Ababa,Ordinary Saving Account,59147.29,604,69439.77,0.9999981707619646
CIF01001580,Customer_1581,Oromia,Tirufat Savings Account,2492.93,1372,69438.1,0.9999996830702532
CIF01008999,Customer_9000,Amhara,Tirufat Savings Account,3054.94,2032,69431.98,0.9999996269582393
CIF01005972,Customer_5973,SNNPR,Ordinary Saving Account,618.62,2314,69422.62,0.9999998168924362
CIF01009223,Customer_9224,Addis Ababa,Ordinary Saving Account,27875.83,2899,69416.28,0.9999999919293713
CIF01001964,Customer_1965,Addis Ababa,Special Saving Account,84030.6,4943,69411.55,0.999999972437419
CIF01008204,Customer_8205,Amhara,Ordinary Saving Account,34633.9,588,69393.336,0.9999999673082913
CIF01007892,Customer_7893,Tigray,Ordinary Saving Account,86503.33,1808,69377.664,0.9999997531418431
CIF01008040,Customer_8041,Addis Ababa,Special Saving Account,46343.52,756,69357.84,0.9999999406298339
CIF01001360,Customer_1361,Oromia,Ordinary Saving Account,52921.85,368,69354.68,0.9996664215564541
CIF01008240,Customer_8241,Addis Ababa,Dekemezmur Saving Account,61848.98,998,69353.27,0.9999993476994632
CIF01005815,Customer_5816,Addis Ababa,Hiruyan Saving Account,47824.77,1607,69352.695,0.9999999166279451
CIF01007905,Customer_7906,Addis Ababa,Blatena Saving Account,15363.57,2195,69344.26,0.999999902796575
CIF01007912,Customer_7913,Oromia,Werazut Saving Account,14929.07,1868,69331.67,0.999999777211929
CIF01002016,Customer_2017,Addis Ababa,Janderebaw Saving Account,6194.11,1354,69327.984,0.9999999293403466
CIF01000537,Customer_538,Addis Ababa,Special Saving Account,54952.9,1293,69327.44,0.9999997836741421
CIF01008700,Customer_8701,Harari,Ordinary Saving Account,35637.96,1405,69327.29,0.9999999758642005
CIF01004508,Customer_4509,Benishangul-Gumuz,Ahadu Bereket Saving Account,805.14,647,69323.25,0.999999647570894
CIF01005742,Customer_5743,Oromia,Ordinary Saving Account,67641.71,489,69320.125,0.9999966532026814
CIF01001187,Customer_1188,Sidama,Dekemezmur Saving Account,15271.14,2388,69315.9,0.999999849548032
CIF01002878,Customer_2879,Amhara,Dekemezmur Saving Account,53866.65,2819,69304.45,0.9999999292303096
CIF01001298,Customer_1299,Amhara,Blatena Saving Account,1229.41,593,69295.05,0.9999989635579636
CIF01004194,Customer_4195,Amhara,Ordinary Saving Account,49096.21,1138,69294.68,0.999999986280415
CIF01007274,Customer_7275,Afar,Blatena Saving Account,5235.66,504,69288.09,0.9999998426441811
CIF01009712,Customer_9713,Addis Ababa,Sitota Saving Deposit,29391.13,1509,69280.414,0.9999999386735099
CIF01000896,Customer_897,Addis Ababa,Prime Customer Deposit Account,32122.94,1488,69260.73,0.9999999625795838
CIF01004937,Customer_4938,Addis Ababa,Ordinary Saving Account,8084.08,386,69257.46,0.9999995970131749
CIF01002009,Customer_2010,Amhara,Special Saving Account,63826.4,1578,69227.164,0.9999999490197925
CIF01000660,Customer_661,Benishangul-Gumuz,Ordinary Saving Account,78290.52,3116,69218.36,0.9999999926067371
CIF01009339,Customer_9340,Amhara,Ahadu Bereket Saving Account,9459.01,2447,69169.24,0.9999999505182453
CIF01002019,Customer_2020,Somali,Ordinary Saving Account,28246.19,1605,69166.97,0.9999998630350443
CIF01009196,Customer_9197,Addis Ababa,Blatena Saving Account,2283.17,756,69166.02,0.9999985041410948
CIF01002829,Customer_2830,SNNPR,Ordinary Saving Account,3683.57,1153,69157.31,0.9999997207263304
CIF01009585,Customer_9586,Addis Ababa,Blatena Saving Account,63478.2,1620,69143.36,0.9999999823899054
CIF01008285,Customer_8286,SNNPR,Dekemezmur Saving Account,18579.67,2916,69119.266,0.9999998639203874
CIF01009981,Customer_9982,Amhara,Ordinary Saving Account,11469.43,1567,69118.66,0.9999998706649894
CIF01005318,Customer_5319,Somali,Ordinary Saving Account,48714.34,1749,69107.44,0.9999999225471221
CIF01004584,Customer_4585,Oromia,Ordinary Saving Account,17256.74,512,69099.586,0.9999995966213093
CIF01009560,Customer_9561,Sidama,Ordinary Saving Account,3432.82,996,69051.305,0.999999883237605
CIF01004150,Customer_4151,Benishangul-Gumuz,Ahati Saving Account,3417.7,607,69044.81,0.9999986153286768
CIF01001319,Customer_1320,Oromia,Special Saving Account,12891.9,636,69015.9,0.999999070401814
CIF01007250,Customer_7251,Oromia,Prime Customer Deposit Account,84261.46,407,69013.516,0.9999971929643081
CIF01009143,Customer_9144,Addis Ababa,Special Saving Account,38623.73,1616,68998.336,0.9999999875294817
CIF01006588,Customer_6589,SNNPR,Janderebaw Saving Account,49252.27,3840,68994.86,0.9999999233452258
CIF01006829,Customer_6830,Dire Dawa,Ahati Saving Account,4650.54,739,68985.14,0.9999978756718879
CIF01005104,Customer_5105,Oromia,Special Saving Account,33609.75,1516,68984.84,0.9999999600892269
CIF01000036,Customer_37,Afar,Tirufat Savings Account,28334.45,2553,68981.1,0.9999998721195785
CIF01008768,Customer_8769,Oromia,Hiruyan Saving Account,28320.35,629,68920.52,0.9999999328087145
CIF01002225,Customer_2226,Amhara,Werazut Saving Account,10490.52,1855,68908.66,0.9999998580936852
CIF01009771,Customer_9772,Harari,Hiruyan Saving Account,65681.32,3632,68898.19,0.9999999829833132
CIF01001122,Customer_1123,Oromia,Blatena Saving Account,7421.77,1317,68889.28,0.9999999006078132
CIF01007150,Customer_7151,Benishangul-Gumuz,Werazut Saving Account,802.61,1376,68873.18,0.9999998129651272
CIF01006330,Customer_6331,Gambela,Prime Customer Deposit Account,9505.81,1856,68867.766,0.9999999279215034
CIF01004404,Customer_4405,Addis Ababa,Washera Saving Account,58304.34,568,68856.195,0.9999944305622598
CIF01005446,Customer_5447,Addis Ababa,Ordinary Saving Account,19135.2,1126,68826.1,0.9999999159219337
CIF01004587,Customer_4588,Oromia,Dekemezmur Saving Account,22903.95,2114,68826.055,0.999999971337204
CIF01009654,Customer_9655,Sidama,Ordinary Saving Account,7596.55,441,68815.86,0.9999995452902484
CIF01003667,Customer_3668,Oromia,Ordinary Saving Account,5703.45,587,68801.96,0.9999996051584457
CIF01009232,Customer_9233,SNNPR,Equb Saving Account,58986.64,2357,68783.125,0.999999931616026
CIF01003058,Customer_3059,SNNPR,Ahadu Bereket Saving Account,41783.28,2922,68778.11,0.9999999418765673
CIF01009956,Customer_9957,Addis Ababa,Tirufat Savings Account,21829.25,1081,68767.43,0.9999999403512481
CIF01003413,Customer_3414,Oromia,Ordinary Saving Account,20612.24,881,68753.07,0.9999997171861366
CIF01000562,Customer_563,SNNPR,Special Saving Account,76822.54,4704,68724.664,0.9999999741027519
CIF01000528,Customer_529,Addis Ababa,Ahati Saving Account,11711.31,513,68707.67,0.9999984438770203
CIF01008269,Customer_8270,Oromia,Ahadu Bereket Saving Account,23565.47,1115,68678.14,0.9999999701064575
CIF01006353,Customer_6354,Addis Ababa,Ordinary Saving Account,40644.49,889,68664.53,0.9999999816178097
CIF01005646,Customer_5647,SNNPR,Werazut Saving Account,7054.28,1837,68663.75,0.9999998774350597
CIF01006424,Customer_6425,Gambela,Ordinary Saving Account,33886.13,2562,68661.35,0.999999989057723
CIF01004804,Customer_4805,Addis Ababa,Ordinary Saving Account,10831.72,2336,68656.15,0.999999945249563
CIF01004358,Customer_4359,Amhara,Tirufat Savings Account,7391.9,1033,68651.45,0.9999999132479449
CIF01000396,Customer_397,Oromia,Hiruyan Saving Account,19939.32,882,68639.055,0.9999999438922951
CIF01006781,Customer_6782,Addis Ababa,Special Saving Account,43178.51,5521,68635.03,0.9999999103545307
CIF01004494,Customer_4495,Oromia,Ordinary Saving Account,44588.37,1664,68612.14,0.9999999758109764
CIF01008845,Customer_8846,SNNPR,Abew Saving Account,55457.19,829,68611.54,0.9999998368660983
CIF01001455,Customer_1456,Addis Ababa,Tirufat Savings Account,25521.79,1658,68606.195,0.9999999473991398
CIF01002383,Customer_2384,Oromia,Sitota Saving Deposit,18175.72,1376,68589.91,0.9999998048567135
CIF01005798,Customer_5799,Oromia,Ordinary Saving Account,12212.1,2215,68585.89,0.999999802084124
CIF01005671,Customer_5672,SNNPR,Special Saving Account,65862.84,1114,68573.57,0.9999997857414561
CIF01004940,Customer_4941,Tigray,Special Saving Account,19583.98,2842,68554.14,0.9999997300607255
CIF01009341,Customer_9342,Oromia,Ordinary Saving Account,65613.24,425,68550.45,0.9999986320954297
CIF01002677,Customer_2678,Oromia,Ordinary Saving Account,53418.47,2073,68549.44,0.9999999880452418
CIF01005938,Customer_5939,Addis Ababa,Janderebaw Saving Account,7383.92,623,68543.914,0.9999982096479109
CIF01003428,Customer_3429,Addis Ababa,Ordinary Saving Account,45978.98,727,68537.266,0.9999985402134295
CIF01008917,Customer_8918,Addis Ababa,Ordinary Saving Account,32176.3,697,68535.24,0.9999987606323953
CIF01009632,Customer_9633,Tigray,Agape Saving Account,10522.75,635,68519.336,0.9999990821841658
CIF01006079,Customer_6080,Oromia,Ordinary Saving Account,32241.42,3150,68514.1,0.9999999558491219
CIF01000124,Customer_125,Benishangul-Gumuz,Ordinary Saving Account,50019.75,3960,68498.45,0.9999999829232195
CIF01006414,Customer_6415,Oromia,Tirufat Savings Account,73045.47,5604,68489.19,0.9999999810540113
CIF01007458,Customer_7459,Oromia,Blatena Saving Account,20632.59,3535,68479.695,0.9999999552808245
CIF01001297,Customer_1298,Tigray,Ahati Saving Account,13396.28,468,68467.1,0.9999903242189342
CIF01000436,Customer_437,Oromia,Ahadu Bereket Saving Account,41693.87,2460,68462.38,0.9999999835784235
CIF01003032,Customer_3033,SNNPR,Ordinary Saving Account,32408.69,3787,68394.29,0.9999998893866426
CIF01005712,Customer_5713,Addis Ababa,Ahati Saving Account,36877.52,2526,68370.36,0.9999999063809047
CIF01005634,Customer_5635,Addis Ababa,Blatena Saving Account,19490.23,1863,68348.086,0.9999999091108531
CIF01009859,Customer_9860,Amhara,Blatena Saving Account,48764.69,1059,68330.516,0.9999999718368832
CIF01006796,Customer_6797,Sidama,Ahati Saving Account,18921.56,788,68310.83,0.9999999179099958
CIF01003434,Customer_3435,Oromia,Dekemezmur Saving Account,8774.4,2425,68294.12,0.9999998615754065
CIF01008459,Customer_8460,Addis Ababa,Sitota Saving Deposit,44457.49,3705,68286.31,0.9999999389519094
CIF01001560,Customer_1561,Addis Ababa,Ordinary Saving Account,62372.91,3009,68274.266,0.999999931000619
CIF01001562,Customer_1563,Addis Ababa,Ordinary Saving Account,66344.67,1467,68272.766,0.9999999668848196
CIF01009298,Customer_9299,SNNPR,Ordinary Saving Account,20448.62,1346,68272.164,0.9999999555181349
CIF01003250,Customer_3251,Amhara,Sitota Saving Deposit,319.63,1257,68270.09,0.9999996590841914
CIF01001695,Customer_1696,Benishangul-Gumuz,Blatena Saving Account,38012.01,4199,68239.914,0.9999999925722247
CIF01009270,Customer_9271,Somali,Abew Saving Account,55326.98,2670,68239.79,0.9999999430579635
CIF01002417,Customer_2418,Oromia,Washera Saving Account,63353.39,1975,68238.26,0.999999891288994
CIF01003044,Customer_3045,Addis Ababa,Special Saving Account,1287.76,2233,68235.29,0.9999992787308161
CIF01005093,Customer_5094,Benishangul-Gumuz,Ahadu Bereket Saving Account,56614.01,1182,68209.9,0.9999996084023516
CIF01008243,Customer_8244,Addis Ababa,Blatena Saving Account,16553.19,1353,68199.13,0.9999998929645147
CIF01001031,Customer_1032,Amhara,Dekemezmur Saving Account,32653.72,3414,68184.914,0.9999999490519577
CIF01008453,Customer_8454,Addis Ababa,Special Saving Account,8434.49,674,68180.31,0.9999972117760909
CIF01005711,Customer_5712,SNNPR,Special Saving Account,1709.29,2229,68124.91,0.9999996901809335
CIF01000268,Customer_269,Addis Ababa,Sitota Saving Deposit,3337.31,756,68072.016,0.9999982434411125
CIF01001545,Customer_1546,Tigray,Dekemezmur Saving Account,35152.53,1602,68070.86,0.999999955493184
CIF01008339,Customer_8340,Sidama,Hiruyan Saving Account,75724.46,1573,68068.38,0.9999998991451975
CIF01003451,Customer_3452,SNNPR,Special Saving Account,42348.95,3101,68054.32,0.9999999519049684
CIF01003891,Customer_3892,Harari,Equb Saving Account,31157.31,2658,68038.555,0.9999998939098792
CIF01008231,Customer_8232,Sidama,Special Saving Account,2902.96,1073,68017.43,0.9999995875944587
CIF01000440,Customer_441,Addis Ababa,Special Saving Account,40166.11,1094,67989.57,0.9999998073941785
CIF01004943,Customer_4944,Addis Ababa,Werazut Saving Account,47956.77,2674,67974.51,0.9999999594861747
CIF01006756,Customer_6757,Addis Ababa,Ordinary Saving Account,45064.2,888,67971.26,0.9999999770243185
CIF01003970,Customer_3971,Amhara,Werazut Saving Account,33717.66,1021,67959.266,0.9999998397761861
CIF01008093,Customer_8094,Addis Ababa,Ordinary Saving Account,82721.36,3912,67954.57,0.9999999317240389
CIF01007691,Customer_7692,Addis Ababa,Special Saving Account,30551.37,3668,67946.81,0.9999999522393302
CIF01002177,Customer_2178,Sidama,Special Saving Account,42098.13,618,67935.41,0.9999955218082174
CIF01008830,Customer_8831,Amhara,Blatena Saving Account,86198.63,2647,67924.266,0.9999999795786121
CIF01005604,Customer_5605,Oromia,Special Saving Account,5697.61,1603,67921.02,0.9999995107902115
CIF01009653,Customer_9654,Sidama,Hiruyan Saving Account,15448.11,1271,67919.95,0.9999997996312606
CIF01003762,Customer_3763,SNNPR,Ahadu Bereket Saving Account,25644.61,2268,67891.14,0.9999999918258075
CIF01009819,Customer_9820,SNNPR,Special Saving Account,5760.57,567,67884.125,0.9999972711816794
CIF01003015,Customer_3016,Oromia,Ahadu Bereket Saving Account,16832.03,931,67874.57,0.9999997626786156
CIF01008118,Customer_8119,SNNPR,Janderebaw Saving Account,26992.05,2437,67866.0,0.9999999433332379
CIF01009770,Customer_9771,Addis Ababa,Ahadu Bereket Saving Account,70957.86,539,67856.52,0.9999968940211303
CIF01004153,Customer_4154,Amhara,Ordinary Saving Account,8027.74,2404,67850.45,0.9999998534931954
CIF01005719,Customer_5720,SNNPR,Janderebaw Saving Account,46727.71,1930,67843.055,0.9999998935769865
CIF01007773,Customer_7774,Benishangul-Gumuz,Special Saving Account,63782.95,4940,67806.77,0.9999999818583302
CIF01002118,Customer_2119,Amhara,Blatena Saving Account,87661.41,816,67805.7,0.9999998561598551
CIF01003477,Customer_3478,SNNPR,Blatena Saving Account,62687.98,3296,67772.11,0.9999998552639459
CIF01000104,Customer_105,Addis Ababa,Dekemezmur Saving Account,42870.88,657,67758.125,0.9999984498547205
CIF01007802,Customer_7803,Sidama,Blatena Saving Account,41013.89,745,67752.75,0.9999983340847322
CIF01002860,Customer_2861,Addis Ababa,Couples Saving Deposit,80274.36,5222,67741.53,0.9999999821156548
CIF01004696,Customer_4697,SNNPR,Tirufat Savings Account,2053.83,1346,67733.53,0.9999997964737403
CIF01009540,Customer_9541,Oromia,Ordinary Saving Account,34862.25,3432,67732.77,0.9999999661525902
CIF01002237,Customer_2238,Tigray,Werazut Saving Account,89161.28,385,67731.49,0.9999915029389999
CIF01001575,Customer_1576,Addis Ababa,Janderebaw Saving Account,42047.31,414,67723.5,0.9999996453231926
CIF01000637,Customer_638,Addis Ababa,Special Saving Account,13187.45,510,67716.76,0.9999960276815678
CIF01005079,Customer_5080,SNNPR,Ordinary Saving Account,18290.12,3377,67699.09,0.9999998418558121
CIF01000814,Customer_815,Addis Ababa,Abew Saving Account,10031.47,1824,67695.99,0.999999854935038
CIF01005487,Customer_5488,Amhara,Werazut Saving Account,8168.23,1988,67672.24,0.9999998122066309
CIF01002890,Customer_2891,Addis Ababa,Abew Saving Account,30564.39,1181,67659.07,0.9999999476367142
CIF01001154,Customer_1155,Amhara,Special Saving Account,25752.99,970,67655.11,0.9999998952474393
CIF01004101,Customer_4102,Somali,Werazut Saving Account,39190.3,1003,67649.87,0.9999999202466426
CIF01001447,Customer_1448,Oromia,Ordinary Saving Account,2573.26,2240,67645.9,0.9999997727928253
CIF01006309,Customer_6310,Harari,Ahati Saving Account,29087.12,2415,67644.17,0.999999968715611
CIF01002977,Customer_2978,Sidama,Blatena Saving Account,22153.1,1316,67637.82,0.9999998515963493
CIF01003754,Customer_3755,SNNPR,Hiruyan Saving Account,5311.27,945,67625.58,0.9999997698582682
CIF01006275,Customer_6276,SNNPR,Werazut Saving Account,64583.29,3705,67624.2,0.9999999552937715
CIF01009501,Customer_9502,Addis Ababa,Asrat Bekurat Saving Account,7749.57,2602,67593.555,0.9999999479350323
CIF01004403,Customer_4404,Addis Ababa,Ahadu Bereket Saving Account,14785.01,2886,67587.66,0.9999999024182771
CIF01007210,Customer_7211,Amhara,Ordinary Saving Account,55481.22,1160,67566.38,0.9999999310037108
CIF01007485,Customer_7486,Tigray,Asrat Bekurat Saving Account,2121.07,2336,67560.945,0.9999996451397482
CIF01005623,Customer_5624,Amhara,Ordinary Saving Account,68418.92,1074,67548.53,0.9999998325916482
CIF01005715,Customer_5716,Oromia,Equb Saving Account,1795.28,1891,67539.27,0.9999996926332299
CIF01005422,Customer_5423,Oromia,Hiruyan Saving Account,7281.62,526,67532.13,0.999999705887778
CIF01005489,Customer_5490,Addis Ababa,Dekemezmur Saving Account,1406.16,373,67522.37,0.9999966052620273
CIF01004809,Customer_4810,Addis Ababa,Ahati Saving Account,64813.46,2274,67498.41,0.9999999344328819
CIF01001773,Customer_1774,Addis Ababa,Werazut Saving Account,46776.27,1071,67456.61,0.999999991574058
CIF01001383,Customer_1384,SNNPR,Ordinary Saving Account,57624.14,1251,67452.94,0.9999998679117444
CIF01008728,Customer_8729,Oromia,Washera Saving Account,19761.43,1073,67447.69,0.9999998643216175
CIF01003453,Customer_3454,Oromia,Janderebaw Saving Account,1258.91,1401,67447.125,0.9999995711844758
CIF01005628,Customer_5629,Addis Ababa,Prime Customer Deposit Account,2548.38,2232,67415.016,0.9999996804341871
CIF01002005,Customer_2006,Tigray,Ordinary Saving Account,43557.85,2424,67375.06,0.9999999235452731
CIF01008148,Customer_8149,Oromia,Washera Saving Account,37972.48,2299,67364.586,0.9999999343889577
CIF01000974,Customer_975,Addis Ababa,Ahati Saving Account,13379.06,819,67363.46,0.999999870742095
CIF01006662,Customer_6663,Addis Ababa,Ordinary Saving Account,72509.39,496,67360.805,0.9999971362526022
CIF01005613,Customer_5614,Oromia,Ordinary Saving Account,5241.81,610,67342.17,0.9999989996638375
CIF01004005,Customer_4006,Sidama,Ordinary Saving Account,65581.09,1144,67337.586,0.9999996994311844
CIF01007529,Customer_7530,Addis Ababa,Ahati Saving Account,14230.41,886,67328.85,0.9999998417404945
CIF01004280,Customer_4281,Somali,Special Saving Account,9752.22,1291,67325.91,0.9999998736719837
CIF01000967,Customer_968,Amhara,Abew Saving Account,4569.32,457,67321.7,0.9999991925471682
CIF01002637,Customer_2638,Addis Ababa,Ahadu Bereket Saving Account,43181.51,2743,67321.69,0.9999999648389449
CIF01008442,Customer_8443,Addis Ababa,Special Saving Account,31497.65,2012,67313.11,0.9999998817939022
CIF01006081,Customer_6082,SNNPR,Ordinary Saving Account,7460.08,1146,67310.38,0.9999997327044705
CIF01008607,Customer_8608,Amhara,Dekemezmur Saving Account,65558.4,1837,67299.875,0.9999999147080514
CIF01002583,Customer_2584,Sidama,Agape Saving Account,6177.48,559,67291.945,0.9999968216190065
CIF01001047,Customer_1048,Oromia,Asrat Bekurat Saving Account,2773.11,1501,67284.35,0.9999997352971121
CIF01003265,Customer_3266,Sidama,Washera Saving Account,12764.06,414,67268.36,0.9999949274242985
CIF01007953,Customer_7954,Addis Ababa,Ordinary Saving Account,79148.39,5696,67255.72,0.9999999754450094
CIF01001755,Customer_1756,Addis Ababa,Special Saving Account,20171.43,778,67232.07,0.9999997918790382
CIF01009991,Customer_9992,Addis Ababa,Special Saving Account,12221.17,1351,67230.49,0.9999999047854997
CIF01003282,Customer_3283,Oromia,Dekemezmur Saving Account,50137.93,4616,67229.63,0.999999974348903
CIF01005212,Customer_5213,Addis Ababa,Hiruyan Saving Account,16274.98,1468,67226.83,0.9999998323856224
CIF01003396,Customer_3397,Dire Dawa,Dekemezmur Saving Account,31657.24,1315,67221.66,0.9999999574199179
CIF01000382,Customer_383,Addis Ababa,Ordinary Saving Account,59053.38,1085,67213.43,0.9999999158153365
CIF01000624,Customer_625,Amhara,Blatena Saving Account,7911.16,847,67207.44,0.9999998628371461
CIF01007271,Customer_7272,Amhara,Tirufat Savings Account,493.77,438,67151.38,0.9999933758155116
CIF01008410,Customer_8411,Addis Ababa,Prime Customer Deposit Account,32462.42,972,67151.14,0.9999999094253802
CIF01006939,Customer_6940,Amhara,Janderebaw Saving Account,9941.47,1259,67151.04,0.9999997730931303
CIF01000517,Customer_518,Oromia,Ordinary Saving Account,9820.28,1748,67107.82,0.9999997996008889
CIF01005962,Customer_5963,Oromia,Werazut Saving Account,48563.31,1943,67107.5,0.9999998931924411
CIF01007045,Customer_7046,Amhara,Ordinary Saving Account,24650.72,3003,67065.34,0.999999966946326
CIF01006672,Customer_6673,Tigray,Couples Saving Deposit,1763.08,1621,67043.875,0.9999997368888904
CIF01006536,Customer_6537,Oromia,Washera Saving Account,3144.71,517,67040.54,0.9999977617705244
CIF01005323,Customer_5324,Addis Ababa,Hiruyan Saving Account,1563.79,968,67005.86,0.9999999026521983
CIF01004375,Customer_4376,Amhara,Special Saving Account,34172.48,650,66978.46,0.9999992261474477
CIF01008654,Customer_8655,Tigray,Dekemezmur Saving Account,48605.3,4356,66963.445,0.9999999635117005
CIF01001435,Customer_1436,SNNPR,Equb Saving Account,53473.01,3346,66950.234,0.9999999938344413
CIF01008239,Customer_8240,Oromia,Werazut Saving Account,72286.19,406,66949.38,0.9999969550427578
CIF01007764,Customer_7765,Addis Ababa,Werazut Saving Account,28752.35,493,66921.36,0.9999995576809988
CIF01004240,Customer_4241,Addis Ababa,Special Saving Account,11343.41,784,66909.7,0.9999997440609896
CIF01002572,Customer_2573,Tigray,Special Saving Account,69999.25,3963,66879.13,0.9999999665503723
CIF01007404,Customer_7405,Oromia,Ordinary Saving Account,17688.06,2305,66877.55,0.9999998664503312
CIF01000472,Customer_473,Oromia,Abew Saving Account,17431.02,1462,66858.586,0.9999997701607302
CIF01005246,Customer_5247,Addis Ababa,Asrat Bekurat Saving Account,9698.54,2719,66857.05,0.9999998822573329
CIF01006987,Customer_6988,Tigray,Ordinary Saving Account,7991.9,1001,66828.09,0.9999998235156419
CIF01002703,Customer_2704,Dire Dawa,Couples Saving Deposit,46765.54,4377,66782.664,0.9999999225540999
CIF01006877,Customer_6878,Benishangul-Gumuz,Ordinary Saving Account,47840.32,643,66769.586,0.9999990506705227
CIF01008295,Customer_8296,Tigray,Ordinary Saving Account,66175.76,777,66753.24,0.9999997225598997
CIF01000973,Customer_974,Amhara,Agape Saving Account,24840.96,2851,66744.055,0.9999998939536562
CIF01004515,Customer_4516,SNNPR,Couples Saving Deposit,33596.34,1237,66696.6,0.9999999916246102
CIF01006481,Customer_6482,Gambela,Ahati Saving Account,60365.07,2083,66682.45,0.9999999606464351
CIF01005808,Customer_5809,SNNPR,Abew Saving Account,56417.13,639,66681.27,0.9999952153839419
CIF01000500,Customer_501,Tigray,Blatena Saving Account,15751.48,1836,66679.64,0.999999934639477
CIF01000315,Customer_316,Addis Ababa,Prime Customer Deposit Account,60286.48,3126,66654.14,0.9999999302040163
CIF01003209,Customer_3210,Addis Ababa,Ahadu Bereket Saving Account,293.27,1238,66650.484,0.9999997027743333
CIF01004576,Customer_4577,Oromia,Dekemezmur Saving Account,4631.84,2321,66641.74,0.999999975072503
CIF01000450,Customer_451,Dire Dawa,Tirufat Savings Account,2034.85,836,66583.34,0.9999998817612692
CIF01005610,Customer_5611,Tigray,Ordinary Saving Account,7755.92,1631,66580.13,0.9999998230659937
CIF01008714,Customer_8715,Amhara,Werazut Saving Account,28907.23,3735,66561.97,0.9999998442396941
CIF01005156,Customer_5157,SNNPR,Janderebaw Saving Account,35750.73,1683,66550.35,0.9999999244887824
CIF01006797,Customer_6798,Amhara,Ordinary Saving Account,2880.41,413,66516.58,0.9999994416361342
CIF01003530,Customer_3531,Addis Ababa,Ordinary Saving Account,22707.36,2429,66506.93,0.9999999115873666
CIF01000277,Customer_278,Tigray,Special Saving Account,4603.58,1559,66505.625,0.999999830049171
CIF01001830,Customer_1831,Oromia,Werazut Saving Account,32952.31,1214,66499.06,0.999999963795611
CIF01004227,Customer_4228,Addis Ababa,Ahadu Bereket Saving Account,15202.68,1047,66485.41,0.9999997756153326
CIF01004848,Customer_4849,Harari,Agape Saving Account,63902.06,3936,66482.91,0.9999999853795039
CIF01008130,Customer_8131,SNNPR,Werazut Saving Account,1992.61,1494,66481.77,0.9999995658405123
CIF01007053,Customer_7054,Amhara,Asrat Bekurat Saving Account,10845.5,1260,66477.516,0.9999999565877425
CIF01003989,Customer_3990,SNNPR,Werazut Saving Account,15082.24,1715,66440.805,0.9999997988337498
CIF01008563,Customer_8564,Addis Ababa,Ahati Saving Account,66032.43,1147,66426.805,0.9999999453389709
CIF01000066,Customer_67,Tigray,Special Saving Account,14156.86,887,66409.37,0.9999995015328769
CIF01000342,Customer_343,Amhara,Blatena Saving Account,9996.42,1724,66401.1,0.9999998681820835
CIF01001073,Customer_1074,Oromia,Ahati Saving Account,21618.73,3471,66393.65,0.999999949776276
CIF01003108,Customer_3109,Addis Ababa,Special Saving Account,2172.72,388,66389.31,0.9999946140129437
CIF01000464,Customer_465,SNNPR,Special Saving Account,80197.73,1432,66379.64,0.9999997934490295
CIF01008002,Customer_8003,SNNPR,Special Saving Account,33641.09,591,66377.43,0.9999971081287499
CIF01000088,Customer_89,Amhara,Special Saving Account,65654.51,3759,66375.41,0.9999999729723931
CIF01005897,Customer_5898,Sidama,Special Saving Account,51554.96,1573,66362.12,0.9999999464072611
CIF01001831,Customer_1832,SNNPR,Blatena Saving Account,9953.06,472,66360.78,0.9999927432068418
CIF01005510,Customer_5511,Tigray,Werazut Saving Account,2176.74,601,66313.766,0.999999571726863
CIF01004443,Customer_4444,Tigray,Ahadu Bereket Saving Account,9222.12,1181,66284.03,0.9999997540890945
CIF01006616,Customer_6617,Amhara,Washera Saving Account,6177.53,1769,66275.85,0.9999995350932275
CIF01008199,Customer_8200,Amhara,Hiruyan Saving Account,55942.14,676,66248.09,0.9999995384176233
CIF01002455,Customer_2456,Amhara,Tirufat Savings Account,20490.62,2138,66246.69,0.9999997004366294
CIF01001462,Customer_1463,Oromia,Special Saving Account,38479.83,1264,66227.71,0.9999999622846351
CIF01003893,Customer_3894,Addis Ababa,Blatena Saving Account,32484.82,2568,66226.3,0.9999999922648214
CIF01007243,Customer_7244,Oromia,Abew Saving Account,4527.23,1916,66219.3,0.9999998901532933
CIF01004475,Customer_4476,Amhara,Special Saving Account,14684.29,1107,66215.9,0.9999996377456066
CIF01002484,Customer_2485,Oromia,Couples Saving Deposit,1471.58,1295,66191.03,0.9999997698749109
CIF01007733,Customer_7734,Gambela,Special Saving Account,7824.99,1181,66181.29,0.9999998449136748
CIF01007788,Customer_7789,Oromia,Washera Saving Account,12445.95,537,66160.47,0.9999951690253377
CIF01002006,Customer_2007,Amhara,Werazut Saving Account,25959.31,1016,66159.17,0.999999830374343
CIF01007273,Customer_7274,Tigray,Prime Customer Deposit Account,22029.92,1995,66134.05,0.9999998332567765
CIF01001148,Customer_1149,Oromia,Washera Saving Account,26549.53,1745,66131.58,0.9999999659206611
CIF01000920,Customer_921,Tigray,Special Saving Account,460.67,772,66125.52,0.9999997081317736
CIF01002165,Customer_2166,Harari,Prime Customer Deposit Account,30341.61,384,66121.836,0.999999900354703
CIF01002701,Customer_2702,Amhara,Werazut Saving Account,41783.12,702,66118.34,0.9999994227652916
CIF01001216,Customer_1217,Amhara,Ordinary Saving Account,18388.35,1996,66111.67,0.9999999259844489
CIF01000685,Customer_686,Addis Ababa,Prime Customer Deposit Account,27763.65,3975,66084.64,0.9999999589369252
CIF01005227,Customer_5228,Amhara,Washera Saving Account,20660.92,1116,66082.17,0.9999998959865027
CIF01000514,Customer_515,Amhara,Blatena Saving Account,10653.99,800,66069.95,0.999999948576417
CIF01004186,Customer_4187,Addis Ababa,Ordinary Saving Account,10670.72,736,66056.28,0.9999984563142876
CIF01003214,Customer_3215,Harari,Prime Customer Deposit Account,42618.7,2454,66042.0,0.9999999761589594
CIF01009130,Customer_9131,SNNPR,Werazut Saving Account,73606.32,612,66030.984,0.9999922898148511
CIF01008001,Customer_8002,Amhara,Asrat Bekurat Saving Account,40625.94,4646,66022.36,0.9999999908606453
CIF01008688,Customer_8689,Addis Ababa,Werazut Saving Account,79600.55,3906,65993.05,0.9999999499613356
CIF01005005,Customer_5006,Addis Ababa,Asrat Bekurat Saving Account,77264.24,2341,65974.29,0.9999999738420686
CIF01008844,Customer_8845,Amhara,Ahadu Bereket Saving Account,80373.99,1081,65966.805,0.9999999231568754
CIF01001674,Customer_1675,Sidama,Ordinary Saving Account,1611.07,392,65958.68,0.9999973120339706
CIF01003725,Customer_3726,Addis Ababa,Ordinary Saving Account,35401.73,3699,65954.266,0.9999999723715168
CIF01006974,Customer_6975,SNNPR,Ahadu Bereket Saving Account,59145.73,1756,65952.64,0.9999999192904913
CIF01004385,Customer_4386,Addis Ababa,Ahati Saving Account,20874.68,2147,65951.47,0.999999861052794
CIF01005328,Customer_5329,Oromia,Blatena Saving Account,73658.94,2171,65947.98,0.9999999786539266
CIF01003800,Customer_3801,Sidama,Ordinary Saving Account,60694.36,1323,65943.54,0.9999991984463855
CIF01007076,Customer_7077,Harari,Dekemezmur Saving Account,10913.53,2560,65923.15,0.9999999491668247
CIF01003135,Customer_3136,Oromia,Ahadu Bereket Saving Account,7334.83,1449,65915.13,0.9999999433032124
CIF01005428,Customer_5429,Addis Ababa,Ordinary Saving Account,15918.77,1719,65898.44,0.9999999161229093
CIF01006554,Customer_6555,Oromia,Ordinary Saving Account,689.06,2129,65894.28,0.9999996102724518
CIF01003555,Customer_3556,SNNPR,Equb Saving Account,37208.82,2964,65886.555,0.9999999389506247
CIF01000042,Customer_43,Addis Ababa,Special Saving Account,43881.62,493,65866.33,0.999998261488352
CIF01009471,Customer_9472,Dire Dawa,Blatena Saving Account,11321.24,2616,65857.72,0.9999998661324375
CIF01006462,Customer_6463,SNNPR,Ordinary Saving Account,39100.31,4363,65854.016,0.9999999567217964
CIF01008473,Customer_8474,Tigray,Sitota Saving Deposit,79650.63,3454,65852.47,0.9999999646038303
CIF01000470,Customer_471,Oromia,Ordinary Saving Account,82912.79,2867,65819.64,0.9999999918126944
CIF01005987,Customer_5988,Sidama,Asrat Bekurat Saving Account,25627.43,458,65785.61,0.9999993609928564
CIF01009964,Customer_9965,Tigray,Ahadu Bereket Saving Account,1963.63,2287,65784.05,0.9999998610460015
CIF01004778,Customer_4779,Afar,Blatena Saving Account,869.32,2408,65771.086,0.9999998036544694
CIF01000178,Customer_179,SNNPR,Ordinary Saving Account,55057.94,4068,65742.54,0.9999999393370468
CIF01007487,Customer_7488,Oromia,Dekemezmur Saving Account,10889.0,1312,65735.56,0.9999998722152327
CIF01004412,Customer_4413,Addis Ababa,Tirufat Savings Account,75867.31,2336,65688.5,0.9999999222007473
CIF01000077,Customer_78,Amhara,Hiruyan Saving Account,8549.63,1564,65663.06,0.9999999560397493
CIF01004689,Customer_4690,Addis Ababa,Abew Saving Account,2895.29,2545,65660.98,0.9999998463632856
CIF01009523,Customer_9524,SNNPR,Ordinary Saving Account,3110.87,2337,65656.23,0.999999821878369
CIF01001006,Customer_1007,Benishangul-Gumuz,Special Saving Account,15501.48,535,65632.92,0.999999400331587
CIF01006860,Customer_6861,Addis Ababa,Ordinary Saving Account,51770.09,370,65601.73,0.9999965004783375
CIF01006426,Customer_6427,Tigray,Prime Customer Deposit Account,55050.27,1517,65593.17,0.9999998846154698
CIF01007251,Customer_7252,Sidama,Washera Saving Account,21369.72,1817,65575.93,0.9999998330371264
CIF01003798,Customer_3799,Addis Ababa,Ahadu Bereket Saving Account,4234.2,2335,65573.836,0.9999999222822806
CIF01004554,Customer_4555,Tigray,Ahati Saving Account,16659.8,2451,65573.74,0.9999997291440154
CIF01006581,Customer_6582,SNNPR,Special Saving Account,8709.49,896,65568.734,0.9999996499471093
CIF01006661,Customer_6662,Addis Ababa,Blatena Saving Account,21114.17,1383,65552.1,0.9999999600224561
CIF01004469,Customer_4470,Amhara,Ahadu Bereket Saving Account,51019.66,592,65515.17,0.9999993759443093
CIF01007658,Customer_7659,Amhara,Ahadu Bereket Saving Account,1179.93,783,65507.4,0.9999998507557092
CIF01000412,Customer_413,Addis Ababa,Tirufat Savings Account,29746.07,1471,65501.504,0.9999998397830349
CIF01002816,Customer_2817,Dire Dawa,Equb Saving Account,2519.71,733,65491.4,0.9999993797930543
CIF01000750,Customer_751,Addis Ababa,Hiruyan Saving Account,8203.15,488,65472.992,0.9999985019996684
CIF01008008,Customer_8009,Gambela,Agape Saving Account,24932.84,943,65433.312,0.9999999781463456
CIF01009243,Customer_9244,Oromia,Asrat Bekurat Saving Account,7625.76,1832,65405.316,0.999999773518685
CIF01009581,Customer_9582,Addis Ababa,Blatena Saving Account,7787.33,1462,65397.848,0.9999998779012231
CIF01003425,Customer_3426,Addis Ababa,Asrat Bekurat Saving Account,21234.29,1384,65387.867,0.9999998995967941
CIF01007551,Customer_7552,Oromia,Agape Saving Account,20696.27,2776,65383.63,0.999999927540559
CIF01005720,Customer_5721,SNNPR,Ahadu Bereket Saving Account,2808.41,499,65381.812,0.999999105561419
CIF01005122,Customer_5123,Afar,Ahadu Bereket Saving Account,2065.98,733,65349.95,0.9999987109727448
CIF01006711,Customer_6712,SNNPR,Janderebaw Saving Account,70237.76,1427,65344.043,0.9999998019507416
CIF01008689,Customer_8690,Amhara,Equb Saving Account,5536.92,1503,65342.67,0.9999999559392218
CIF01007928,Customer_7929,SNNPR,Equb Saving Account,42191.64,1171,65338.883,0.9999999476135345
CIF01002065,Customer_2066,Addis Ababa,Tirufat Savings Account,46795.82,701,65337.25,0.9999972134971428
CIF01007608,Customer_7609,Addis Ababa,Ordinary Saving Account,80233.21,2929,65322.773,0.9999999847676448
CIF01007091,Customer_7092,Oromia,Werazut Saving Account,1077.84,972,65313.76,0.9999994601608152
CIF01001325,Customer_1326,Amhara,Dekemezmur Saving Account,2398.81,1069,65308.332,0.9999999507663049
CIF01000376,Customer_377,Addis Ababa,Ahadu Bereket Saving Account,11363.63,1014,65305.727,0.9999999016354756
CIF01004258,Customer_4259,Addis Ababa,Ordinary Saving Account,9643.7,635,65285.223,0.9999982964847361
CIF01001468,Customer_1469,Addis Ababa,Special Saving Account,976.94,601,65278.52,0.999998677300582
CIF01002649,Customer_2650,Amhara,Ordinary Saving Account,7669.65,1224,65277.36,0.999999864496299
CIF01003487,Customer_3488,Addis Ababa,Ahati Saving Account,34758.63,1859,65276.28,0.9999998446707309
CIF01005044,Customer_5045,Addis Ababa,Agape Saving Account,49558.02,412,65265.406,0.9999982051171243
CIF01005752,Customer_5753,SNNPR,Werazut Saving Account,38391.52,966,65263.145,0.9999998726940704
CIF01000573,Customer_574,Harari,Tirufat Savings Account,6967.52,1170,65262.81,0.9999994057968855
CIF01000288,Customer_289,Dire Dawa,Washera Saving Account,861.23,1628,65259.434,0.999999690564283
CIF01002819,Customer_2820,Amhara,Special Saving Account,5339.47,456,65251.95,0.9999987825943978
CIF01004315,Customer_4316,Gambela,Blatena Saving Account,3050.43,517,65248.258,0.9999987499834018
CIF01008729,Customer_8730,Tigray,Blatena Saving Account,42143.82,984,65224.14,0.9999999484662916
CIF01003678,Customer_3679,Amhara,Ordinary Saving Account,1263.17,379,65212.79,0.9999977432420742
CIF01003328,Customer_3329,Addis Ababa,Ahadu Bereket Saving Account,71094.55,1255,65206.41,0.9999996709428346
CIF01001608,Customer_1609,SNNPR,Special Saving Account,16684.38,584,65206.36,0.999996756070864
CIF01007960,Customer_7961,Harari,Ordinary Saving Account,53718.8,1013,65203.78,0.9999999851354009
CIF01007092,Customer_7093,Amhara,Ahati Saving Account,53708.71,621,65202.957,0.9999997234049073
CIF01008557,Customer_8558,Amhara,Prime Customer Deposit Account,2225.78,907,65190.78,0.9999998713161181
CIF01005908,Customer_5909,Somali,Ordinary Saving Account,61716.49,615,65131.78,0.9999979080087212
CIF01005314,Customer_5315,Dire Dawa,Special Saving Account,72883.54,701,65118.95,0.999998143942798
CIF01009927,Customer_9928,Addis Ababa,Dekemezmur Saving Account,28423.0,2772,65116.543,0.9999998669948197
CIF01005342,Customer_5343,Amhara,Ordinary Saving Account,11180.02,763,65104.695,0.9999997851888678
CIF01009434,Customer_9435,Oromia,Tirufat Savings Account,14464.17,2808,65066.145,0.9999995981861969
CIF01004407,Customer_4408,Addis Ababa,Tirufat Savings Account,6541.22,708,65059.16,0.999999339456304
CIF01006926,Customer_6927,Oromia,Blatena Saving Account,88193.72,3347,65056.973,0.9999999650375361
CIF01006719,Customer_6720,Addis Ababa,Ordinary Saving Account,21145.55,1556,64973.152,0.9999999204691682
CIF01004033,Customer_4034,Sidama,Ordinary Saving Account,89388.34,4867,64955.113,0.9999999727534034
CIF01004310,Customer_4311,Oromia,Special Saving Account,3821.51,1455,64955.035,0.9999998647684111
CIF01001852,Customer_1853,Oromia,Washera Saving Account,652.88,752,64946.094,0.9999990735157294
CIF01004841,Customer_4842,Tigray,Dekemezmur Saving Account,21556.42,732,64944.766,0.9999960165713677
CIF01006953,Customer_6954,Oromia,Blatena Saving Account,2071.41,429,64934.83,0.9999988301369983
CIF01003006,Customer_3007,Tigray,Special Saving Account,23045.9,3405,64926.902,0.9999998571675157
CIF01002598,Customer_2599,Addis Ababa,Special Saving Account,10513.76,3061,64923.49,0.9999996326588777
CIF01002156,Customer_2157,Afar,Special Saving Account,50803.84,1987,64886.31,0.9999998658350198
CIF01004009,Customer_4010,Addis Ababa,Dekemezmur Saving Account,830.39,755,64883.887,0.999999900524546
CIF01004827,Customer_4828,Tigray,Ordinary Saving Account,34144.88,4078,64869.82,0.9999998926343852
CIF01009480,Customer_9481,Addis Ababa,Dekemezmur Saving Account,58865.3,678,64856.574,0.99999675376818
CIF01009444,Customer_9445,Harari,Sitota Saving Deposit,15538.87,1095,64845.22,0.9999998034336492
CIF01009904,Customer_9905,Addis Ababa,Ordinary Saving Account,17968.76,1464,64832.258,0.9999999438428369
CIF01000701,Customer_702,Addis Ababa,Ordinary Saving Account,30487.65,527,64818.305,0.9999971901785788
CIF01004116,Customer_4117,Addis Ababa,Sitota Saving Deposit,44547.89,872,64810.13,0.9999999935705515
CIF01002575,Customer_2576,Oromia,Janderebaw Saving Account,48844.74,664,64807.152,0.9999977145457318
CIF01009898,Customer_9899,Oromia,Ordinary Saving Account,80341.55,3915,64796.65,0.9999999813365953
CIF01003439,Customer_3440,Addis Ababa,Ordinary Saving Account,17901.5,3081,64791.504,0.9999998837881885
CIF01007758,Customer_7759,Amhara,Abew Saving Account,5693.84,1145,64775.168,0.999999723852428
CIF01001801,Customer_1802,Tigray,Special Saving Account,55781.45,700,64772.266,0.9999964677241472
CIF01003369,Customer_3370,Addis Ababa,Ordinary Saving Account,46397.04,1726,64755.824,0.9999999869971155
CIF01004252,Customer_4253,Oromia,Sitota Saving Deposit,6623.39,1745,64738.926,0.999999680846063
CIF01005507,Customer_5508,Oromia,Special Saving Account,22210.02,1400,64732.99,0.9999998097203926
CIF01008133,Customer_8134,Amhara,Ordinary Saving Account,1016.93,1495,64732.863,0.999999866466028
CIF01002423,Customer_2424,Addis Ababa,Prime Customer Deposit Account,1284.48,1338,64728.902,0.9999998381363266
CIF01002365,Customer_2366,Amhara,Hiruyan Saving Account,77167.42,591,64719.285,0.9999962563740232
CIF01007626,Customer_7627,SNNPR,Ahati Saving Account,13307.41,3619,64711.95,0.9999999028960612
CIF01001807,Customer_1808,Oromia,Ordinary Saving Account,28023.05,3720,64706.32,0.999999926184466
CIF01000307,Customer_308,Addis Ababa,Ordinary Saving Account,21459.12,2001,64699.656,0.9999999482320701
CIF01006460,Customer_6461,Amhara,Asrat Bekurat Saving Account,2774.98,582,64683.496,0.9999994657815628
CIF01000674,Customer_675,Amhara,Ordinary Saving Account,18666.28,3372,64671.4,0.9999997435150062
CIF01005974,Customer_5975,Amhara,Janderebaw Saving Account,54736.34,634,64653.707,0.9999991582008075
CIF01002789,Customer_2790,SNNPR,Ordinary Saving Account,3047.97,403,64651.562,0.9999992279711135
CIF01009847,Customer_9848,SNNPR,Werazut Saving Account,79767.98,934,64646.906,0.999999791686598
CIF01006881,Customer_6882,Oromia,Ordinary Saving Account,25336.21,1299,64617.688,0.999999970318852
CIF01007464,Customer_7465,Addis Ababa,Ordinary Saving Account,56527.35,2487,64612.31,0.9999999752247242
CIF01006256,Customer_6257,Sidama,Ahadu Bereket Saving Account,5322.55,1057,64605.254,0.9999999904433244
CIF01007442,Customer_7443,Addis Ababa,Special Saving Account,61315.25,2723,64602.723,0.9999999587515481
CIF01000079,Customer_80,Oromia,Agape Saving Account,60097.32,2377,64596.395,0.9999999519204131
CIF01004731,Customer_4732,SNNPR,Ordinary Saving Account,27967.98,4103,64595.44,0.999999861137818
CIF01003768,Customer_3769,Tigray,Ordinary Saving Account,11539.88,1610,64569.87,0.9999998699154062
CIF01003778,Customer_3779,Addis Ababa,Blatena Saving Account,77582.33,3053,64561.5,0.9999999773056579
CIF01009925,Customer_9926,Dire Dawa,Special Saving Account,51142.58,1891,64549.273,0.9999999288172239
CIF01008889,Customer_8890,Benishangul-Gumuz,Ahati Saving Account,51315.21,1626,64545.18,0.9999999871368331
CIF01008528,Customer_8529,Addis Ababa,Blatena Saving Account,3064.18,2392,64534.35,0.9999998441485557
CIF01003287,Customer_3288,Addis Ababa,Blatena Saving Account,2874.39,900,64523.918,0.9999998131702745
CIF01005940,Customer_5941,Addis Ababa,Dekemezmur Saving Account,2977.44,1075,64513.594,0.9999998307624645
CIF01000762,Customer_763,Amhara,Ahati Saving Account,49591.85,4210,64495.332,0.9999999860315676
CIF01009740,Customer_9741,Addis Ababa,Werazut Saving Account,68152.65,777,64471.695,0.9999998867696677
CIF01004206,Customer_4207,Sidama,Prime Customer Deposit Account,32595.4,1854,64460.84,0.9999999038859021
CIF01003779,Customer_3780,Oromia,Ahati Saving Account,22045.14,750,64453.98,0.9999981417661199
CIF01004381,Customer_4382,Addis Ababa,Abew Saving Account,40263.36,1289,64451.945,0.9999998673378664
CIF01000453,Customer_454,SNNPR,Dekemezmur Saving Account,2618.19,2261,64436.715,0.9999999810026788
CIF01007957,Customer_7958,Sidama,Dekemezmur Saving Account,5262.54,1309,64428.125,0.9999997399824428
CIF01004107,Customer_4108,Dire Dawa,Blatena Saving Account,926.12,879,64410.082,0.9999999050694776
CIF01005032,Customer_5033,Addis Ababa,Tirufat Savings Account,30125.56,1094,64409.94,0.999999934910625
CIF01007218,Customer_7219,Addis Ababa,Abew Saving Account,47894.06,583,64404.17,0.9999994386513988
CIF01005220,Customer_5221,Oromia,Blatena Saving Account,13788.23,1670,64401.52,0.9999998843162031
CIF01009894,Customer_9895,Amhara,Ordinary Saving Account,19055.13,428,64395.2,0.9999999194292823
CIF01004942,Customer_4943,Amhara,Asrat Bekurat Saving Account,30268.89,639,64384.89,0.9999963378967915
CIF01006449,Customer_6450,Addis Ababa,Janderebaw Saving Account,69860.67,3983,64379.05,0.9999999538901524
CIF01005923,Customer_5924,Addis Ababa,Ordinary Saving Account,3590.02,2404,64375.94,0.999999853750205
CIF01007896,Customer_7897,Addis Ababa,Ahati Saving Account,18335.81,538,64373.824,0.9999992545832471
CIF01008436,Customer_8437,SNNPR,Ordinary Saving Account,23639.69,1425,64338.414,0.9999999054165053
CIF01001838,Customer_1839,Sidama,Blatena Saving Account,822.5,978,64313.613,0.9999995924765732
CIF01000939,Customer_940,Addis Ababa,Abew Saving Account,2646.91,1989,64297.574,0.9999999218967325
CIF01006518,Customer_6519,Benishangul-Gumuz,Washera Saving Account,73846.41,457,64288.977,0.999992300654333
CIF01004450,Customer_4451,Addis Ababa,Ordinary Saving Account,16484.4,2692,64280.266,0.9999998999102635
CIF01006741,Customer_6742,Somali,Janderebaw Saving Account,5533.31,407,64276.008,0.9999964145427276
CIF01003721,Customer_3722,Benishangul-Gumuz,Ordinary Saving Account,60401.22,961,64260.914,0.9999999169525122
CIF01002981,Customer_2982,Dire Dawa,Abew Saving Account,64242.23,1260,64246.777,0.9999994716419576
CIF01006820,Customer_6821,Addis Ababa,Werazut Saving Account,36410.61,1034,64227.777,0.9999998084364478
CIF01008890,Customer_8891,Addis Ababa,Tirufat Savings Account,69315.17,3716,64224.15,0.9999999818400883
CIF01002319,Customer_2320,SNNPR,Ordinary Saving Account,13793.85,1286,64219.34,0.9999995961419902
CIF01002577,Customer_2578,Somali,Dekemezmur Saving Account,38396.1,1461,64218.113,0.9999999358429285
CIF01000883,Customer_884,Dire Dawa,Blatena Saving Account,23180.13,2166,64212.01,0.9999998715579729
CIF01009614,Customer_9615,Amhara,Special Saving Account,4143.82,1715,64174.45,0.9999997804270959
CIF01005825,Customer_5826,Addis Ababa,Ordinary Saving Account,17434.4,2024,64162.133,0.9999998361310416
CIF01005311,Customer_5312,Addis Ababa,Agape Saving Account,20724.48,827,64148.574,0.9999999306439672
CIF01004744,Customer_4745,SNNPR,Tirufat Savings Account,33345.49,1095,64144.03,0.9999999079008295
CIF01005455,Customer_5456,Addis Ababa,Werazut Saving Account,358.81,2142,64137.75,0.9999994322690987
CIF01003559,Customer_3560,Harari,Ordinary Saving Account,20452.45,1397,64112.64,0.9999998693931218
CIF01008051,Customer_8052,Addis Ababa,Tirufat Savings Account,7183.45,2450,64105.938,0.9999996123641796
CIF01006501,Customer_6502,Addis Ababa,Ordinary Saving Account,1012.69,677,64076.38,0.9999977158801929
CIF01004459,Customer_4460,Dire Dawa,Ordinary Saving Account,12438.45,980,64059.18,0.9999997143517506
CIF01003081,Customer_3082,Amhara,Ordinary Saving Account,1691.09,1035,64026.074,0.9999999644878806
CIF01007134,Customer_7135,Amhara,Ordinary Saving Account,13680.5,1417,64023.54,0.9999999437745499
CIF01003450,Customer_3451,Addis Ababa,Special Saving Account,33129.36,1767,64009.9,0.99999994816294
CIF01004325,Customer_4326,Addis Ababa,Ordinary Saving Account,35550.63,4110,63980.934,0.9999998937631287
CIF01005593,Customer_5594,Amhara,Dekemezmur Saving Account,14182.76,1575,63966.926,0.9999999682693085
CIF01000723,Customer_724,Oromia,Hiruyan Saving Account,1407.31,789,63963.258,0.9999997908385061
CIF01009910,Customer_9911,Addis Ababa,Ordinary Saving Account,4659.5,2305,63956.766,0.9999999318757602
CIF01004720,Customer_4721,Sidama,Ordinary Saving Account,7358.74,1604,63950.676,0.999999826989483
CIF01008083,Customer_8084,Addis Ababa,Ordinary Saving Account,14121.11,1822,63928.984,0.9999998820496022
CIF01003714,Customer_3715,SNNPR,Ordinary Saving Account,26612.46,1780,63903.04,0.9999999308582929
CIF01002415,Customer_2416,Amhara,Couples Saving Deposit,25009.95,533,63902.367,0.9999992647488317
CIF01000460,Customer_461,Afar,Ordinary Saving Account,68987.23,2133,63899.707,0.9999999626640855
CIF01000383,Customer_384,SNNPR,Asrat Bekurat Saving Account,164.16,472,63896.32,0.9999978524630501
CIF01005954,Customer_5955,Addis Ababa,Special Saving Account,65045.61,1938,63885.965,0.9999999183138983
CIF01008214,Customer_8215,Sidama,Ahadu Bereket Saving Account,2695.65,1380,63863.91,0.9999998276026894
CIF01004158,Customer_4159,Oromia,Ordinary Saving Account,1045.39,1068,63862.93,0.9999995678758817
CIF01004690,Customer_4691,Oromia,Asrat Bekurat Saving Account,57431.41,727,63860.766,0.999999876911108
CIF01002087,Customer_2088,Oromia,Tirufat Savings Account,2027.88,405,63860.188,0.9999989308866527
CIF01001339,Customer_1340,Gambela,Ordinary Saving Account,5068.09,1472,63857.375,0.9999999350130233
CIF01005673,Customer_5674,Benishangul-Gumuz,Sitota Saving Deposit,70892.94,3621,63854.54,0.9999999496502644
CIF01007202,Customer_7203,Amhara,Dekemezmur Saving Account,26890.89,693,63842.453,0.999999739551331
CIF01009432,Customer_9433,Sidama,Ordinary Saving Account,19090.96,1958,63827.0,0.9999997799265479
CIF01008772,Customer_8773,Oromia,Ordinary Saving Account,55020.94,5325,63773.562,0.9999999615631076
CIF01009085,Customer_9086,Addis Ababa,Special Saving Account,59025.17,3310,63763.465,0.9999999678622481
CIF01003764,Customer_3765,Addis Ababa,Werazut Saving Account,43204.9,4658,63747.543,0.9999998614151507
CIF01009660,Customer_9661,Oromia,Special Saving Account,2341.85,590,63738.188,0.9999992858952161
CIF01009568,Customer_9569,Benishangul-Gumuz,Ahadu Bereket Saving Account,55007.11,1181,63713.957,0.9999999775220744
CIF01001780,Customer_1781,Sidama,Hiruyan Saving Account,48139.78,605,63711.9,0.999998068359629
CIF01009485,Customer_9486,Dire Dawa,Special Saving Account,16145.61,1284,63679.08,0.9999998899755668
CIF01008693,Customer_8694,Tigray,Hiruyan Saving Account,22883.36,776,63661.223,0.9999997505126695
CIF01000435,Customer_436,Amhara,Couples Saving Deposit,1830.67,1107,63655.06,0.99999985932574
CIF01005786,Customer_5787,Tigray,Ahadu Bereket Saving Account,15340.57,1613,63638.742,0.9999998145482154
CIF01002355,Customer_2356,Oromia,Ordinary Saving Account,75526.1,2819,63621.793,0.9999999712848476
CIF01003728,Customer_3729,Addis Ababa,Blatena Saving Account,39172.04,2624,63610.062,0.9999999816456094
CIF01002461,Customer_2462,Addis Ababa,Blatena Saving Account,23844.94,1230,63597.29,0.9999999144794063
CIF01007355,Customer_7356,Addis Ababa,Ordinary Saving Account,8429.33,669,63595.574,0.9999978518398388
CIF01001863,Customer_1864,Afar,Agape Saving Account,2147.86,1000,63560.242,0.9999998440775651
CIF01009900,Customer_9901,Amhara,Ahadu Bereket Saving Account,73279.2,504,63554.656,0.9999889598588438
CIF01001239,Customer_1240,Addis Ababa,Werazut Saving Account,14457.84,2732,63517.387,0.9999998646210085
CIF01001542,Customer_1543,Sidama,Ordinary Saving Account,70367.37,1583,63511.043,0.9999998950499777
CIF01008106,Customer_8107,Oromia,Ordinary Saving Account,43538.98,2523,63486.41,0.9999999280788968
CIF01001005,Customer_1006,Benishangul-Gumuz,Special Saving Account,50550.12,890,63474.508,0.9999997806322684
CIF01001719,Customer_1720,Dire Dawa,Prime Customer Deposit Account,50065.39,386,63467.652,0.9999944815973629
CIF01005862,Customer_5863,Oromia,Werazut Saving Account,55721.92,651,63459.695,0.9999986963596985
CIF01003675,Customer_3676,Amhara,Special Saving Account,41383.09,4580,63458.37,0.9999999727571055
CIF01005649,Customer_5650,Oromia,Prime Customer Deposit Account,6446.56,1002,63423.66,0.9999999375592702
CIF01002503,Customer_2504,Benishangul-Gumuz,Blatena Saving Account,57267.04,574,63411.86,0.9999989710392503
CIF01005213,Customer_5214,Dire Dawa,Sitota Saving Deposit,38438.9,2148,63395.277,0.999999964757195
CIF01001791,Customer_1792,Addis Ababa,Ordinary Saving Account,27224.64,1010,63387.58,0.9999999949510772
CIF01007731,Customer_7732,SNNPR,Ordinary Saving Account,66408.81,4931,63360.055,0.9999999919729062
CIF01000539,Customer_540,Amhara,Janderebaw Saving Account,4621.19,1342,63355.746,0.9999999803943368
CIF01007685,Customer_7686,Sidama,Special Saving Account,30399.25,646,63319.77,0.999997286188733
CIF01005896,Customer_5897,Addis Ababa,Ordinary Saving Account,14984.06,468,63307.906,0.9999989097119409
CIF01007347,Customer_7348,Addis Ababa,Ahadu Bereket Saving Account,4521.37,408,63291.61,0.999999947356402
CIF01005893,Customer_5894,Tigray,Special Saving Account,1809.92,1118,63288.086,0.9999997977343404
CIF01000366,Customer_367,Dire Dawa,Washera Saving Account,26894.36,481,63285.246,0.9999981424129253
CIF01008627,Customer_8628,Somali,Washera Saving Account,50949.99,1819,63284.586,0.9999999400553081
CIF01001372,Customer_1373,Sidama,Werazut Saving Account,58956.86,3185,63261.79,0.9999999400349586
CIF01001355,Customer_1356,Oromia,Dekemezmur Saving Account,73472.96,943,63260.934,0.9999999502988359
CIF01000123,Customer_124,Addis Ababa,Asrat Bekurat Saving Account,7291.93,1686,63260.086,0.9999998868529082
CIF01009870,Customer_9871,Oromia,Ordinary Saving Account,2759.02,833,63257.168,0.9999996451834148
CIF01003808,Customer_3809,Sidama,Ordinary Saving Account,7169.03,605,63212.68,0.9999972591885312
CIF01003531,Customer_3532,SNNPR,Asrat Bekurat Saving Account,19041.67,3403,63209.918,0.9999998775329458
CIF01007308,Customer_7309,Dire Dawa,Dekemezmur Saving Account,10922.66,550,63195.67,0.9999993527128606
CIF01008281,Customer_8282,Oromia,Werazut Saving Account,46543.22,3812,63173.637,0.9999999327346477
CIF01007670,Customer_7671,Oromia,Abew Saving Account,6920.14,1428,63164.707,0.9999997215989371
CIF01000746,Customer_747,Addis Ababa,Hiruyan Saving Account,434.56,855,63160.617,0.9999998319540422
CIF01007964,Customer_7965,Amhara,Ahati Saving Account,76627.06,1850,63158.996,0.9999999260767757
CIF01007327,Customer_7328,Tigray,Agape Saving Account,6161.44,751,63153.414,0.9999963815058801
CIF01002330,Customer_2331,Amhara,Ahadu Bereket Saving Account,78256.65,1805,63143.926,0.9999998873932721
CIF01003781,Customer_3782,Addis Ababa,Asrat Bekurat Saving Account,12506.25,951,63143.895,0.9999999628444802
CIF01000853,Customer_854,Oromia,Ahati Saving Account,70669.07,1374,63143.863,0.9999997830216378
CIF01006794,Customer_6795,SNNPR,Agape Saving Account,55474.39,1179,63142.5,0.9999997875497965
CIF01008412,Customer_8413,Oromia,Special Saving Account,47188.75,729,63114.746,0.9999905935733919
CIF01003630,Customer_3631,Addis Ababa,Ordinary Saving Account,5305.56,380,63097.36,0.9999989058458892
CIF01006210,Customer_6211,SNNPR,Ahadu Bereket Saving Account,75927.97,505,63093.508,0.9999919497083183
CIF01006918,Customer_6919,Oromia,Agape Saving Account,41834.86,3727,63070.438,0.9999999171954321
CIF01008996,Customer_8997,Oromia,Ahadu Bereket Saving Account,22590.18,2998,63040.266,0.9999999712340345
CIF01008865,Customer_8866,Addis Ababa,Ahati Saving Account,27119.13,622,63035.41,0.9999996098956175
CIF01003460,Customer_3461,Dire Dawa,Couples Saving Deposit,50780.41,413,63034.17,0.999991382633756
CIF01003218,Customer_3219,Amhara,Washera Saving Account,69646.34,3126,63021.117,0.9999999864936011
CIF01006578,Customer_6579,Oromia,Special Saving Account,11672.91,1257,63012.57,0.99999976681358
CIF01005075,Customer_5076,Addis Ababa,Ordinary Saving Account,4431.32,766,62992.805,0.999999801322913
CIF01000924,Customer_925,Addis Ababa,Ordinary Saving Account,10969.51,1384,62981.93,0.9999998261114462
CIF01009068,Customer_9069,Oromia,Special Saving Account,6574.53,808,62979.74,0.9999996964757172
CIF01008349,Customer_8350,SNNPR,Abew Saving Account,65610.28,2321,62970.195,0.9999999094576435
CIF01007976,Customer_7977,Addis Ababa,Tirufat Savings Account,12810.84,3333,62969.496,0.9999998087876177
CIF01009606,Customer_9607,Amhara,Equb Saving Account,21091.73,1633,62967.004,0.9999999491223798
CIF01007882,Customer_7883,Addis Ababa,Ordinary Saving Account,20850.92,1789,62956.863,0.9999999202140514
CIF01003469,Customer_3470,Addis Ababa,Special Saving Account,7460.28,908,62956.457,0.9999997954155891
CIF01002708,Customer_2709,Tigray,Special Saving Account,45000.17,421,62943.53,0.9999982799722686
CIF01009505,Customer_9506,SNNPR,Sitota Saving Deposit,4897.21,910,62943.06,0.9999994998452292
CIF01001141,Customer_1142,Oromia,Ordinary Saving Account,20783.06,3303,62942.574,0.9999998499250459
CIF01006835,Customer_6836,Addis Ababa,Ahati Saving Account,14059.29,1229,62930.0,0.9999998236236831
CIF01000089,Customer_90,SNNPR,Ordinary Saving Account,57577.51,558,62925.836,0.9999956816862084
CIF01002555,Customer_2556,Addis Ababa,Ordinary Saving Account,5274.52,719,62906.15,0.9999997584596779
CIF01008959,Customer_8960,Addis Ababa,Prime Customer Deposit Account,42308.21,4620,62894.875,0.9999999626145787
CIF01003448,Customer_3449,Tigray,Abew Saving Account,10960.48,1402,62892.11,0.9999997050889428
CIF01003050,Customer_3051,Tigray,Ordinary Saving Account,59448.08,1213,62878.926,0.9999995585381029
CIF01009113,Customer_9114,Sidama,Ordinary Saving Account,29917.03,2690,62866.004,0.9999999382147253
CIF01006421,Customer_6422,Oromia,Ordinary Saving Account,2202.59,727,62864.58,0.9999982355826279
CIF01008168,Customer_8169,Tigray,Werazut Saving Account,32875.98,2594,62853.543,0.99999997559703
CIF01001128,Customer_1129,Benishangul-Gumuz,Tirufat Savings Account,8318.35,1557,62847.945,0.9999995373963506
CIF01000205,Customer_206,Oromia,Sitota Saving Deposit,50235.66,590,62837.293,0.9999976124446067
CIF01000219,Customer_220,Addis Ababa,Werazut Saving Account,7589.03,755,62807.887,0.9999991227256768
CIF01000053,Customer_54,Afar,Ordinary Saving Account,992.37,2089,62804.707,0.9999998666876437
CIF01000278,Customer_279,SNNPR,Ordinary Saving Account,31374.77,606,62787.977,0.9999997500601302
CIF01003068,Customer_3069,Addis Ababa,Ordinary Saving Account,12794.82,878,62784.99,0.9999998431515238
CIF01001953,Customer_1954,Oromia,Special Saving Account,45831.09,5155,62776.113,0.9999998536930265
CIF01006175,Customer_6176,Oromia,Ahati Saving Account,32243.53,2106,62774.656,0.999999895354685
CIF01007917,Customer_7918,Oromia,Washera Saving Account,65346.14,805,62762.566,0.999999719413904
CIF01006058,Customer_6059,Amhara,Special Saving Account,518.37,1328,62755.258,0.9999998202094594
CIF01009599,Customer_9600,Addis Ababa,Tirufat Savings Account,65189.44,5185,62734.67,0.9999998702609703
CIF01002098,Customer_2099,Addis Ababa,Special Saving Account,34668.61,2503,62733.312,0.9999999861058979
CIF01007693,Customer_7694,Addis Ababa,Special Saving Account,41001.41,4048,62718.49,0.9999999616765419
CIF01002157,Customer_2158,Amhara,Werazut Saving Account,26978.15,2760,62689.758,0.9999998802935638
CIF01004491,Customer_4492,SNNPR,Blatena Saving Account,3283.9,1193,62686.34,0.9999998964520854
CIF01008795,Customer_8796,Oromia,Prime Customer Deposit Account,46434.39,3990,62659.754,0.9999999747280208
CIF01002517,Customer_2518,Dire Dawa,Prime Customer Deposit Account,473.12,1711,62642.8,0.9999998270961638
CIF01009891,Customer_9892,Addis Ababa,Blatena Saving Account,18708.62,2109,62568.41,0.9999999018569762
CIF01007557,Customer_7558,Oromia,Ordinary Saving Account,15502.62,1531,62565.73,0.9999999465178395
CIF01005255,Customer_5256,Addis Ababa,Ordinary Saving Account,9913.8,2161,62563.742,0.9999998592239993
CIF01000569,Customer_570,Addis Ababa,Ahadu Bereket Saving Account,53732.23,1199,62556.03,0.9999999179326767
CIF01006511,Customer_6512,Amhara,Werazut Saving Account,33405.85,1251,62554.906,0.9999999914082561
CIF01005035,Customer_5036,Oromia,Ordinary Saving Account,26009.42,2967,62551.523,0.9999999552816066
CIF01004160,Customer_4161,SNNPR,Ahati Saving Account,5817.24,618,62549.69,0.9999989423355036
CIF01008503,Customer_8504,Benishangul-Gumuz,Dekemezmur Saving Account,19445.98,2261,62549.477,0.9999999498194553
CIF01006714,Customer_6715,Amhara,Tirufat Savings Account,8678.1,1739,62545.89,0.999999896548206
CIF01009779,Customer_9780,Addis Ababa,Dekemezmur Saving Account,10123.59,1252,62534.395,0.9999998039228992
CIF01003409,Customer_3410,Oromia,Ordinary Saving Account,6167.4,903,62531.793,0.9999998218525386
CIF01008121,Customer_8122,Dire Dawa,Special Saving Account,4051.29,1730,62508.895,0.999999650495685
CIF01006149,Customer_6150,Addis Ababa,Special Saving Account,57121.37,3863,62504.71,0.9999998285298674
CIF01007291,Customer_7292,Amhara,Dekemezmur Saving Account,15069.6,741,62500.4,0.9999974131010548
CIF01004655,Customer_4656,Dire Dawa,Ahati Saving Account,23085.06,4122,62486.94,0.9999999281786889
CIF01008246,Customer_8247,Benishangul-Gumuz,Blatena Saving Account,10507.52,1169,62486.336,0.9999998089888172
CIF01006957,Customer_6958,Amhara,Ahadu Bereket Saving Account,39678.04,3188,62478.492,0.9999999676171526
CIF01003643,Customer_3644,Oromia,Special Saving Account,2680.13,2493,62477.438,0.9999996376142689
CIF01001703,Customer_1704,Addis Ababa,Dekemezmur Saving Account,37943.02,450,62473.293,0.9999995996891554
CIF01003827,Customer_3828,Afar,Dekemezmur Saving Account,59233.33,4105,62471.703,0.999999912371179
CIF01008810,Customer_8811,Amhara,Special Saving Account,25903.88,2071,62451.58,0.9999999717131959
CIF01004948,Customer_4949,Benishangul-Gumuz,Washera Saving Account,84.93,2307,62440.395,0.9999997263309798
CIF01000080,Customer_81,Amhara,Werazut Saving Account,46374.43,426,62440.074,0.9999958832247192
CIF01008248,Customer_8249,Addis Ababa,Werazut Saving Account,9155.6,2007,62429.387,0.9999997693947599
CIF01005778,Customer_5779,Addis Ababa,Werazut Saving Account,65781.54,1952,62413.906,0.999999967183008
CIF01001694,Customer_1695,Addis Ababa,Ordinary Saving Account,35451.15,4006,62408.54,0.9999999497795679
CIF01006359,Customer_6360,Amhara,Ahati Saving Account,53981.69,880,62358.53,0.9999997256063522
CIF01003258,Customer_3259,Amhara,Dekemezmur Saving Account,4541.39,547,62345.816,0.9999994211633065
CIF01009960,Customer_9961,Sidama,Blatena Saving Account,23346.8,513,62340.93,0.9999883289307574
CIF01002201,Customer_2202,Gambela,Sitota Saving Deposit,47113.97,1627,62332.34,0.9999999585827447
CIF01000975,Customer_976,Oromia,Prime Customer Deposit Account,24672.76,528,62319.797,0.999996042548825
CIF01009664,Customer_9665,SNNPR,Ordinary Saving Account,18878.55,829,62288.473,0.9999998908613198
CIF01007716,Customer_7717,Addis Ababa,Special Saving Account,43210.45,4104,62278.8,0.9999999289025776
CIF01007231,Customer_7232,Addis Ababa,Couples Saving Deposit,9551.41,1233,62276.312,0.999999851240262
CIF01009429,Customer_9430,Addis Ababa,Werazut Saving Account,3445.67,772,62261.85,0.9999996381034904
CIF01001195,Customer_1196,SNNPR,Agape Saving Account,59497.33,2365,62260.11,0.9999998601185587
CIF01003771,Customer_3772,Amhara,Ordinary Saving Account,25927.5,2786,62243.13,0.9999999267094128
CIF01000676,Customer_677,Sidama,Ordinary Saving Account,57978.56,2083,62229.52,0.9999999597723116
CIF01006471,Customer_6472,Oromia,Hiruyan Saving Account,354.77,1270,62198.625,0.9999995479548477
CIF01009187,Customer_9188,Addis Ababa,Special Saving Account,53407.2,801,62192.406,0.9999997761222718
CIF01004180,Customer_4181,Amhara,Ahati Saving Account,554.08,1156,62189.812,0.9999999277716766
CIF01002153,Customer_2154,Dire Dawa,Tirufat Savings Account,6143.69,901,62167.637,0.9999998720699915
CIF01009588,Customer_9589,Addis Ababa,Werazut Saving Account,41056.5,1365,62164.57,0.9999999290883458
CIF01002340,Customer_2341,SNNPR,Washera Saving Account,24976.67,2079,62139.45,0.9999998720162759
CIF01009238,Customer_9239,Amhara,Ordinary Saving Account,4112.44,924,62122.2,0.9999997451252781
CIF01003149,Customer_3150,Addis Ababa,Asrat Bekurat Saving Account,42856.98,3668,62102.42,0.9999999205699411
CIF01009131,Customer_9132,Addis Ababa,Dekemezmur Saving Account,58975.38,1416,62095.984,0.9999998429081551
CIF01003869,Customer_3870,Addis Ababa,Ordinary Saving Account,6792.79,2322,62085.73,0.999999901033136
CIF01007432,Customer_7433,Gambela,Abew Saving Account,25798.42,3063,62083.188,0.9999999476434872
CIF01005705,Customer_5706,Afar,Ordinary Saving Account,9074.14,1879,62080.06,0.9999998429619239
CIF01004426,Customer_4427,Addis Ababa,Special Saving Account,4531.55,1781,62074.63,0.9999996345180348
CIF01002952,Customer_2953,Addis Ababa,Abew Saving Account,36943.29,782,62062.547,0.999999633383455
CIF01004216,Customer_4217,Addis Ababa,Ordinary Saving Account,10569.26,2798,62060.625,0.9999999524778327
CIF01000536,Customer_537,Amhara,Special Saving Account,6027.59,790,62050.12,0.9999999516488568
CIF01004312,Customer_4313,SNNPR,Special Saving Account,10809.0,1298,62045.977,0.9999997124785686
CIF01009987,Customer_9988,Oromia,Special Saving Account,46870.75,428,62045.805,0.9999993897079279
CIF01005066,Customer_5067,Oromia,Special Saving Account,17181.89,1842,62032.234,0.9999996763422727
CIF01002135,Customer_2136,Benishangul-Gumuz,Special Saving Account,46111.21,1574,62015.977,0.99999993071624
CIF01008263,Customer_8264,Addis Ababa,Ordinary Saving Account,27706.53,3704,62006.71,0.999999981393563
CIF01005462,Customer_5463,SNNPR,Prime Customer Deposit Account,2370.83,2939,61993.105,0.9999996646186692
CIF01000724,Customer_725,SNNPR,Special Saving Account,10597.35,1794,61968.895,0.9999999463584002
CIF01000313,Customer_314,Benishangul-Gumuz,Hiruyan Saving Account,22427.3,2069,61967.273,0.9999999358896369
CIF01008908,Customer_8909,Addis Ababa,Special Saving Account,53135.44,4404,61930.043,0.9999999373266503
CIF01005429,Customer_5430,Afar,Blatena Saving Account,73229.8,481,61916.48,0.9999987142384209
CIF01006892,Customer_6893,Amhara,Dekemezmur Saving Account,67356.02,1930,61900.656,0.9999999633387529
CIF01006161,Customer_6162,Addis Ababa,Dekemezmur Saving Account,62951.4,2790,61892.277,0.9999998941585381
CIF01004024,Customer_4025,Dire Dawa,Ahati Saving Account,23251.18,2231,61881.83,0.9999999513423409
CIF01000596,Customer_597,Amhara,Ordinary Saving Account,65207.57,697,61862.47,0.9999972943808078
CIF01001357,Customer_1358,Oromia,Prime Customer Deposit Account,20603.14,3865,61849.434,0.9999999636712753
CIF01002705,Customer_2706,Amhara,Washera Saving Account,6566.75,851,61838.95,0.999999856454858
CIF01009914,Customer_9915,Addis Ababa,Asrat Bekurat Saving Account,40533.43,544,61831.996,0.9999996025776267
CIF01004446,Customer_4447,Sidama,Ordinary Saving Account,3935.51,2099,61820.07,0.9999997325107159
CIF01008303,Customer_8304,SNNPR,Blatena Saving Account,3369.35,2135,61815.656,0.9999999166088124
CIF01000152,Customer_153,SNNPR,Ordinary Saving Account,3246.14,1652,61810.234,0.9999995229307252
CIF01007516,Customer_7517,Benishangul-Gumuz,Abew Saving Account,10078.24,2599,61806.508,0.9999999328145829
CIF01004362,Customer_4363,Somali,Dekemezmur Saving Account,5187.77,907,61782.55,0.9999999042968246
CIF01002283,Customer_2284,Addis Ababa,Blatena Saving Account,17374.11,748,61778.754,0.9999967470474995
CIF01008989,Customer_8990,Oromia,Hiruyan Saving Account,36085.21,1425,61747.55,0.9999999240982491
CIF01006989,Customer_6990,Addis Ababa,Ordinary Saving Account,25816.73,4082,61744.594,0.9999999751747743
CIF01000135,Customer_136,Amhara,Ordinary Saving Account,5824.37,1943,61739.668,0.9999996925394204
CIF01001323,Customer_1324,Harari,Asrat Bekurat Saving Account,3608.92,1323,61736.957,0.9999998927765497
CIF01007341,Customer_7342,Addis Ababa,Equb Saving Account,14038.07,1801,61715.63,0.9999999469813682
CIF01005287,Customer_5288,Amhara,Ordinary Saving Account,59180.11,3735,61704.83,0.9999999432261063
CIF01000702,Customer_703,Addis Ababa,Werazut Saving Account,15943.52,639,61681.816,0.9999966602759742
CIF01004081,Customer_4082,Afar,Abew Saving Account,63393.61,659,61673.562,0.999998962736714
CIF01001889,Customer_1890,Sidama,Hiruyan Saving Account,34067.55,1345,61670.062,0.9999999510609612
CIF01007293,Customer_7294,Afar,Asrat Bekurat Saving Account,45727.21,3734,61641.625,0.9999999596611248
CIF01000216,Customer_217,Oromia,Agape Saving Account,3441.41,1617,61637.562,0.9999999157896131
CIF01008403,Customer_8404,Addis Ababa,Ordinary Saving Account,70933.52,995,61630.543,0.9999998626291027
CIF01006575,Customer_6576,Amhara,Blatena Saving Account,4335.63,843,61604.867,0.9999997727001763
CIF01004680,Customer_4681,Tigray,Washera Saving Account,23948.85,841,61582.38,0.9999999511951098
CIF01005331,Customer_5332,Oromia,Tirufat Savings Account,73183.94,1149,61578.965,0.9999998269850954
CIF01001405,Customer_1406,Tigray,Asrat Bekurat Saving Account,76934.17,932,61574.938,0.9999998327211619
CIF01006873,Customer_6874,Addis Ababa,Special Saving Account,31492.15,862,61550.566,0.9999999100269891
CIF01001673,Customer_1674,Oromia,Prime Customer Deposit Account,20217.27,2504,61548.742,0.9999999254086693
CIF01007924,Customer_7925,Amhara,Dekemezmur Saving Account,2738.59,863,61546.48,0.9999998469558334
CIF01008035,Customer_8036,Addis Ababa,Dekemezmur Saving Account,56559.8,891,61531.125,0.9999999543220043
CIF01002462,Customer_2463,Oromia,Tirufat Savings Account,15912.17,2897,61529.152,0.999999747803065
CIF01001033,Customer_1034,Oromia,Couples Saving Deposit,24503.63,1007,61503.484,0.9999999945498581
CIF01004533,Customer_4534,Afar,Tirufat Savings Account,14486.1,3486,61496.727,0.9999998762901927
CIF01003195,Customer_3196,Somali,Equb Saving Account,38809.7,459,61487.242,0.9999984324977792
CIF01004302,Customer_4303,Dire Dawa,Hiruyan Saving Account,38738.0,4407,61485.92,0.9999999707729783
CIF01002662,Customer_2663,SNNPR,Ordinary Saving Account,6492.49,2038,61483.086,0.9999997187540308
CIF01004339,Customer_4340,Addis Ababa,Hiruyan Saving Account,49943.08,1899,61478.246,0.9999998267550356
CIF01003002,Customer_3003,Oromia,Ordinary Saving Account,3584.35,1699,61463.3,0.9999995705193668
CIF01000309,Customer_310,Amhara,Agape Saving Account,40037.05,1104,61452.863,0.9999999750086641
CIF01009695,Customer_9696,Oromia,Ahati Saving Account,48571.76,4273,61442.914,0.999999940969471
CIF01005021,Customer_5022,Gambela,Tirufat Savings Account,11263.6,727,61429.77,0.9999980527360746
CIF01001794,Customer_1795,Amhara,Abew Saving Account,58978.06,1757,61414.29,0.9999999490205994
CIF01005349,Customer_5350,Amhara,Ordinary Saving Account,16003.97,939,61380.484,0.9999998573031607
CIF01003355,Customer_3356,Addis Ababa,Werazut Saving Account,5439.5,1385,61379.215,0.9999999356495507
CIF01001734,Customer_1735,Amhara,Ordinary Saving Account,8933.71,1193,61367.035,0.9999998257712798
CIF01001930,Customer_1931,Oromia,Ahati Saving Account,9638.22,2968,61365.58,0.9999998210265096
CIF01005357,Customer_5358,Benishangul-Gumuz,Special Saving Account,12867.24,963,61353.35,0.9999997983592299
CIF01008846,Customer_8847,Addis Ababa,Ordinary Saving Account,3902.55,1081,61343.164,0.9999997725393863
CIF01001060,Customer_1061,Benishangul-Gumuz,Ordinary Saving Account,9977.3,2053,61338.844,0.9999998255632467
CIF01005365,Customer_5366,Addis Ababa,Hiruyan Saving Account,50388.04,4753,61327.77,0.9999998052028638
CIF01001955,Customer_1956,Amhara,Blatena Saving Account,64285.1,1384,61318.52,0.9999999186930721
CIF01003429,Customer_3430,Sidama,Dekemezmur Saving Account,19203.65,1567,61304.164,0.9999999529157402
CIF01007065,Customer_7066,Dire Dawa,Hiruyan Saving Account,7058.43,1925,61301.824,0.9999999049605118
CIF01005927,Customer_5928,Addis Ababa,Hiruyan Saving Account,27641.22,1223,61297.676,0.9999999177146365
CIF01005340,Customer_5341,Oromia,Abew Saving Account,9902.03,2286,61292.133,0.9999998054856668
CIF01003233,Customer_3234,Addis Ababa,Dekemezmur Saving Account,37064.65,1416,61281.484,0.9999999155873152
CIF01007781,Customer_7782,Oromia,Washera Saving Account,40979.04,694,61280.87,0.9999968183725814
CIF01004054,Customer_4055,Somali,Special Saving Account,52041.8,1781,61273.67,0.9999999260752673
CIF01005772,Customer_5773,Addis Ababa,Prime Customer Deposit Account,14724.22,1117,61270.785,0.9999999718581359
CIF01002055,Customer_2056,Benishangul-Gumuz,Prime Customer Deposit Account,9538.25,1373,61260.062,0.999999921364265
CIF01002309,Customer_2310,Addis Ababa,Ordinary Saving Account,33404.04,2661,61258.86,0.999999871189324
CIF01008428,Customer_8429,Amhara,Ordinary Saving Account,15436.31,1599,61253.46,0.9999999859274693
CIF01001538,Customer_1539,Sidama,Abew Saving Account,14007.66,879,61251.56,0.9999996730152195
CIF01005801,Customer_5802,Amhara,Ahati Saving Account,43974.04,1220,61214.18,0.9999999511917744
CIF01005522,Customer_5523,Amhara,Prime Customer Deposit Account,25560.7,782,61209.1,0.9999999385751566
CIF01004926,Customer_4927,SNNPR,Special Saving Account,8840.19,1572,61207.84,0.9999995953799449
CIF01008167,Customer_8168,Addis Ababa,Ordinary Saving Account,14740.1,3049,61201.02,0.9999998930563522
CIF01003751,Customer_3752,SNNPR,Ahati Saving Account,32643.33,1569,61199.918,0.999999787112541
CIF01004864,Customer_4865,Dire Dawa,Ahati Saving Account,11748.94,409,61199.76,0.9999997338357609
CIF01009542,Customer_9543,Addis Ababa,Couples Saving Deposit,46873.69,1084,61192.22,0.9999999684517821
CIF01008143,Customer_8144,Somali,Ordinary Saving Account,47979.15,3153,61186.93,0.9999999713332931
CIF01004161,Customer_4162,Addis Ababa,Ordinary Saving Account,23813.88,1766,61154.844,0.9999999121854063
CIF01008977,Customer_8978,Amhara,Sitota Saving Deposit,9865.37,2984,61129.254,0.9999997645749984
CIF01001168,Customer_1169,Addis Ababa,Ordinary Saving Account,26145.39,1306,61128.605,0.9999999573373188
CIF01002971,Customer_2972,Oromia,Ordinary Saving Account,43089.83,4361,61089.81,0.9999999790561371
CIF01000217,Customer_218,Oromia,Blatena Saving Account,9646.06,1523,61049.887,0.999999764059703
CIF01001270,Customer_1271,Addis Ababa,Ordinary Saving Account,11143.28,918,61047.383,0.9999999284686862
CIF01000588,Customer_589,SNNPR,Ahati Saving Account,55632.34,672,61034.81,0.9999947681893678
CIF01000475,Customer_476,Oromia,Ordinary Saving Account,18615.6,2070,61030.008,0.9999997731264956
CIF01004676,Customer_4677,Dire Dawa,Ordinary Saving Account,6984.03,2440,61020.816,0.9999999072344103
CIF01006169,Customer_6170,Addis Ababa,Agape Saving Account,38416.67,859,61019.973,0.9999999750545401
CIF01003731,Customer_3732,Amhara,Ordinary Saving Account,17874.47,2034,61007.53,0.9999999004350103
CIF01005274,Customer_5275,Somali,Ahadu Bereket Saving Account,66627.47,1101,60996.23,0.9999997726300405
CIF01005421,Customer_5422,Oromia,Agape Saving Account,12208.32,423,60988.93,0.999999622059527
CIF01000978,Customer_979,Harari,Special Saving Account,11853.74,1724,60983.477,0.9999997455996962
CIF01003392,Customer_3393,Amhara,Abew Saving Account,10498.15,2867,60982.074,0.999999953682475
CIF01009522,Customer_9523,Amhara,Sitota Saving Deposit,38132.56,2818,60977.59,0.9999999333839278
CIF01005027,Customer_5028,Addis Ababa,Janderebaw Saving Account,7204.69,2259,60941.19,0.9999997940209684
CIF01001433,Customer_1434,Addis Ababa,Ordinary Saving Account,41916.91,700,60939.26,0.9999973838081484
CIF01000567,Customer_568,Tigray,Janderebaw Saving Account,56720.81,1130,60920.414,0.9999997304383574
CIF01009044,Customer_9045,Addis Ababa,Ordinary Saving Account,55617.79,5196,60919.207,0.999999913737918
CIF01005243,Customer_5244,Dire Dawa,Abew Saving Account,27584.68,1381,60889.09,0.9999999078806303
CIF01001311,Customer_1312,Addis Ababa,Hiruyan Saving Account,25138.79,596,60887.36,0.999998610614211
CIF01001185,Customer_1186,Tigray,Werazut Saving Account,62006.16,2235,60868.266,0.9999998301973869
CIF01009737,Customer_9738,Amhara,Ordinary Saving Account,27774.82,695,60863.875,0.9999997405595156
CIF01008521,Customer_8522,Addis Ababa,Janderebaw Saving Account,61639.36,414,60841.137,0.9999848501953531
CIF01004673,Customer_4674,Addis Ababa,Ordinary Saving Account,22587.7,3644,60839.98,0.9999999567217212
CIF01003178,Customer_3179,Oromia,Werazut Saving Account,48413.88,480,60815.016,0.9999955452095108
CIF01009179,Customer_9180,Dire Dawa,Couples Saving Deposit,29669.85,789,60800.695,0.9999999388088294
CIF01009226,Customer_9227,Addis Ababa,Abew Saving Account,59431.13,1151,60799.527,0.9999998447451047
CIF01006597,Customer_6598,Addis Ababa,Ordinary Saving Account,36374.39,554,60751.473,0.9999979437797027
CIF01001093,Customer_1094,Amhara,Prime Customer Deposit Account,43917.74,1638,60737.918,0.9999999469130508
CIF01009005,Customer_9006,Benishangul-Gumuz,Ahadu Bereket Saving Account,21800.46,2945,60730.875,0.999999940435621
CIF01009816,Customer_9817,Addis Ababa,Ahati Saving Account,47456.93,4528,60707.473,0.9999998118492944
CIF01001665,Customer_1666,Oromia,Werazut Saving Account,45254.73,935,60706.02,0.9999998319651451
CIF01008663,Customer_8664,Oromia,Equb Saving Account,27951.82,467,60701.914,0.9999987322378926
CIF01006197,Customer_6198,Amhara,Special Saving Account,23923.46,3052,60690.07,0.9999998719314485
CIF01004685,Customer_4686,SNNPR,Ordinary Saving Account,22951.83,4209,60658.008,0.9999999241365689
CIF01005766,Customer_5767,Oromia,Sitota Saving Deposit,38979.45,2393,60642.86,0.9999999313171146
CIF01001290,Customer_1291,Addis Ababa,Dekemezmur Saving Account,3361.75,815,60603.082,0.9999999275931256
CIF01001789,Customer_1790,Oromia,Equb Saving Account,22709.71,3265,60594.016,0.999999964528341
CIF01007312,Customer_7313,Addis Ababa,Agape Saving Account,12210.27,3151,60562.582,0.9999999594138594
CIF01003857,Customer_3858,Benishangul-Gumuz,Ordinary Saving Account,22413.14,591,60562.156,0.9999968694442714
CIF01003588,Customer_3589,Addis Ababa,Ahati Saving Account,18529.51,2225,60544.996,0.9999999487463174
CIF01005269,Customer_5270,Addis Ababa,Werazut Saving Account,12835.45,698,60540.633,0.9999997077116238
CIF01002192,Customer_2193,Amhara,Ahati Saving Account,12615.0,1841,60540.426,0.999999929010767
CIF01009706,Customer_9707,Addis Ababa,Equb Saving Account,47344.45,3923,60536.895,0.9999999645638925
CIF01007318,Customer_7319,Addis Ababa,Equb Saving Account,12817.93,1885,60529.63,0.9999998824137669
CIF01006276,Customer_6277,Gambela,Prime Customer Deposit Account,44727.21,2812,60523.742,0.9999999424219677
CIF01007657,Customer_7658,SNNPR,Special Saving Account,56621.14,921,60523.207,0.9999998021068869
CIF01003658,Customer_3659,Oromia,Dekemezmur Saving Account,77715.01,1921,60513.035,0.9999998371902908
CIF01001309,Customer_1310,Tigray,Ahadu Bereket Saving Account,32611.02,2896,60510.28,0.9999999015418523
CIF01008009,Customer_8010,Addis Ababa,Abew Saving Account,58250.6,3426,60509.684,0.9999999796287093
CIF01008335,Customer_8336,Addis Ababa,Special Saving Account,10399.42,2113,60502.59,0.9999999069486458
CIF01005930,Customer_5931,Addis Ababa,Janderebaw Saving Account,55245.42,904,60493.78,0.9999996422544034
CIF01005714,Customer_5715,Amhara,Dekemezmur Saving Account,20617.92,2391,60467.023,0.9999999075323766
CIF01004858,Customer_4859,Addis Ababa,Ahati Saving Account,2925.88,1674,60463.156,0.9999998695867857
CIF01002110,Customer_2111,Afar,Special Saving Account,2529.7,1735,60462.805,0.9999998514275384
CIF01001422,Customer_1423,Addis Ababa,Ordinary Saving Account,35512.9,696,60444.62,0.9999999005158166
CIF01008448,Customer_8449,Addis Ababa,Werazut Saving Account,27250.6,1427,60433.71,0.9999999848053349
CIF01000177,Customer_178,Tigray,Ordinary Saving Account,5768.45,2530,60411.086,0.9999997220731163
CIF01001720,Customer_1721,Addis Ababa,Prime Customer Deposit Account,25833.64,499,60411.004,0.9999991987697854
CIF01000578,Customer_579,Tigray,Special Saving Account,12134.3,3354,60410.176,0.9999997776588817
CIF01006624,Customer_6625,Harari,Prime Customer Deposit Account,43491.31,655,60409.395,0.9999966381685893
CIF01000282,Customer_283,Addis Ababa,Ordinary Saving Account,63022.06,2334,60380.28,0.9999999260355455
CIF01004199,Customer_4200,SNNPR,Ordinary Saving Account,49581.26,4182,60379.914,0.9999999453255969
CIF01000052,Customer_53,Tigray,Ahadu Bereket Saving Account,1455.49,1104,60366.55,0.9999998256668494
CIF01006671,Customer_6672,Afar,Blatena Saving Account,50084.29,1755,60362.797,0.9999999019275659
CIF01009168,Customer_9169,Harari,Couples Saving Deposit,63396.08,1555,60351.05,0.9999997075427924
CIF01001041,Customer_1042,Sidama,Ahadu Bereket Saving Account,147.21,1554,60350.75,0.9999995804167543
CIF01000051,Customer_52,Oromia,Hiruyan Saving Account,31622.98,2283,60338.76,0.999999968767458
CIF01000849,Customer_850,Amhara,Sitota Saving Deposit,53096.29,1792,60337.473,0.9999999133976085
CIF01008796,Customer_8797,Oromia,Special Saving Account,56759.0,2377,60329.582,0.9999999637957047
CIF01001279,Customer_1280,Addis Ababa,Werazut Saving Account,62696.08,3626,60318.836,0.999999965288967
CIF01006739,Customer_6740,Addis Ababa,Special Saving Account,11368.6,925,60315.55,0.9999999432347905
CIF01002082,Customer_2083,Amhara,Tirufat Savings Account,51716.5,3762,60313.242,0.9999999605887762
CIF01003575,Customer_3576,Oromia,Sitota Saving Deposit,44822.44,3440,60286.297,0.9999999778146467
CIF01003971,Customer_3972,Amhara,Blatena Saving Account,8740.38,1257,60268.934,0.9999999451255973
CIF01006146,Customer_6147,Addis Ababa,Abew Saving Account,63253.14,3638,60256.973,0.9999999458537185
CIF01007887,Customer_7888,Addis Ababa,Ahati Saving Account,22778.05,1378,60251.28,0.9999999460257589
CIF01005920,Customer_5921,Sidama,Dekemezmur Saving Account,56893.48,2206,60229.03,0.999999939291098
CIF01005552,Customer_5553,Addis Ababa,Prime Customer Deposit Account,57794.72,5178,60228.227,0.9999999702192759
CIF01004661,Customer_4662,Benishangul-Gumuz,Ordinary Saving Account,46436.52,975,60222.71,0.999999850145511
CIF01003843,Customer_3844,Harari,Ordinary Saving Account,12641.84,689,60215.504,0.9999973804938647
CIF01007474,Customer_7475,Dire Dawa,Special Saving Account,29105.93,2476,60206.918,0.9999999072029784
CIF01002097,Customer_2098,Amhara,Werazut Saving Account,50950.99,4896,60206.168,0.9999999901029138
CIF01006174,Customer_6175,Tigray,Ordinary Saving Account,60191.95,3853,60195.95,0.9999999768438218
CIF01002667,Customer_2668,Benishangul-Gumuz,Blatena Saving Account,51292.6,3415,60169.066,0.9999999716776741
CIF01004815,Customer_4816,Oromia,Ahati Saving Account,40368.7,1114,60164.8,0.9999999448359157
CIF01002305,Customer_2306,Benishangul-Gumuz,Hiruyan Saving Account,36100.92,1493,60155.543,0.9999999309707254
CIF01003427,Customer_3428,SNNPR,Ahati Saving Account,602.12,485,60148.645,0.9999967757693045
CIF01002467,Customer_2468,Addis Ababa,Ordinary Saving Account,49688.33,578,60130.4,0.99999653551624
CIF01001417,Customer_1418,Addis Ababa,Couples Saving Deposit,50751.65,551,60120.043,0.9999994243698119
CIF01009685,Customer_9686,Oromia,Equb Saving Account,7533.09,1011,60115.83,0.9999999304575447
CIF01002209,Customer_2210,Oromia,Blatena Saving Account,64387.02,2144,60110.996,0.9999999376662295
CIF01001817,Customer_1818,Tigray,Ordinary Saving Account,59532.3,551,60089.14,0.9999917734706669
CIF01003324,Customer_3325,Somali,Ahadu Bereket Saving Account,64937.0,1731,60081.715,0.999999914880166
CIF01006909,Customer_6910,Sidama,Washera Saving Account,41171.76,657,60079.2,0.9999965474671475
CIF01002743,Customer_2744,Addis Ababa,Prime Customer Deposit Account,50734.91,5417,60061.273,0.9999999260553755
CIF01006677,Customer_6678,Oromia,Blatena Saving Account,24714.32,3433,60059.67,0.9999999781140061
CIF01008876,Customer_8877,Addis Ababa,Ordinary Saving Account,17175.19,3616,60059.66,0.9999999709072598
CIF01001351,Customer_1352,SNNPR,Ordinary Saving Account,10541.82,815,60054.047,0.9999997457756831
CIF01004854,Customer_4855,Sidama,Ordinary Saving Account,19716.25,1398,60051.06,0.9999999178898692
CIF01003644,Customer_3645,Oromia,Ordinary Saving Account,14481.49,3326,60020.1,0.9999998627846423
CIF01008192,Customer_8193,SNNPR,Blatena Saving Account,27949.35,545,60009.105,0.9999979299982832
CIF01007050,Customer_7051,SNNPR,Asrat Bekurat Saving Account,18433.49,417,60007.953,0.9999959566930067
CIF01006908,Customer_6909,Oromia,Ahati Saving Account,10468.16,2837,59996.637,0.9999999723627128
CIF01005904,Customer_5905,Addis Ababa,Ahadu Bereket Saving Account,483.53,911,59991.074,0.9999998346826542
CIF01005347,Customer_5348,Addis Ababa,Special Saving Account,10890.38,1107,59958.21,0.9999997621395329
CIF01003036,Customer_3037,Addis Ababa,Ordinary Saving Account,14459.42,2720,59943.684,0.9999999242226041
CIF01004421,Customer_4422,Oromia,Abew Saving Account,41147.67,1793,59942.77,0.9999999809439318
CIF01008184,Customer_8185,Dire Dawa,Werazut Saving Account,3915.4,2541,59933.527,0.9999998608822491
CIF01005513,Customer_5514,Addis Ababa,Hiruyan Saving Account,51792.94,4247,59931.855,0.9999999832575147
CIF01005667,Customer_5668,Oromia,Asrat Bekurat Saving Account,8348.82,1543,59931.85,0.9999997474870534
CIF01009360,Customer_9361,Oromia,Tirufat Savings Account,23239.14,933,59930.723,0.9999998596735907
CIF01004314,Customer_4315,Oromia,Ahadu Bereket Saving Account,15034.7,2338,59915.906,0.9999999583093298
CIF01009988,Customer_9989,Tigray,Ordinary Saving Account,68009.49,1194,59915.55,0.999999596726285
CIF01005077,Customer_5078,Addis Ababa,Dekemezmur Saving Account,19112.58,1428,59910.91,0.9999998848331134
CIF01004766,Customer_4767,Addis Ababa,Janderebaw Saving Account,9338.05,1475,59896.445,0.9999998339412066
CIF01000941,Customer_942,Amhara,Ahati Saving Account,32012.52,1641,59876.406,0.9999998951471493
CIF01004589,Customer_4590,Amhara,Ordinary Saving Account,11042.15,389,59870.29,0.9999997851823652
CIF01008413,Customer_8414,SNNPR,Abew Saving Account,557.34,1569,59863.312,0.9999998558004067
CIF01004913,Customer_4914,Addis Ababa,Special Saving Account,62904.45,682,59846.844,0.9999971690376689
CIF01005874,Customer_5875,SNNPR,Couples Saving Deposit,53086.17,698,59838.58,0.999996821773958
CIF01000897,Customer_898,Addis Ababa,Blatena Saving Account,15788.1,947,59823.99,0.9999999752196804
CIF01003295,Customer_3296,Somali,Ordinary Saving Account,16774.99,575,59823.945,0.9999933864560961
CIF01000150,Customer_151,Oromia,Special Saving Account,942.1,1693,59821.25,0.9999997689022985
CIF01002659,Customer_2660,Oromia,Special Saving Account,48560.11,1333,59811.355,0.99999960515835
CIF01007745,Customer_7746,Oromia,Ordinary Saving Account,63591.09,635,59779.375,0.9999972720210958
CIF01009452,Customer_9453,Amhara,Werazut Saving Account,11087.58,1456,59777.31,0.9999998134714972
CIF01007753,Customer_7754,Oromia,Blatena Saving Account,625.26,2044,59776.996,0.99999970925556
CIF01004084,Customer_4085,Addis Ababa,Sitota Saving Deposit,8096.82,1479,59768.195,0.9999994855157046
CIF01006701,Customer_6702,Dire Dawa,Prime Customer Deposit Account,18121.18,1213,59741.89,0.9999998351072946
CIF01005635,Customer_5636,Tigray,Ordinary Saving Account,1621.36,1994,59738.984,0.9999999016680176
CIF01004437,Customer_4438,Amhara,Special Saving Account,10442.08,2630,59730.406,0.9999995643466009
CIF01004247,Customer_4248,Sidama,Ordinary Saving Account,32533.66,2287,59716.582,0.9999997596291346
CIF01005885,Customer_5886,Oromia,Ordinary Saving Account,9092.5,2411,59704.91,0.9999998217300461
CIF01008602,Customer_8603,SNNPR,Ahati Saving Account,774.36,516,59695.594,0.9999961122646965
CIF01000568,Customer_569,Addis Ababa,Special Saving Account,62962.61,1802,59690.367,0.9999998690950807
CIF01008749,Customer_8750,Oromia,Tirufat Savings Account,35928.95,2531,59683.977,0.9999999748140045
CIF01002595,Customer_2596,SNNPR,Asrat Bekurat Saving Account,40373.88,4067,59680.45,0.9999999254032057
CIF01003194,Customer_3195,Harari,Werazut Saving Account,26224.33,1744,59674.387,0.9999999038368369
CIF01003907,Customer_3908,Addis Ababa,Ordinary Saving Account,46855.43,2582,59664.797,0.9999999547960863
CIF01000821,Customer_822,Oromia,Abew Saving Account,43221.21,4718,59654.457,0.9999999734009017
CIF01003934,Customer_3935,Addis Ababa,Tirufat Savings Account,45008.81,4773,59617.105,0.9999999680324804
CIF01002710,Customer_2711,Harari,Ordinary Saving Account,26261.78,463,59615.746,0.9999968785504291
CIF01006474,Customer_6475,Dire Dawa,Ordinary Saving Account,6173.26,2167,59613.14,0.9999999631995624
CIF01003846,Customer_3847,Addis Ababa,Ordinary Saving Account,4098.36,2405,59599.46,0.9999997334899466
CIF01008871,Customer_8872,Addis Ababa,Ordinary Saving Account,54800.49,746,59593.305,0.9999995025969661
CIF01002849,Customer_2850,Addis Ababa,Ordinary Saving Account,6650.22,2670,59589.918,0.999999889300351
CIF01009229,Customer_9230,Addis Ababa,Werazut Saving Account,2349.84,2061,59584.69,0.9999998458823043
CIF01003202,Customer_3203,Addis Ababa,Abew Saving Account,2913.04,2132,59572.1,0.9999999357486514
CIF01008305,Customer_8306,Amhara,Ordinary Saving Account,5907.23,1562,59571.664,0.9999998369896356
CIF01000911,Customer_912,SNNPR,Prime Customer Deposit Account,13406.86,2080,59563.91,0.999999925787137
CIF01006112,Customer_6113,Dire Dawa,Ordinary Saving Account,9834.34,376,59546.39,0.9999991259394726
CIF01008764,Customer_8765,SNNPR,Washera Saving Account,10524.84,463,59543.332,0.9999932913719345
CIF01000038,Customer_39,SNNPR,Abew Saving Account,323.61,744,59539.438,0.9999990030425039
CIF01006804,Customer_6805,Oromia,Ordinary Saving Account,59995.75,3600,59532.605,0.9999999869893454
CIF01000547,Customer_548,SNNPR,Ahati Saving Account,61779.77,1420,59524.664,0.9999997804584346
CIF01005797,Customer_5798,Gambela,Couples Saving Deposit,49322.11,995,59520.87,0.9999998489765104
CIF01002629,Customer_2630,Amhara,Tirufat Savings Account,19609.46,2354,59501.207,0.9999998236021101
CIF01008894,Customer_8895,Addis Ababa,Ordinary Saving Account,26376.75,2777,59498.473,0.9999998982638666
CIF01002683,Customer_2684,Amhara,Agape Saving Account,21888.39,2114,59487.96,0.9999999371057053
CIF01004970,Customer_4971,Afar,Werazut Saving Account,49961.9,741,59476.24,0.9999994504183064
CIF01006429,Customer_6430,Dire Dawa,Werazut Saving Account,2062.94,797,59473.934,0.9999998227572936
CIF01007994,Customer_7995,Addis Ababa,Ordinary Saving Account,2146.07,433,59469.758,0.9999982192389664
CIF01001772,Customer_1773,Addis Ababa,Ahadu Bereket Saving Account,5086.18,2888,59440.434,0.9999997881548062
CIF01009620,Customer_9621,Addis Ababa,Ahati Saving Account,66133.33,3740,59418.805,0.9999999569692007
CIF01005143,Customer_5144,Addis Ababa,Dekemezmur Saving Account,11555.18,3353,59417.496,0.9999998929435908
CIF01006018,Customer_6019,Dire Dawa,Ordinary Saving Account,1345.09,2659,59394.117,0.999999663596682
CIF01005492,Customer_5493,Benishangul-Gumuz,Agape Saving Account,5450.44,1265,59390.92,0.9999999533068831
CIF01001820,Customer_1821,Somali,Ahati Saving Account,7255.26,2771,59373.617,0.9999999807379746
CIF01003809,Customer_3810,SNNPR,Prime Customer Deposit Account,38603.75,2846,59370.734,0.9999999225994813
CIF01007875,Customer_7876,Gambela,Ahati Saving Account,45706.04,1962,59365.32,0.9999999879629077
CIF01001233,Customer_1234,Afar,Ordinary Saving Account,58262.67,1155,59361.85,0.9999998666447967
CIF01003327,Customer_3328,Addis Ababa,Prime Customer Deposit Account,5153.69,2821,59355.23,0.9999997472390701
CIF01009962,Customer_9963,Amhara,Special Saving Account,48569.87,387,59350.59,0.9999992562207421
CIF01002181,Customer_2182,Oromia,Blatena Saving Account,10521.11,542,59350.133,0.9999976217313091
CIF01005709,Customer_5710,Somali,Asrat Bekurat Saving Account,32531.35,829,59335.023,0.9999998290006974
CIF01005661,Customer_5662,SNNPR,Abew Saving Account,13365.25,770,59331.21,0.9999998836781088
CIF01006465,Customer_6466,Addis Ababa,Janderebaw Saving Account,3252.9,1335,59327.168,0.999999878713631
CIF01005245,Customer_5246,Addis Ababa,Janderebaw Saving Account,1110.17,1903,59318.652,0.9999996932518513
CIF01004283,Customer_4284,Addis Ababa,Blatena Saving Account,35296.67,3849,59292.473,0.9999999719846814
CIF01004125,Customer_4126,Addis Ababa,Blatena Saving Account,32323.06,1374,59280.02,0.9999999182896651
CIF01005147,Customer_5148,Addis Ababa,Dekemezmur Saving Account,1081.59,704,59261.914,0.9999990585319631
CIF01006027,Customer_6028,Afar,Ordinary Saving Account,56284.59,1471,59260.543,0.9999998865326936
CIF01009876,Customer_9877,Sidama,Special Saving Account,17690.24,3812,59251.297,0.9999998650979744
CIF01005858,Customer_5859,SNNPR,Blatena Saving Account,30397.57,841,59248.086,0.9999992833360478
CIF01000458,Customer_459,Afar,Dekemezmur Saving Account,34376.88,610,59242.17,0.9999971006122418
CIF01008260,Customer_8261,Amhara,Abew Saving Account,11106.59,1982,59239.145,0.9999998828273362
CIF01009328,Customer_9329,Amhara,Asrat Bekurat Saving Account,12456.92,906,59215.004,0.9999999405043691
CIF01006759,Customer_6760,SNNPR,Ordinary Saving Account,29175.19,1575,59211.87,0.9999999046024843
CIF01007642,Customer_7643,Harari,Tirufat Savings Account,61062.6,407,59203.742,0.9999972862340967
CIF01005694,Customer_5695,Addis Ababa,Dekemezmur Saving Account,49364.77,3951,59202.203,0.9999999582836052
CIF01007612,Customer_7613,Tigray,Ordinary Saving Account,19907.28,1287,59174.535,0.9999998928628578
CIF01007173,Customer_7174,Oromia,Ahati Saving Account,11069.14,668,59165.95,0.9999989019815944
CIF01004643,Customer_4644,Dire Dawa,Janderebaw Saving Account,25183.2,2189,59160.906,0.9999999919097465
CIF01002936,Customer_2937,Amhara,Special Saving Account,13800.72,942,59150.082,0.9999996996885143
CIF01002813,Customer_2814,Amhara,Agape Saving Account,15125.31,3099,59147.723,0.9999999652783566
CIF01000363,Customer_364,Tigray,Ordinary Saving Account,13932.68,3383,59142.555,0.9999996792576796
CIF01005351,Customer_5352,Amhara,Werazut Saving Account,3335.27,1764,59121.59,0.9999998156011125
CIF01009720,Customer_9721,SNNPR,Janderebaw Saving Account,3721.44,2840,59094.316,0.9999997500236769
CIF01007515,Customer_7516,Oromia,Werazut Saving Account,14708.83,1894,59088.336,0.9999995506329754
CIF01003694,Customer_3695,SNNPR,Hiruyan Saving Account,48910.73,4869,59082.668,0.9999999096711675
CIF01004085,Customer_4086,Harari,Couples Saving Deposit,53083.37,773,59081.53,0.999999952114108
CIF01003516,Customer_3517,Amhara,Ordinary Saving Account,3385.17,1754,59062.6,0.9999997768712643
CIF01003571,Customer_3572,Oromia,Ahadu Bereket Saving Account,42118.2,2046,59042.375,0.9999999809126702
CIF01004585,Customer_4586,Oromia,Equb Saving Account,36733.47,1586,59026.9,0.9999999652942467
CIF01006223,Customer_6224,Oromia,Prime Customer Deposit Account,18121.53,1197,59014.99,0.9999996928249886
CIF01000149,Customer_150,Addis Ababa,Werazut Saving Account,51063.05,3357,58998.61,0.9999999601995515
CIF01003334,Customer_3335,Amhara,Washera Saving Account,12111.85,3380,58984.234,0.999999853391359
CIF01004878,Customer_4879,SNNPR,Ordinary Saving Account,7847.67,2603,58978.77,0.9999997243689471
CIF01004988,Customer_4989,Oromia,Dekemezmur Saving Account,1546.27,2360,58943.742,0.9999998694584585
CIF01007848,Customer_7849,Sidama,Ahadu Bereket Saving Account,53367.9,817,58940.457,0.9999999095152643
CIF01007174,Customer_7175,SNNPR,Washera Saving Account,25406.14,4224,58936.945,0.9999998409417421
CIF01005957,Customer_5958,Amhara,Asrat Bekurat Saving Account,5443.2,1558,58931.426,0.9999999060556864
CIF01008710,Customer_8711,Amhara,Ordinary Saving Account,11860.71,2233,58927.86,0.9999999230105229
CIF01006998,Customer_6999,Sidama,Werazut Saving Account,2868.85,1769,58916.035,0.9999997997719291
CIF01002901,Customer_2902,Addis Ababa,Ordinary Saving Account,7423.42,1943,58900.633,0.9999996905896655
CIF01005083,Customer_5084,Amhara,Dekemezmur Saving Account,6186.1,2772,58897.105,0.9999998944060637
CIF01005787,Customer_5788,Dire Dawa,Ahadu Bereket Saving Account,12240.49,1543,58888.016,0.9999999883563532
CIF01008050,Customer_8051,Addis Ababa,Ordinary Saving Account,44731.27,2163,58883.27,0.9999999814037536
CIF01009037,Customer_9038,Oromia,Special Saving Account,7959.83,2490,58854.45,0.9999998775382187
CIF01005631,Customer_5632,Afar,Ordinary Saving Account,26333.08,949,58847.992,0.9999999542598575
CIF01001712,Customer_1713,Amhara,Ahati Saving Account,36587.57,611,58840.184,0.999999801757101
CIF01006086,Customer_6087,Addis Ababa,Equb Saving Account,3084.96,1172,58838.22,0.9999998277700518
CIF01007001,Customer_7002,SNNPR,Blatena Saving Account,57983.78,2824,58819.82,0.9999998585127796
CIF01002171,Customer_2172,Sidama,Dekemezmur Saving Account,3382.19,2418,58818.016,0.9999998138541326
CIF01008353,Customer_8354,Addis Ababa,Special Saving Account,20569.67,549,58813.156,0.9999992087374153
CIF01002576,Customer_2577,Amhara,Ordinary Saving Account,2154.65,2256,58809.777,0.999999806502725
CIF01008883,Customer_8884,Addis Ababa,Tirufat Savings Account,3202.57,403,58805.312,0.9999994816537527
CIF01000859,Customer_860,Addis Ababa,Equb Saving Account,9803.76,395,58753.617,0.9999989686148069
CIF01000622,Customer_623,SNNPR,Werazut Saving Account,3086.75,593,58745.543,0.9999955177211922
CIF01003022,Customer_3023,Addis Ababa,Special Saving Account,5706.36,1966,58732.35,0.9999997789373452
CIF01005514,Customer_5515,Oromia,Tirufat Savings Account,14022.05,2513,58729.645,0.9999997898058548
CIF01005556,Customer_5557,Addis Ababa,Ordinary Saving Account,4369.72,1347,58725.73,0.9999999831913368
CIF01008975,Customer_8976,SNNPR,Ahadu Bereket Saving Account,7445.38,2662,58722.36,0.9999998276898968
CIF01008296,Customer_8297,SNNPR,Blatena Saving Account,6252.41,2849,58707.7,0.9999997408205848
CIF01005827,Customer_5828,Oromia,Ordinary Saving Account,25082.43,2442,58677.08,0.9999999455060272
CIF01003432,Customer_3433,Addis Ababa,Blatena Saving Account,51593.39,1682,58657.54,0.9999998994576836
CIF01000069,Customer_70,Addis Ababa,Special Saving Account,729.34,423,58641.336,0.9999991938730345
CIF01007252,Customer_7253,Amhara,Equb Saving Account,22573.83,1305,58638.668,0.999999874927488
CIF01003064,Customer_3065,Dire Dawa,Ordinary Saving Account,1282.41,1221,58631.332,0.9999999243373985
CIF01007052,Customer_7053,Addis Ababa,Tirufat Savings Account,26112.8,1288,58628.29,0.9999998941355362
CIF01007550,Customer_7551,Addis Ababa,Tirufat Savings Account,3704.8,1192,58615.145,0.9999997144358458
CIF01005978,Customer_5979,Oromia,Blatena Saving Account,12165.4,1466,58600.652,0.9999999651176991
CIF01004559,Customer_4560,Addis Ababa,Prime Customer Deposit Account,28953.69,2544,58555.855,0.999999931033393
CIF01002767,Customer_2768,Addis Ababa,Ahati Saving Account,10268.01,2283,58539.285,0.9999999382123728
CIF01001316,Customer_1317,Addis Ababa,Ordinary Saving Account,1599.32,1198,58538.582,0.9999998319345456
CIF01001705,Customer_1706,SNNPR,Hiruyan Saving Account,39924.51,3310,58502.26,0.9999999406607483
CIF01002369,Customer_2370,Amhara,Agape Saving Account,1394.19,2234,58492.26,0.9999998631458799
CIF01007696,Customer_7697,Somali,Ahati Saving Account,27176.44,1449,58463.656,0.9999999520629422
CIF01005373,Customer_5374,Amhara,Ahati Saving Account,533.03,1343,58455.824,0.9999998028613664
CIF01007060,Customer_7061,Afar,Ordinary Saving Account,2806.77,2844,58450.117,0.9999999787593743
CIF01003378,Customer_3379,SNNPR,Blatena Saving Account,53568.42,2813,58445.793,0.9999998960334254
CIF01007792,Customer_7793,Addis Ababa,Ordinary Saving Account,17425.29,749,58443.496,0.9999990578377757
CIF01000882,Customer_883,Amhara,Blatena Saving Account,39724.53,532,58432.156,0.9999998682350277
CIF01000872,Customer_873,Addis Ababa,Ordinary Saving Account,48426.84,603,58416.305,0.999999801285874
CIF01003337,Customer_3338,Addis Ababa,Dekemezmur Saving Account,24162.59,1683,58414.68,0.9999999645673084
CIF01008352,Customer_8353,Sidama,Tirufat Savings Account,1968.36,741,58411.156,0.9999955262855889
CIF01003114,Customer_3115,Harari,Ordinary Saving Account,545.87,560,58406.016,0.9999983269862293
CIF01000587,Customer_588,Afar,Ordinary Saving Account,30984.52,387,58405.16,0.9999983499153499
CIF01008874,Customer_8875,Benishangul-Gumuz,Dekemezmur Saving Account,7821.58,2659,58370.13,0.9999998826671839
CIF01003700,Customer_3701,Addis Ababa,Janderebaw Saving Account,7895.53,372,58347.18,0.9999971463600834
CIF01002946,Customer_2947,Addis Ababa,Werazut Saving Account,24649.08,3330,58346.37,0.9999998988851955
CIF01003570,Customer_3571,Oromia,Ordinary Saving Account,49081.13,1756,58346.145,0.9999999903375826
CIF01005829,Customer_5830,Addis Ababa,Prime Customer Deposit Account,13535.02,2231,58345.36,0.9999998106286151
CIF01005460,Customer_5461,Addis Ababa,Blatena Saving Account,15599.68,2444,58336.164,0.9999999555122336
CIF01005481,Customer_5482,Addis Ababa,Ordinary Saving Account,20062.25,1499,58328.46,0.9999999469461468
CIF01000240,Customer_241,Addis Ababa,Equb Saving Account,34956.73,4325,58311.605,0.999999956923236
CIF01004502,Customer_4503,Oromia,Couples Saving Deposit,2050.11,2485,58307.734,0.999999779457762
CIF01005400,Customer_5401,Oromia,Blatena Saving Account,67569.05,538,58290.31,0.9999743621586317
CIF01001075,Customer_1076,Dire Dawa,Abew Saving Account,7483.34,1268,58287.07,0.9999999806599668
CIF01000778,Customer_779,SNNPR,Blatena Saving Account,39124.25,1031,58254.305,0.9999998628490981
CIF01007095,Customer_7096,Dire Dawa,Blatena Saving Account,30743.44,1972,58239.336,0.9999999960169312
CIF01001484,Customer_1485,Amhara,Dekemezmur Saving Account,35306.63,1938,58226.492,0.9999999887977157
CIF01009672,Customer_9673,Sidama,Ahadu Bereket Saving Account,57650.19,915,58218.83,0.9999995260934543
CIF01001649,Customer_1650,Amhara,Abew Saving Account,43319.17,674,58215.69,0.9999919547326337
CIF01005547,Customer_5548,Addis Ababa,Agape Saving Account,26718.61,1965,58213.562,0.9999998839294529
CIF01007422,Customer_7423,Oromia,Ordinary Saving Account,2127.38,667,58205.39,0.9999983068671375
CIF01004320,Customer_4321,Addis Ababa,Washera Saving Account,7956.73,2573,58190.504,0.9999998268028047
CIF01000982,Customer_983,Oromia,Blatena Saving Account,3617.6,1388,58182.65,0.9999999184193977
CIF01002950,Customer_2951,Benishangul-Gumuz,Prime Customer Deposit Account,29746.95,3748,58175.37,0.9999999469498962
CIF01001426,Customer_1427,Oromia,Agape Saving Account,24136.19,770,58175.0,0.9999998964741735
CIF01002635,Customer_2636,Benishangul-Gumuz,Prime Customer Deposit Account,48162.99,1515,58172.254,0.9999999716127866
CIF01009975,Customer_9976,Oromia,Ahati Saving Account,64411.34,2533,58166.46,0.9999999612979428
CIF01007744,Customer_7745,Addis Ababa,Dekemezmur Saving Account,16595.58,1948,58161.79,0.9999999267905508
CIF01008778,Customer_8779,Oromia,Tirufat Savings Account,29231.04,3212,58156.188,0.9999999703819087
CIF01002965,Customer_2966,Addis Ababa,Asrat Bekurat Saving Account,4858.59,1803,58147.336,0.9999999596749191
CIF01005291,Customer_5292,Oromia,Werazut Saving Account,5384.88,3264,58127.59,0.9999993444808126
CIF01009428,Customer_9429,Dire Dawa,Werazut Saving Account,979.92,573,58126.566,0.9999995941615503
CIF01004520,Customer_4521,Harari,Sitota Saving Deposit,5049.22,784,58119.336,0.999999918943644
CIF01009963,Customer_9964,Addis Ababa,Janderebaw Saving Account,13888.07,1475,58099.406,0.9999999396768028
CIF01005474,Customer_5475,Tigray,Blatena Saving Account,209.37,1245,58095.586,0.9999999092296523
CIF01003957,Customer_3958,Amhara,Agape Saving Account,342.34,1050,58089.613,0.9999997944835115
CIF01007038,Customer_7039,Amhara,Special Saving Account,13518.66,1594,58087.562,0.9999998774785323
CIF01001638,Customer_1639,Addis Ababa,Hiruyan Saving Account,31193.0,1564,58076.715,0.9999998737968855
CIF01004753,Customer_4754,Amhara,Dekemezmur Saving Account,9681.3,710,58076.312,0.9999958747759834
CIF01009282,Customer_9283,SNNPR,Blatena Saving Account,46086.49,1727,58074.473,0.9999999578384593
CIF01009366,Customer_9367,Amhara,Dekemezmur Saving Account,59707.04,1077,58056.523,0.9999998608754652
CIF01001697,Customer_1698,Amhara,Special Saving Account,2167.79,723,58049.703,0.9999980758893857
CIF01009528,Customer_9529,Oromia,Special Saving Account,39448.67,4798,58040.31,0.999999930554145
CIF01001966,Customer_1967,Oromia,Blatena Saving Account,3642.93,676,58038.023,0.9999993399789748
CIF01004244,Customer_4245,Gambela,Ordinary Saving Account,19111.54,3955,58036.48,0.9999998994965015
CIF01006810,Customer_6811,Sidama,Janderebaw Saving Account,4076.14,1942,58034.18,0.9999997034388408
CIF01003188,Customer_3189,Addis Ababa,Ordinary Saving Account,16056.28,1692,58034.16,0.9999997878503203
CIF01004780,Customer_4781,Oromia,Washera Saving Account,45209.37,4392,58022.5,0.9999999953029017
CIF01006084,Customer_6085,SNNPR,Agape Saving Account,39152.76,2710,58009.125,0.9999999105731106
CIF01001377,Customer_1378,Amhara,Ahadu Bereket Saving Account,40523.34,410,58006.35,0.9999942826068875
CIF01008203,Customer_8204,Sidama,Ordinary Saving Account,77401.02,3126,58004.887,0.9999999653448685
CIF01002843,Customer_2844,Addis Ababa,Ahati Saving Account,43844.64,4717,58001.48,0.9999997937692454
CIF01007530,Customer_7531,Benishangul-Gumuz,Agape Saving Account,38043.3,442,57999.48,0.9999983679934146
CIF01006277,Customer_6278,SNNPR,Ordinary Saving Account,3400.03,2255,57986.652,0.9999997981850789
CIF01000666,Customer_667,Tigray,Tirufat Savings Account,60693.28,1588,57971.766,0.9999994331249029
CIF01009769,Customer_9770,Gambela,Dekemezmur Saving Account,18778.3,509,57957.344,0.9999978370940926
CIF01008558,Customer_8559,Somali,Sitota Saving Deposit,13650.55,2902,57926.934,0.9999997294233985
CIF01006055,Customer_6056,Addis Ababa,Blatena Saving Account,28435.84,1058,57926.59,0.9999998297536422
CIF01007207,Customer_7208,Addis Ababa,Tirufat Savings Account,50227.9,1704,57925.88,0.9999999708192113
CIF01004729,Customer_4730,Benishangul-Gumuz,Blatena Saving Account,44509.58,1444,57916.117,0.9999998063783069
CIF01009398,Customer_9399,Amhara,Couples Saving Deposit,54098.92,466,57910.61,0.999995872309521
CIF01000009,Customer_10,Oromia,Sitota Saving Deposit,7730.48,1392,57901.203,0.999999637337588
CIF01007668,Customer_7669,Oromia,Dekemezmur Saving Account,46001.04,495,57898.484,0.9999997092718332
CIF01003684,Customer_3685,Addis Ababa,Couples Saving Deposit,45856.32,1495,57885.266,0.9999999960264339
CIF01001105,Customer_1106,Addis Ababa,Ahati Saving Account,27519.02,1255,57859.37,0.9999999172000709
CIF01004656,Customer_4657,Somali,Abew Saving Account,39734.45,4390,57857.582,0.9999999624846855
CIF01007322,Customer_7323,SNNPR,Blatena Saving Account,8056.99,2891,57855.94,0.9999998523771052
CIF01003276,Customer_3277,Sidama,Special Saving Account,28347.63,3227,57844.086,0.9999999213067394
CIF01004272,Customer_4273,SNNPR,Abew Saving Account,7390.95,2301,57828.6,0.9999997723647004
CIF01009555,Customer_9556,Sidama,Ordinary Saving Account,58454.93,3192,57819.95,0.999999949440545
CIF01003377,Customer_3378,Amhara,Couples Saving Deposit,9692.47,1614,57819.74,0.9999999190376311
CIF01001748,Customer_1749,Oromia,Abew Saving Account,14580.18,1588,57809.99,0.9999998410812133
CIF01002722,Customer_2723,Oromia,Special Saving Account,73070.77,805,57798.39,0.9999996314535481
CIF01006013,Customer_6014,Addis Ababa,Ordinary Saving Account,36737.78,3439,57796.96,0.999999989725259
CIF01001415,Customer_1416,Addis Ababa,Janderebaw Saving Account,8354.48,1483,57790.395,0.9999995510480434
CIF01007951,Customer_7952,Oromia,Ordinary Saving Account,3915.62,1222,57783.613,0.9999998693456718
CIF01001112,Customer_1113,Oromia,Blatena Saving Account,37249.33,3011,57774.91,0.9999999330547735
CIF01005022,Customer_5023,Addis Ababa,Sitota Saving Deposit,3079.66,1243,57766.805,0.9999998812219432
CIF01009259,Customer_9260,Addis Ababa,Special Saving Account,32065.03,937,57758.4,0.9999995938407096
CIF01006920,Customer_6921,Addis Ababa,Blatena Saving Account,152.25,2595,57757.92,0.999999777620589
CIF01000392,Customer_393,Oromia,Equb Saving Account,13837.89,503,57757.03,0.9999992069105409
CIF01002735,Customer_2736,Amhara,Ordinary Saving Account,43423.39,4574,57741.01,0.9999999616977232
CIF01006767,Customer_6768,Tigray,Blatena Saving Account,1114.6,2248,57722.152,0.9999996622672244
CIF01009608,Customer_9609,Tigray,Werazut Saving Account,50551.32,529,57722.035,0.999996503540514
CIF01006837,Customer_6838,Gambela,Couples Saving Deposit,2226.85,1368,57720.184,0.9999998232167874
CIF01004772,Customer_4773,Addis Ababa,Agape Saving Account,5316.89,1692,57714.68,0.9999997164497836
CIF01007025,Customer_7026,Addis Ababa,Ahati Saving Account,2492.65,783,57697.19,0.9999998689265871
CIF01006655,Customer_6656,SNNPR,Blatena Saving Account,2773.71,2573,57696.566,0.999999871668066
CIF01000797,Customer_798,Tigray,Special Saving Account,55443.5,2230,57690.258,0.9999999406907618
CIF01007194,Customer_7195,SNNPR,Abew Saving Account,5082.09,1840,57688.582,0.9999998777450066
CIF01000389,Customer_390,Tigray,Tirufat Savings Account,13293.86,987,57682.91,0.9999998412230048
CIF01005995,Customer_5996,Addis Ababa,Ordinary Saving Account,8005.32,2465,57674.883,0.9999995070475737
CIF01007011,Customer_7012,Addis Ababa,Dekemezmur Saving Account,9253.37,2399,57672.742,0.9999997141242243
CIF01002282,Customer_2283,Oromia,Equb Saving Account,4604.75,2604,57643.73,0.9999998621054295
CIF01006623,Customer_6624,Oromia,Tirufat Savings Account,1542.81,2185,57602.816,0.9999995740106712
CIF01008237,Customer_8238,Tigray,Ordinary Saving Account,32198.31,1897,57587.17,0.9999999706208746
CIF01007566,Customer_7567,Benishangul-Gumuz,Ordinary Saving Account,49556.03,4144,57570.875,0.999999952593934
CIF01003597,Customer_3598,Addis Ababa,Ordinary Saving Account,1690.16,2351,57570.633,0.999999875178927
CIF01003639,Customer_3640,Addis Ababa,Ordinary Saving Account,4958.65,1414,57569.508,0.9999998493063095
CIF01005007,Customer_5008,Amhara,Abew Saving Account,36972.73,1298,57568.55,0.9999997865315822
CIF01000275,Customer_276,Oromia,Ordinary Saving Account,34378.51,581,57550.5,0.9999987472310634
CIF01004486,Customer_4487,Addis Ababa,Blatena Saving Account,15757.17,2444,57538.145,0.9999999048064321
CIF01005790,Customer_5791,Amhara,Ordinary Saving Account,2648.99,1334,57519.188,0.9999998880791251
CIF01004379,Customer_4380,SNNPR,Werazut Saving Account,12219.07,1456,57506.42,0.9999995468190874
CIF01006684,Customer_6685,Oromia,Special Saving Account,7082.91,416,57484.027,0.9999991702268591
CIF01008951,Customer_8952,Somali,Abew Saving Account,42023.17,4586,57440.766,0.9999999372739014
CIF01009367,Customer_9368,Addis Ababa,Prime Customer Deposit Account,29856.08,3982,57439.28,0.9999999909759406
CIF01005614,Customer_5615,Dire Dawa,Couples Saving Deposit,12722.75,2848,57432.742,0.9999999131452213
CIF01009004,Customer_9005,Addis Ababa,Equb Saving Account,9393.58,1962,57408.668,0.9999999185816697
CIF01001232,Customer_1233,Addis Ababa,Abew Saving Account,32861.42,502,57407.82,0.9999993008762633
CIF01008591,Customer_8592,Addis Ababa,Dekemezmur Saving Account,43861.55,439,57407.21,0.9999953233146833
CIF01004342,Customer_4343,Oromia,Special Saving Account,19778.93,2185,57397.332,0.9999998018223919
CIF01004734,Customer_4735,Addis Ababa,Hiruyan Saving Account,13927.95,2819,57391.55,0.999999987757015
CIF01003611,Customer_3612,Benishangul-Gumuz,Werazut Saving Account,33449.01,2033,57391.293,0.9999998926972866
CIF01006621,Customer_6622,Amhara,Ordinary Saving Account,4036.73,1947,57378.434,0.9999999170119289
CIF01006069,Customer_6070,Amhara,Ordinary Saving Account,7227.3,1502,57370.934,0.9999999509095374
CIF01005410,Customer_5411,Oromia,Ordinary Saving Account,33402.59,3085,57367.035,0.9999999201452755
CIF01002241,Customer_2242,Tigray,Hiruyan Saving Account,12629.65,1088,57363.008,0.9999996616505239
CIF01006329,Customer_6330,SNNPR,Ahadu Bereket Saving Account,50007.19,2435,57351.703,0.9999999352728219
CIF01009095,Customer_9096,Harari,Ahati Saving Account,31646.86,1310,57295.26,0.9999999536022125
CIF01009216,Customer_9217,Addis Ababa,Ordinary Saving Account,42439.32,897,57282.227,0.9999999122796938
CIF01002342,Customer_2343,Oromia,Dekemezmur Saving Account,35148.99,4440,57279.66,0.9999999735387732
CIF01002702,Customer_2703,Tigray,Ahadu Bereket Saving Account,4492.97,1598,57275.75,0.9999999816921851
CIF01001540,Customer_1541,Oromia,Special Saving Account,33934.37,441,57261.414,0.9999935435469985
CIF01005319,Customer_5320,Afar,Equb Saving Account,22746.93,769,57258.26,0.9999999039531301
CIF01009845,Customer_9846,Oromia,Tirufat Savings Account,4996.87,1925,57254.973,0.9999997745951725
CIF01004019,Customer_4020,SNNPR,Ordinary Saving Account,8173.85,1757,57247.75,0.9999999143043241
CIF01005565,Customer_5566,SNNPR,Tirufat Savings Account,31116.74,2999,57228.73,0.9999998718329772
CIF01009355,Customer_9356,Addis Ababa,Tirufat Savings Account,2219.5,1949,57222.168,0.9999996046238322
CIF01008529,Customer_8530,Addis Ababa,Ahati Saving Account,29830.01,685,57206.21,0.999999460449873
CIF01002446,Customer_2447,SNNPR,Abew Saving Account,1050.63,1162,57200.52,0.999999909269981
CIF01008681,Customer_8682,SNNPR,Ahadu Bereket Saving Account,12273.62,1504,57188.145,0.999999639069218
CIF01004799,Customer_4800,Dire Dawa,Janderebaw Saving Account,26527.9,4214,57186.375,0.9999998903593714
CIF01003261,Customer_3262,Oromia,Ahati Saving Account,993.72,2766,57149.09,0.9999997291245258
CIF01004793,Customer_4794,Addis Ababa,Blatena Saving Account,30601.97,4671,57127.457,0.9999999370194004
CIF01004352,Customer_4353,Gambela,Ordinary Saving Account,39575.6,374,57126.266,0.9999996005186317
CIF01004945,Customer_4946,Amhara,Ahati Saving Account,9146.23,538,57115.47,0.999998713992527
CIF01004658,Customer_4659,Tigray,Blatena Saving Account,31235.02,4195,57102.69,0.9999999114897317
CIF01006311,Customer_6312,Sidama,Ordinary Saving Account,1501.05,2749,57095.312,0.9999998797503924
CIF01003491,Customer_3492,Addis Ababa,Equb Saving Account,6076.3,3027,57088.87,0.9999998861626506
CIF01009745,Customer_9746,Addis Ababa,Blatena Saving Account,52961.73,2961,57083.42,0.9999999503510477
CIF01006760,Customer_6761,Addis Ababa,Ordinary Saving Account,34589.01,729,57067.926,0.9999984151705089
CIF01002454,Customer_2455,Benishangul-Gumuz,Dekemezmur Saving Account,33657.28,2043,57061.848,0.9999999436357502
CIF01003502,Customer_3503,Addis Ababa,Dekemezmur Saving Account,19813.92,3028,57057.863,0.9999996461927607
CIF01008262,Customer_8263,Oromia,Special Saving Account,30621.03,4388,57047.668,0.9999999911757983
CIF01008290,Customer_8291,SNNPR,Werazut Saving Account,58879.82,1752,57035.27,0.9999997060577688
CIF01000506,Customer_507,Tigray,Ordinary Saving Account,11134.07,1867,57034.574,0.9999998678107686
CIF01003786,Customer_3787,Sidama,Ordinary Saving Account,18316.4,469,57031.402,0.9999825854663688
CIF01008395,Customer_8396,Benishangul-Gumuz,Werazut Saving Account,1309.27,1653,57019.574,0.9999998331121961
CIF01001786,Customer_1787,Benishangul-Gumuz,Ordinary Saving Account,28279.09,1215,57003.633,0.9999999387687661
CIF01003431,Customer_3432,Addis Ababa,Ordinary Saving Account,21609.2,2019,56989.98,0.9999999542473238
CIF01000033,Customer_34,Tigray,Ordinary Saving Account,27773.74,4014,56985.684,0.999999948454799
CIF01006929,Customer_6930,Addis Ababa,Ordinary Saving Account,24453.69,2953,56981.31,0.9999999735599494
CIF01004256,Customer_4257,Addis Ababa,Ordinary Saving Account,53666.51,1070,56972.367,0.9999999602140037
CIF01001427,Customer_1428,SNNPR,Abew Saving Account,30225.39,3932,56964.32,0.9999999042112061
CIF01004495,Customer_4496,Oromia,Werazut Saving Account,49469.58,682,56954.16,0.9999984779975087
CIF01004197,Customer_4198,Addis Ababa,Ordinary Saving Account,13927.79,1808,56911.707,0.9999996558808396
CIF01003079,Customer_3080,SNNPR,Blatena Saving Account,10725.59,3191,56898.406,0.9999998814047787
CIF01007938,Customer_7939,Tigray,Ordinary Saving Account,8544.01,878,56887.508,0.9999997894793077
CIF01001342,Customer_1343,Amhara,Ordinary Saving Account,41761.88,2060,56886.664,0.9999999870490168
CIF01009437,Customer_9438,Benishangul-Gumuz,Special Saving Account,44472.71,3031,56885.957,0.9999999648234147
CIF01001306,Customer_1307,Oromia,Special Saving Account,36373.47,3837,56882.38,0.9999999555623384
CIF01008038,Customer_8039,Oromia,Prime Customer Deposit Account,54283.66,2578,56872.902,0.9999999566987304
CIF01004178,Customer_4179,Somali,Ordinary Saving Account,25386.48,728,56871.83,0.9999990370374576
CIF01002290,Customer_2291,Sidama,Special Saving Account,6011.35,614,56868.57,0.9999987343097688
CIF01000072,Customer_73,Amhara,Ordinary Saving Account,13597.36,446,56865.035,0.9999953548898264
CIF01001042,Customer_1043,Addis Ababa,Ordinary Saving Account,44932.24,751,56860.523,0.9999945696986551
CIF01006092,Customer_6093,SNNPR,Blatena Saving Account,35680.96,1747,56844.645,0.9999999715450384
CIF01001029,Customer_1030,SNNPR,Ordinary Saving Account,46309.53,3621,56843.5,0.9999998679458716
CIF01003035,Customer_3036,Harari,Ordinary Saving Account,37604.14,4378,56831.61,0.999999953411125
CIF01006768,Customer_6769,Tigray,Washera Saving Account,48559.96,3093,56812.06,0.9999999430004668
CIF01007989,Customer_7990,Oromia,Ordinary Saving Account,10555.68,1356,56810.324,0.9999998774205027
CIF01005517,Customer_5518,Amhara,Werazut Saving Account,23686.19,3273,56807.805,0.9999999076302476
CIF01007445,Customer_7446,SNNPR,Ahati Saving Account,31838.64,2233,56803.36,0.9999998603516249
CIF01001451,Customer_1452,Oromia,Special Saving Account,11188.25,1190,56796.34,0.999999779596036
CIF01000132,Customer_133,Addis Ababa,Special Saving Account,43664.91,1173,56760.34,0.9999999081986657
CIF01002381,Customer_2382,Gambela,Ordinary Saving Account,17358.04,1843,56755.508,0.9999999270790432
CIF01008209,Customer_8210,Oromia,Ordinary Saving Account,32899.92,4069,56750.08,0.9999999148823416
CIF01006591,Customer_6592,Amhara,Dekemezmur Saving Account,24096.49,3806,56744.562,0.9999999004806751
CIF01007192,Customer_7193,Afar,Agape Saving Account,36807.04,4327,56742.96,0.9999999099987674
CIF01008055,Customer_8056,Sidama,Special Saving Account,34797.5,4527,56736.867,0.9999999299476681
CIF01007374,Customer_7375,Oromia,Ahadu Bereket Saving Account,16218.77,1398,56725.535,0.9999998154276976
CIF01002336,Customer_2337,Amhara,Werazut Saving Account,3070.62,2308,56723.33,0.9999996495657344
CIF01004039,Customer_4040,Amhara,Janderebaw Saving Account,17173.19,4033,56720.54,0.9999997500596419
CIF01005594,Customer_5595,Sidama,Abew Saving Account,11441.1,2745,56717.965,0.9999998568863786
CIF01000462,Customer_463,Amhara,Werazut Saving Account,23417.84,3175,56717.824,0.9999998797758682
CIF01002012,Customer_2013,Addis Ababa,Ordinary Saving Account,2691.84,1624,56703.78,0.999999733916368
CIF01000902,Customer_903,Oromia,Janderebaw Saving Account,41367.52,3154,56698.58,0.9999999898945179
CIF01003910,Customer_3911,Addis Ababa,Ordinary Saving Account,53420.35,1642,56692.32,0.9999999589068126
CIF01001149,Customer_1150,Oromia,Agape Saving Account,29922.61,3724,56689.863,0.9999999078759381
CIF01001607,Customer_1608,Addis Ababa,Ahati Saving Account,35267.26,2208,56688.527,0.9999999187174633
CIF01001429,Customer_1430,Addis Ababa,Werazut Saving Account,53874.25,5163,56682.19,0.9999999701988314
CIF01003859,Customer_3860,Harari,Special Saving Account,29158.44,1959,56655.71,0.9999999304004104
CIF01006370,Customer_6371,Amhara,Prime Customer Deposit Account,36501.99,1400,56632.55,0.9999999530064771
CIF01003442,Customer_3443,Addis Ababa,Blatena Saving Account,26046.55,959,56627.64,0.9999998857659071
CIF01004887,Customer_4888,Amhara,Janderebaw Saving Account,5943.49,2862,56625.836,0.9999998751252577
CIF01003063,Customer_3064,SNNPR,Blatena Saving Account,11201.78,1527,56625.05,0.9999999025758975
CIF01001585,Customer_1586,Addis Ababa,Blatena Saving Account,23113.55,4011,56616.13,0.9999999458857012
CIF01003089,Customer_3090,Oromia,Ordinary Saving Account,33281.9,1216,56613.23,0.9999999490649155
CIF01007187,Customer_7188,Oromia,Werazut Saving Account,51243.0,432,56603.266,0.999995536561883
CIF01000487,Customer_488,SNNPR,Abew Saving Account,37799.59,2117,56594.246,0.999999919078936
CIF01001305,Customer_1306,Somali,Ordinary Saving Account,6058.0,2979,56592.805,0.9999997832392579
CIF01007491,Customer_7492,Amhara,Washera Saving Account,2841.23,1672,56573.96,0.9999999298761792
CIF01008924,Customer_8925,Addis Ababa,Blatena Saving Account,15008.91,754,56544.305,0.9999963325649384
CIF01000478,Customer_479,Oromia,Special Saving Account,3164.41,904,56542.473,0.9999992767638314
CIF01003524,Customer_3525,Amhara,Special Saving Account,28085.29,735,56541.03,0.999998296762457
CIF01000370,Customer_371,Addis Ababa,Hiruyan Saving Account,4743.95,2613,56537.6,0.9999998673174072
CIF01009099,Customer_9100,Amhara,Abew Saving Account,22069.64,2110,56536.164,0.999999915910764
CIF01004338,Customer_4339,Addis Ababa,Ahadu Bereket Saving Account,2153.99,2214,56524.66,0.9999998748994766
CIF01009778,Customer_9779,Amhara,Ordinary Saving Account,53304.94,3079,56522.02,0.9999999703038298
CIF01001138,Customer_1139,Oromia,Ahati Saving Account,49789.13,1663,56513.875,0.999999793249445
CIF01002468,Customer_2469,Addis Ababa,Prime Customer Deposit Account,1816.44,1174,56503.406,0.999999966904936
CIF01007521,Customer_7522,Oromia,Abew Saving Account,1605.16,663,56494.99,0.9999991253888276
CIF01007995,Customer_7996,Somali,Ordinary Saving Account,5128.26,1718,56483.734,0.9999998893565156
CIF01009096,Customer_9097,Addis Ababa,Equb Saving Account,4692.54,3370,56480.754,0.9999999331077147
CIF01007096,Customer_7097,Tigray,Ordinary Saving Account,12039.32,1825,56470.33,0.9999999249958077
CIF01008926,Customer_8927,Addis Ababa,Blatena Saving Account,5612.88,1697,56447.44,0.9999999525140715
CIF01009381,Customer_9382,Addis Ababa,Dekemezmur Saving Account,20119.07,2693,56434.688,0.9999999516541448
CIF01001131,Customer_1132,Amhara,Abew Saving Account,5253.06,1802,56419.754,0.9999999307164907
CIF01000406,Customer_407,Addis Ababa,Dekemezmur Saving Account,56227.16,1746,56391.594,0.9999999661293313
CIF01005822,Customer_5823,Addis Ababa,Hiruyan Saving Account,23884.86,4131,56387.184,0.99999996580128
CIF01005738,Customer_5739,Dire Dawa,Couples Saving Deposit,47742.84,3328,56379.98,0.9999999470222593
CIF01005048,Customer_5049,Oromia,Blatena Saving Account,38352.78,1817,56364.74,0.9999999493702986
CIF01005013,Customer_5014,Oromia,Ordinary Saving Account,43888.24,1017,56363.44,0.9999999955565548
CIF01002056,Customer_2057,Addis Ababa,Blatena Saving Account,2401.97,1309,56356.305,0.99999996351204
CIF01004582,Customer_4583,Afar,Equb Saving Account,25409.11,1048,56347.383,0.9999999440206297
CIF01002505,Customer_2506,Addis Ababa,Hiruyan Saving Account,29095.57,1731,56345.53,0.9999998377803382
CIF01003338,Customer_3339,Addis Ababa,Dekemezmur Saving Account,11516.89,1276,56333.53,0.9999998595206101
CIF01006317,Customer_6318,Amhara,Special Saving Account,16374.07,735,56333.004,0.9999993569025084
CIF01009938,Customer_9939,Addis Ababa,Abew Saving Account,17208.5,4106,56329.363,0.9999998770470571
CIF01002784,Customer_2785,Addis Ababa,Abew Saving Account,3765.89,1615,56328.223,0.9999999432234582
CIF01000063,Customer_64,Sidama,Ordinary Saving Account,18118.97,760,56319.2,0.9999870882104414
CIF01004500,Customer_4501,Amhara,Prime Customer Deposit Account,3038.59,1634,56315.105,0.9999999509499402
CIF01007334,Customer_7335,Somali,Agape Saving Account,11556.7,2671,56282.305,0.999999879340333
CIF01009761,Customer_9762,Amhara,Ahati Saving Account,51434.96,2273,56276.992,0.9999999855802364
CIF01003702,Customer_3703,Addis Ababa,Special Saving Account,19529.69,1284,56276.25,0.9999998896457072
CIF01004540,Customer_4541,Sidama,Ordinary Saving Account,24595.39,2495,56271.48,0.999999835563802
CIF01002716,Customer_2717,Amhara,Washera Saving Account,18385.27,694,56262.297,0.9999994931852569
CIF01007059,Customer_7060,Sidama,Dekemezmur Saving Account,48369.58,566,56259.06,0.9999940851959999
CIF01006076,Customer_6077,Benishangul-Gumuz,Ordinary Saving Account,8183.92,650,56228.027,0.9999993880718622
CIF01001806,Customer_1807,SNNPR,Werazut Saving Account,12895.77,1875,56180.887,0.9999998809817678
CIF01003758,Customer_3759,Gambela,Couples Saving Deposit,45419.1,5338,56179.863,0.9999999657440531
CIF01004918,Customer_4919,Oromia,Equb Saving Account,343.42,1224,56176.645,0.9999999337124335
CIF01006190,Customer_6191,Addis Ababa,Blatena Saving Account,12026.59,1331,56176.516,0.9999999170348386
CIF01007063,Customer_7064,Oromia,Abew Saving Account,9716.57,2298,56174.02,0.9999999605688819
CIF01006432,Customer_6433,Addis Ababa,Janderebaw Saving Account,58782.21,1974,56164.02,0.9999998694374581
CIF01007244,Customer_7245,Tigray,Werazut Saving Account,1856.93,2131,56143.09,0.9999997627710363
CIF01005439,Customer_5440,Amhara,Abew Saving Account,331.35,991,56137.668,0.999999964701722
CIF01006047,Customer_6048,Oromia,Ordinary Saving Account,35701.42,3452,56126.8,0.9999999918995007
CIF01008109,Customer_8110,Amhara,Werazut Saving Account,46762.17,3441,56118.027,0.999999929833941
CIF01006602,Customer_6603,Addis Ababa,Ahati Saving Account,3088.81,1043,56106.25,0.9999999374664875
CIF01004632,Customer_4633,Tigray,Ordinary Saving Account,4223.5,2540,56098.258,0.999999924650509
CIF01007790,Customer_7791,Oromia,Ahati Saving Account,42866.86,5135,56083.51,0.9999999929596732
CIF01000265,Customer_266,Addis Ababa,Special Saving Account,595.35,1322,56079.336,0.9999999593560135
CIF01008057,Customer_8058,Somali,Ordinary Saving Account,5052.45,670,56071.25,0.99999916073116
CIF01003158,Customer_3159,Tigray,Asrat Bekurat Saving Account,22333.9,502,56064.87,0.999998415500126
CIF01000346,Customer_347,Addis Ababa,Couples Saving Deposit,5870.77,721,56062.754,0.9999994751948301
CIF01006401,Customer_6402,Addis Ababa,Prime Customer Deposit Account,26753.39,903,56057.242,0.9999999359973532
CIF01002865,Customer_2866,Sidama,Janderebaw Saving Account,62363.43,1566,56029.29,0.99999997137017
CIF01009475,Customer_9476,Addis Ababa,Ordinary Saving Account,40120.91,4008,56017.15,0.999999944087897
CIF01002108,Customer_2109,Amhara,Ordinary Saving Account,23078.37,3544,56014.953,0.9999999893830135
CIF01009101,Customer_9102,Addis Ababa,Asrat Bekurat Saving Account,3599.98,3044,56000.18,0.9999999052375109
CIF01000176,Customer_177,Dire Dawa,Abew Saving Account,28267.37,3410,55963.72,0.9999999766999722
CIF01003483,Customer_3484,Oromia,Blatena Saving Account,15641.2,1957,55960.785,0.9999999781786122
CIF01004786,Customer_4787,Addis Ababa,Special Saving Account,14757.65,608,55959.582,0.9999995994977738
CIF01006428,Customer_6429,Amhara,Ordinary Saving Account,8369.23,538,55959.35,0.9999999932211665
CIF01005684,Customer_5685,Addis Ababa,Ordinary Saving Account,1197.79,1002,55939.445,0.9999999701166313
CIF01002591,Customer_2592,Amhara,Werazut Saving Account,36283.64,2447,55938.61,0.9999999819249935
CIF01009531,Customer_9532,Sidama,Tirufat Savings Account,22136.64,3422,55933.188,0.9999999505465456
CIF01008575,Customer_8576,Oromia,Ordinary Saving Account,11807.06,1229,55927.62,0.9999999472717281
CIF01008892,Customer_8893,Sidama,Tirufat Savings Account,50102.39,4869,55921.055,0.9999999538163337
CIF01000956,Customer_957,Tigray,Ordinary Saving Account,7778.49,2321,55908.824,0.9999998568199028
CIF01007468,Customer_7469,Benishangul-Gumuz,Ordinary Saving Account,4863.6,367,55907.273,0.999715450549284
CIF01003677,Customer_3678,SNNPR,Blatena Saving Account,2720.71,3252,55904.535,0.9999998964904008
CIF01006062,Customer_6063,Amhara,Werazut Saving Account,290.57,1963,55901.895,0.9999999088251478
CIF01003945,Customer_3946,Harari,Special Saving Account,23854.57,1088,55888.96,0.9999998133162182
CIF01000867,Customer_868,Addis Ababa,Janderebaw Saving Account,32287.4,689,55881.09,0.9999985987548023
CIF01000543,Customer_544,Addis Ababa,Equb Saving Account,11850.05,3456,55874.887,0.9999999712937649
CIF01001593,Customer_1594,Oromia,Abew Saving Account,39468.71,5182,55874.7,0.999999897121509
CIF01004991,Customer_4992,Oromia,Ahadu Bereket Saving Account,24320.53,3670,55873.418,0.9999998661961386
CIF01001826,Customer_1827,Amhara,Prime Customer Deposit Account,7576.02,2204,55872.605,0.9999999634462899
CIF01003568,Customer_3569,Addis Ababa,Tirufat Savings Account,4380.2,856,55870.637,0.999999912277261
CIF01009503,Customer_9504,Benishangul-Gumuz,Dekemezmur Saving Account,9260.44,3271,55857.234,0.9999999369669907
CIF01001837,Customer_1838,Amhara,Abew Saving Account,2565.95,1173,55857.066,0.9999999861227495
CIF01009074,Customer_9075,Oromia,Sitota Saving Deposit,40881.78,3038,55850.523,0.999999988511188
CIF01005236,Customer_5237,Amhara,Janderebaw Saving Account,29588.57,3723,55830.676,0.9999999879219733
CIF01004636,Customer_4637,Addis Ababa,Blatena Saving Account,1420.18,1160,55820.277,0.9999999657234845
CIF01000293,Customer_294,Amhara,Blatena Saving Account,1524.57,811,55818.17,0.9999999612592427
CIF01007331,Customer_7332,SNNPR,Janderebaw Saving Account,39163.85,1408,55784.062,0.9999997680319913
CIF01008614,Customer_8615,SNNPR,Janderebaw Saving Account,38426.18,5607,55769.203,0.9999999726987335
CIF01000431,Customer_432,Oromia,Special Saving Account,43694.62,5679,55753.977,0.9999999874212883
CIF01009092,Customer_9093,Tigray,Washera Saving Account,35558.11,1045,55740.406,0.999999832889858
CIF01006960,Customer_6961,Addis Ababa,Ordinary Saving Account,36195.8,429,55740.11,0.9999968575910709
CIF01002331,Customer_2332,Addis Ababa,Ahati Saving Account,1260.57,2205,55737.582,0.999999973215915
CIF01009587,Customer_9588,Dire Dawa,Ordinary Saving Account,12160.54,1206,55727.55,0.9999999846334486
CIF01003974,Customer_3975,Addis Ababa,Werazut Saving Account,47364.43,1193,55710.65,0.9999999175411117
CIF01008757,Customer_8758,Amhara,Agape Saving Account,1893.56,1071,55704.582,0.9999999661115295
CIF01006435,Customer_6436,SNNPR,Ordinary Saving Account,10978.77,793,55694.383,0.9999999276804393
CIF01001361,Customer_1362,Oromia,Ahati Saving Account,2203.23,1261,55674.008,0.9999999634563905
CIF01003565,Customer_3566,Addis Ababa,Washera Saving Account,7343.8,556,55658.2,0.9999998903113563
CIF01009036,Customer_9037,Oromia,Werazut Saving Account,27737.04,3292,55657.98,0.999999982747929
CIF01007162,Customer_7163,Addis Ababa,Abew Saving Account,28104.84,714,55653.68,0.9999995088020713
CIF01003729,Customer_3730,Addis Ababa,Dekemezmur Saving Account,6364.08,758,55650.223,0.9999998411588727
CIF01002358,Customer_2359,Addis Ababa,Dekemezmur Saving Account,23085.02,2716,55640.613,0.9999999835308102
CIF01000595,Customer_596,Amhara,Dekemezmur Saving Account,7613.85,2023,55610.977,0.9999999683757222
CIF01006194,Customer_6195,Addis Ababa,Blatena Saving Account,17839.67,1494,55609.1,0.9999999888530161
CIF01006231,Customer_6232,Addis Ababa,Agape Saving Account,34192.05,1654,55592.848,0.9999999938642319
CIF01000964,Customer_965,Oromia,Tirufat Savings Account,8344.47,991,55582.29,0.999999973176326
CIF01004783,Customer_4784,Amhara,Couples Saving Deposit,23407.75,1999,55574.195,0.9999999691061677
CIF01005350,Customer_5351,Amhara,Dekemezmur Saving Account,33994.64,4662,55557.207,0.999999986192188
CIF01006971,Customer_6972,Amhara,Special Saving Account,10786.92,3462,55535.395,0.9999999816603594
CIF01002840,Customer_2841,SNNPR,Washera Saving Account,45245.56,1105,55529.918,0.999999549446724
CIF01005479,Customer_5480,Addis Ababa,Werazut Saving Account,41517.59,3867,55528.65,0.9999998142300116
CIF01002154,Customer_2155,Dire Dawa,Werazut Saving Account,21009.31,2985,55516.32,0.9999997166568072
CIF01005049,Customer_5050,Afar,Ahadu Bereket Saving Account,16730.95,4040,55515.11,0.9999999296602818
CIF01006251,Customer_6252,Amhara,Equb Saving Account,16110.41,617,55508.9,0.9999992977752064
CIF01008584,Customer_8585,Afar,Ahati Saving Account,1884.83,1648,55492.926,0.9999999580183379
CIF01008028,Customer_8029,Amhara,Blatena Saving Account,889.65,3062,55490.926,0.9999999557283219
CIF01008643,Customer_8644,Oromia,Agape Saving Account,2638.52,1486,55479.266,0.999999977131453
CIF01006952,Customer_6953,Amhara,Tirufat Savings Account,13956.24,1319,55466.734,0.99999997414239
CIF01007791,Customer_7792,Somali,Werazut Saving Account,9609.26,1812,55465.816,0.99999980585864
CIF01000415,Customer_416,Addis Ababa,Ahadu Bereket Saving Account,57647.06,629,55463.24,0.9999272779059112
CIF01003825,Customer_3826,Addis Ababa,Werazut Saving Account,27873.04,665,55456.227,0.9999967138591103
CIF01003972,Customer_3973,Addis Ababa,Special Saving Account,52448.75,566,55427.965,0.9999377249664401
CIF01006102,Customer_6103,Addis Ababa,Couples Saving Deposit,2472.47,2238,55426.61,0.9999999804880041
CIF01009693,Customer_9694,Amhara,Prime Customer Deposit Account,27968.9,430,55411.19,0.9999989752835898
CIF01008104,Customer_8105,Dire Dawa,Blatena Saving Account,2219.98,2383,55410.96,0.9999999601320093
CIF01005464,Customer_5465,Gambela,Agape Saving Account,45488.94,2142,55390.805,0.99999987705667
CIF01002261,Customer_2262,Oromia,Ahati Saving Account,4172.24,3405,55379.67,0.9999999708103411
CIF01001277,Customer_1278,Addis Ababa,Ahati Saving Account,38667.78,3455,55377.645,0.99999998687889
CIF01006573,Customer_6574,SNNPR,Janderebaw Saving Account,6776.09,1829,55363.918,0.9999998105911282
CIF01003238,Customer_3239,Addis Ababa,Ordinary Saving Account,42453.2,2326,55358.254,0.9999999864079567
CIF01000456,Customer_457,Amhara,Ordinary Saving Account,2688.49,1209,55353.707,0.9999999766111395
CIF01005970,Customer_5971,Benishangul-Gumuz,Agape Saving Account,22209.98,1224,55321.316,0.9999999796601344
CIF01005432,Customer_5433,Benishangul-Gumuz,Tirufat Savings Account,11573.1,515,55312.062,0.9999995600048777
CIF01003320,Customer_3321,Tigray,Ordinary Saving Account,37454.01,3323,55311.41,0.9999999748935771
CIF01002090,Customer_2091,Oromia,Ordinary Saving Account,3474.2,2482,55307.57,0.9999999513248786
CIF01009141,Customer_9142,Afar,Ordinary Saving Account,9126.16,646,55294.93,0.9999997188859584
CIF01008169,Customer_8170,Addis Ababa,Washera Saving Account,4540.47,433,55288.473,0.9999998987424057
CIF01006168,Customer_6169,Harari,Ordinary Saving Account,31751.87,744,55281.715,0.9999992207002779
CIF01008942,Customer_8943,Sidama,Ordinary Saving Account,57514.68,2216,55281.71,0.9999999046569532
CIF01003174,Customer_3175,Oromia,Ordinary Saving Account,11014.71,2043,55263.344,0.9999999700218336
CIF01000243,Customer_244,Sidama,Dekemezmur Saving Account,36648.8,550,55243.68,0.999996086369913
CIF01000987,Customer_988,Dire Dawa,Sitota Saving Deposit,53734.5,1309,55238.223,0.9999999447792801
CIF01003340,Customer_3341,SNNPR,Special Saving Account,15259.53,679,55223.75,0.9999959653141448
CIF01008183,Customer_8184,Dire Dawa,Couples Saving Deposit,4967.98,675,55223.35,0.9999999449449494
CIF01000835,Customer_836,Amhara,Ordinary Saving Account,7116.27,790,55222.81,0.9999999828308112
CIF01004047,Customer_4048,Addis Ababa,Special Saving Account,3100.5,1737,55219.24,0.99999995862861
CIF01005180,Customer_5181,Gambela,Dekemezmur Saving Account,5956.89,612,55218.547,0.9999999711839626
CIF01006105,Customer_6106,Oromia,Janderebaw Saving Account,8120.44,2162,55212.14,0.99999997988073
CIF01008482,Customer_8483,Oromia,Werazut Saving Account,43019.0,1875,55206.145,0.9999999951243483
CIF01003624,Customer_3625,Addis Ababa,Werazut Saving Account,28546.53,4839,55197.543,0.9999999676462893
CIF01008993,Customer_8994,Oromia,Ordinary Saving Account,40500.86,2883,55191.98,0.9999999429193601
CIF01009497,Customer_9498,Sidama,Agape Saving Account,24420.73,531,55189.656,0.9999966812629455
CIF01004719,Customer_4720,Sidama,Ordinary Saving Account,1877.69,2991,55186.902,0.999999942994385
CIF01000055,Customer_56,SNNPR,Special Saving Account,23747.82,1357,55181.61,0.9999998559175617
CIF01007006,Customer_7007,Addis Ababa,Washera Saving Account,37126.21,1401,55168.383,0.9999998760165298
CIF01004721,Customer_4722,Addis Ababa,Ahati Saving Account,9522.49,1078,55145.223,0.9999999262810287
CIF01000429,Customer_430,Addis Ababa,Agape Saving Account,3889.85,2011,55140.785,0.999999903244317
CIF01005039,Customer_5040,Addis Ababa,Prime Customer Deposit Account,2396.55,2632,55122.66,0.9999999749464816
CIF01008327,Customer_8328,Gambela,Tirufat Savings Account,38763.42,1178,55119.88,0.9999999435299461
CIF01004460,Customer_4461,Tigray,Abew Saving Account,6521.82,3213,55109.29,0.9999999155144559
CIF01000926,Customer_927,Sidama,Ordinary Saving Account,35589.34,4091,55103.83,0.9999999747748798
CIF01006464,Customer_6465,SNNPR,Ahati Saving Account,45862.02,910,55088.6,0.9999998703863046
CIF01005388,Customer_5389,Tigray,Ordinary Saving Account,3157.77,1965,55077.805,0.9999998029785129
CIF01001019,Customer_1020,Amhara,Equb Saving Account,20404.13,564,55027.777,0.9999998738566515
CIF01000786,Customer_787,Addis Ababa,Ahati Saving Account,35322.07,4711,55027.438,0.9999999313953294
CIF01005968,Customer_5969,SNNPR,Ordinary Saving Account,34695.59,624,55011.785,0.9999976451525407
CIF01007183,Customer_7184,SNNPR,Werazut Saving Account,40866.34,5436,55007.273,0.9999999481659507
CIF01004410,Customer_4411,Tigray,Sitota Saving Deposit,5333.35,559,54991.195,0.9999988084974726
CIF01001261,Customer_1262,Amhara,Prime Customer Deposit Account,39987.44,964,54981.816,0.9999999639299417
CIF01005645,Customer_5646,Oromia,Dekemezmur Saving Account,3047.04,2311,54950.145,0.9999999270811482
CIF01006134,Customer_6135,Tigray,Hiruyan Saving Account,21891.85,1466,54932.01,0.9999998681654204
CIF01004612,Customer_4613,Addis Ababa,Dekemezmur Saving Account,48221.31,774,54928.754,0.9999999466512983
CIF01004445,Customer_4446,Oromia,Prime Customer Deposit Account,25491.61,2353,54921.996,0.999999835000558
CIF01001139,Customer_1140,Addis Ababa,Special Saving Account,5409.92,516,54920.918,0.999999797205946
CIF01004286,Customer_4287,Amhara,Ahati Saving Account,685.43,824,54908.223,0.9999999592992689
CIF01003636,Customer_3637,Oromia,Special Saving Account,33389.17,3694,54879.26,0.9999999786920708
CIF01007131,Customer_7132,Addis Ababa,Ordinary Saving Account,16640.99,472,54870.58,0.9999981747614057
CIF01004456,Customer_4457,Gambela,Special Saving Account,6827.05,719,54861.605,0.9999998100619131
CIF01008251,Customer_8252,Addis Ababa,Washera Saving Account,661.85,2351,54857.83,0.9999999816835919
CIF01001764,Customer_1765,SNNPR,Ordinary Saving Account,15677.41,1837,54823.32,0.9999999545122719
CIF01004021,Customer_4022,Addis Ababa,Blatena Saving Account,1748.81,1579,54822.527,0.9999999722993677
CIF01001294,Customer_1295,Oromia,Blatena Saving Account,33216.24,1466,54821.633,0.9999999086438972
CIF01001795,Customer_1796,SNNPR,Tirufat Savings Account,26854.8,1233,54813.805,0.9999998793109875
CIF01009217,Customer_9218,Tigray,Blatena Saving Account,41462.43,4365,54774.445,0.9999999135752254
CIF01004794,Customer_4795,SNNPR,Special Saving Account,2779.73,3397,54773.688,0.99999967733748
CIF01007707,Customer_7708,Amhara,Dekemezmur Saving Account,24911.22,2298,54767.27,0.9999999691170162
CIF01002385,Customer_2386,Oromia,Werazut Saving Account,11859.83,2604,54759.086,0.999999758359498
CIF01005300,Customer_5301,Harari,Ordinary Saving Account,1230.16,1619,54755.656,0.9999999427651995
CIF01009427,Customer_9428,Amhara,Equb Saving Account,1721.65,2596,54743.043,0.9999999532739774
CIF01006805,Customer_6806,Afar,Ordinary Saving Account,46060.61,1166,54738.223,0.9999999322813585
CIF01009635,Customer_9636,Addis Ababa,Janderebaw Saving Account,48206.3,872,54736.555,0.9999998546052629
CIF01001496,Customer_1497,Tigray,Couples Saving Deposit,32498.28,2761,54716.777,0.9999999643950027
CIF01009933,Customer_9934,Addis Ababa,Hiruyan Saving Account,747.78,2183,54706.348,0.9999999176633393
CIF01007508,Customer_7509,Addis Ababa,Blatena Saving Account,38867.7,664,54693.62,0.9999999218970491
CIF01007461,Customer_7462,Addis Ababa,Ordinary Saving Account,4758.28,542,54691.06,0.9999994428895642
CIF01000010,Customer_11,Addis Ababa,Blatena Saving Account,25080.6,1453,54686.043,0.9999999753390799
CIF01001680,Customer_1681,SNNPR,Blatena Saving Account,8320.84,2009,54683.395,0.9999997715222226
CIF01006469,Customer_6470,Addis Ababa,Hiruyan Saving Account,14259.8,2321,54683.137,0.999999977401051
CIF01000580,Customer_581,Addis Ababa,Blatena Saving Account,1212.44,1902,54682.344,0.9999999772980045
CIF01001686,Customer_1687,Sidama,Agape Saving Account,3261.82,1086,54680.68,0.9999998491180063
CIF01005281,Customer_5282,Amhara,Blatena Saving Account,7445.88,599,54672.684,0.9999997482780544
CIF01001147,Customer_1148,Oromia,Tirufat Savings Account,31758.95,4182,54669.73,0.9999999711799096
CIF01005601,Customer_5602,Gambela,Ahati Saving Account,2896.67,1513,54661.434,0.9999999754010581
CIF01003931,Customer_3932,Amhara,Werazut Saving Account,7119.81,614,54650.645,0.999999774825873
CIF01009822,Customer_9823,Addis Ababa,Ordinary Saving Account,24098.38,1215,54643.812,0.9999999509013198
CIF01009928,Customer_9929,Amhara,Special Saving Account,34058.56,4513,54632.156,0.9999999520433439
CIF01001920,Customer_1921,Amhara,Special Saving Account,7341.37,1896,54616.332,0.9999999914658376
CIF01009913,Customer_9914,Amhara,Abew Saving Account,1048.94,2004,54614.64,0.9999999482198774
CIF01002459,Customer_2460,Amhara,Ahati Saving Account,5766.49,3292,54601.27,0.9999999743713319
CIF01006590,Customer_6591,Addis Ababa,Werazut Saving Account,3338.59,712,54587.42,0.9999998560824465
CIF01000011,Customer_12,Dire Dawa,Ordinary Saving Account,22636.92,582,54568.902,0.9999977698187589
CIF01007656,Customer_7657,SNNPR,Ordinary Saving Account,4715.63,637,54557.387,0.9999995048060578
CIF01001676,Customer_1677,SNNPR,Hiruyan Saving Account,577.07,2230,54552.324,0.9999996150690665
CIF01005989,Customer_5990,Benishangul-Gumuz,Blatena Saving Account,6758.2,2178,54550.117,0.9999998861531613
CIF01003153,Customer_3154,SNNPR,Prime Customer Deposit Account,28039.47,2158,54512.824,0.9999998932820785
CIF01002983,Customer_2984,Addis Ababa,Special Saving Account,38914.42,5472,54512.156,0.9999999845260286
CIF01006948,Customer_6949,Addis Ababa,Equb Saving Account,25155.41,1126,54511.215,0.9999999911164531
CIF01008359,Customer_8360,Sidama,Prime Customer Deposit Account,52184.75,2855,54488.074,0.9999998999408553
CIF01005141,Customer_5142,Amhara,Special Saving Account,955.68,2793,54477.055,0.9999999378891832
CIF01006026,Customer_6027,Oromia,Werazut Saving Account,16674.54,1656,54469.484,0.9999999353764577
CIF01009863,Customer_9864,Addis Ababa,Blatena Saving Account,36438.63,486,54449.79,0.9999997321392267
CIF01009951,Customer_9952,SNNPR,Ordinary Saving Account,1853.86,1539,54449.688,0.9999998901247437
CIF01000891,Customer_892,Addis Ababa,Blatena Saving Account,7662.59,2201,54441.035,0.999999981007761
CIF01000593,Customer_594,Dire Dawa,Ordinary Saving Account,4197.74,630,54440.39,0.9999998290010573
CIF01002013,Customer_2014,Addis Ababa,Werazut Saving Account,12163.97,2988,54430.566,0.9999999704080362
CIF01005081,Customer_5082,Afar,Werazut Saving Account,38557.27,1014,54426.7,0.9999999561242422
CIF01009365,Customer_9366,Addis Ababa,Blatena Saving Account,5244.99,531,54426.598,0.9999998440795964
CIF01002718,Customer_2719,Addis Ababa,Sitota Saving Deposit,11488.6,694,54407.29,0.9999843839208945
CIF01009707,Customer_9708,Addis Ababa,Ahadu Bereket Saving Account,21086.12,653,54402.164,0.9999993725403367
CIF01004185,Customer_4186,Harari,Agape Saving Account,24720.48,2612,54392.96,0.9999999896231461
CIF01007954,Customer_7955,Amhara,Ordinary Saving Account,41958.33,3294,54387.22,0.9999999867245011
CIF01003789,Customer_3790,Oromia,Werazut Saving Account,24565.82,4685,54386.934,0.9999999589707408
CIF01004175,Customer_4176,Amhara,Ordinary Saving Account,2590.88,1141,54366.305,0.9999999721879785
CIF01004920,Customer_4921,Tigray,Janderebaw Saving Account,8538.62,738,54361.97,0.999998908388991
CIF01006547,Customer_6548,SNNPR,Blatena Saving Account,21729.04,3043,54357.867,0.9999999294384178
CIF01008935,Customer_8936,Addis Ababa,Dekemezmur Saving Account,11278.18,533,54353.0,0.9999999127586018
CIF01007569,Customer_7570,Tigray,Special Saving Account,3028.16,3197,54336.82,0.9999998316027369
CIF01002387,Customer_2388,Addis Ababa,Dekemezmur Saving Account,2201.55,1897,54318.797,0.9999999751025637
CIF01006790,Customer_6791,Benishangul-Gumuz,Hiruyan Saving Account,29582.65,2891,54305.363,0.9999999603994314
CIF01009372,Customer_9373,SNNPR,Ordinary Saving Account,24139.67,463,54300.87,0.9999936654125408
CIF01004779,Customer_4780,Oromia,Dekemezmur Saving Account,30561.86,779,54292.844,0.9999999414093294
CIF01009050,Customer_9051,Sidama,Special Saving Account,8069.24,1148,54283.156,0.9999995661472302
CIF01003083,Customer_3084,Addis Ababa,Special Saving Account,54053.55,1188,54275.33,0.9999992256717817
CIF01000764,Customer_765,Amhara,Ordinary Saving Account,14162.78,1478,54254.547,0.9999999614841163
CIF01007650,Customer_7651,Addis Ababa,Ordinary Saving Account,41634.31,4014,54252.69,0.9999999914717587
CIF01000608,Customer_609,Oromia,Prime Customer Deposit Account,18026.43,3210,54245.023,0.9999999825458724
CIF01008115,Customer_8116,Sidama,Blatena Saving Account,13025.0,2790,54240.004,0.9999999453024521
CIF01009824,Customer_9825,Sidama,Janderebaw Saving Account,23078.23,856,54233.594,0.9999993283517704
CIF01003519,Customer_3520,Addis Ababa,Ahati Saving Account,3066.7,1767,54227.832,0.9999998763630706
CIF01008716,Customer_8717,Addis Ababa,Asrat Bekurat Saving Account,6794.43,1743,54205.395,0.9999999724758811
CIF01006075,Customer_6076,SNNPR,Janderebaw Saving Account,1936.59,1568,54205.23,0.9999997586208235
CIF01001621,Customer_1622,Addis Ababa,Couples Saving Deposit,11931.87,1729,54204.84,0.999999959744425
CIF01009467,Customer_9468,Addis Ababa,Hiruyan Saving Account,35572.43,838,54204.535,0.9999997541417043
CIF01009042,Customer_9043,Amhara,Ahati Saving Account,869.02,1441,54196.367,0.9999999584178447
CIF01001995,Customer_1996,Sidama,Special Saving Account,30092.55,1584,54195.12,0.9999999534745397
CIF01008980,Customer_8981,Dire Dawa,Blatena Saving Account,609.72,2226,54188.777,0.9999999801371544
CIF01004201,Customer_4202,SNNPR,Ahadu Bereket Saving Account,41429.92,739,54171.977,0.9999965571233882
CIF01006712,Customer_6713,Addis Ababa,Special Saving Account,42582.18,781,54162.363,0.999999931919803
CIF01000434,Customer_435,Oromia,Dekemezmur Saving Account,2867.03,3484,54153.77,0.9999999645413148
CIF01005707,Customer_5708,Oromia,Blatena Saving Account,51637.24,3432,54152.094,0.9999998785627356
CIF01009407,Customer_9408,Amhara,Dekemezmur Saving Account,9256.23,2547,54149.598,0.9999999432922174
CIF01007993,Customer_7994,Oromia,Hiruyan Saving Account,2958.14,1038,54143.133,0.9999999204188191
CIF01009810,Customer_9811,Amhara,Dekemezmur Saving Account,15441.03,927,54140.992,0.9999999760384061
CIF01006724,Customer_6725,Tigray,Special Saving Account,4194.33,701,54136.656,0.9999987833973798
CIF01008206,Customer_8207,Amhara,Ahati Saving Account,2202.88,1981,54116.957,0.9999999682163146
CIF01001906,Customer_1907,Tigray,Ahadu Bereket Saving Account,5530.29,485,54116.934,0.9999990595249192
CIF01002452,Customer_2453,Afar,Ordinary Saving Account,1438.38,1273,54114.293,0.9999999441397238
CIF01006502,Customer_6503,Addis Ababa,Agape Saving Account,7291.11,3043,54114.234,0.9999999912033734
CIF01006280,Customer_6281,Oromia,Ordinary Saving Account,4497.31,496,54107.746,0.9999999445687691
CIF01006557,Customer_6558,Addis Ababa,Asrat Bekurat Saving Account,29132.67,1318,54093.16,0.9999998058676122
CIF01004714,Customer_4715,Tigray,Tirufat Savings Account,10946.56,449,54091.97,0.9999789244328088
CIF01000515,Customer_516,Tigray,Ahadu Bereket Saving Account,8671.35,1437,54089.332,0.9999999013714458
CIF01007088,Customer_7089,Addis Ababa,Washera Saving Account,4293.8,2552,54088.137,0.9999999585840912
CIF01004049,Customer_4050,Harari,Agape Saving Account,16349.94,3026,54076.957,0.9999999872849629
CIF01002242,Customer_2243,Dire Dawa,Dekemezmur Saving Account,942.84,992,54057.086,0.9999999743971035
CIF01009986,Customer_9987,Tigray,Ahati Saving Account,15709.94,372,54050.344,0.9999942630410493
CIF01004531,Customer_4532,Oromia,Ordinary Saving Account,15431.59,1009,54048.1,0.9999998376260198
CIF01009554,Customer_9555,Somali,Blatena Saving Account,8588.81,1600,54040.28,0.9999997951385564
CIF01004877,Customer_4878,Amhara,Ordinary Saving Account,48011.57,369,54037.812,0.9999991321794813
CIF01000092,Customer_93,Tigray,Hiruyan Saving Account,22486.57,1430,54030.184,0.999999491516549
CIF01005100,Customer_5101,SNNPR,Hiruyan Saving Account,15863.62,3813,54024.266,0.9999999456278387
CIF01007117,Customer_7118,Addis Ababa,Werazut Saving Account,1019.07,3005,54014.043,0.9999998748296474
CIF01000584,Customer_585,Somali,Equb Saving Account,10470.71,3802,53997.793,0.9999999249153021
CIF01008376,Customer_8377,Amhara,Couples Saving Deposit,22903.23,811,53990.8,0.9999999731008457
CIF01003204,Customer_3205,Addis Ababa,Special Saving Account,45419.12,395,53977.055,0.9999490058080711
CIF01005111,Customer_5112,Addis Ababa,Tirufat Savings Account,13508.7,446,53969.83,0.9999991516491504
CIF01009504,Customer_9505,Sidama,Ordinary Saving Account,15021.83,1005,53966.89,0.9999999004116448
CIF01005955,Customer_5956,Dire Dawa,Hiruyan Saving Account,13878.9,2648,53962.82,0.9999999766305866
CIF01007877,Customer_7878,SNNPR,Ordinary Saving Account,23431.94,2082,53960.76,0.9999999211525548
CIF01007179,Customer_7180,Dire Dawa,Ordinary Saving Account,33581.13,1791,53959.117,0.9999999945966338
CIF01007715,Customer_7716,Amhara,Ordinary Saving Account,10136.67,2951,53953.31,0.9999999667444808
CIF01007808,Customer_7809,Addis Ababa,Hiruyan Saving Account,19944.55,1772,53944.645,0.9999999297352755
CIF01005345,Customer_5346,Addis Ababa,Blatena Saving Account,46467.46,692,53932.812,0.9999953501499058
CIF01001692,Customer_1693,Tigray,Dekemezmur Saving Account,2694.2,1146,53913.0,0.9999995804866456
CIF01002947,Customer_2948,Addis Ababa,Ahadu Bereket Saving Account,11164.56,409,53908.93,0.9999998394858087
CIF01008312,Customer_8313,Oromia,Blatena Saving Account,28180.21,3066,53907.01,0.9999999827340257
CIF01001116,Customer_1117,Oromia,Blatena Saving Account,25843.76,4418,53896.074,0.9999999816134381
CIF01000877,Customer_878,Addis Ababa,Dekemezmur Saving Account,10203.24,3789,53871.46,0.9999999394958782
CIF01001243,Customer_1244,Sidama,Ahati Saving Account,17720.7,2003,53864.426,0.9999997865589181
CIF01003059,Customer_3060,Addis Ababa,Ahati Saving Account,35686.04,972,53860.67,0.9999999553685734
CIF01007688,Customer_7689,SNNPR,Special Saving Account,951.62,1052,53834.227,0.9999997456245066
CIF01007634,Customer_7635,Addis Ababa,Special Saving Account,1654.03,2528,53812.59,0.999999859902034
CIF01001810,Customer_1811,Sidama,Ordinary Saving Account,46154.73,979,53811.086,0.9999999586285083
CIF01008411,Customer_8412,Addis Ababa,Ordinary Saving Account,37758.11,1426,53804.11,0.9999999944262925
CIF01005657,Customer_5658,Oromia,Werazut Saving Account,21854.86,2657,53798.617,0.9999998990234029
CIF01005067,Customer_5068,SNNPR,Ordinary Saving Account,41425.25,2806,53787.656,0.9999999115038972
CIF01001292,Customer_1293,Harari,Sitota Saving Deposit,3603.49,1222,53781.89,0.9999999595881065
CIF01002543,Customer_2544,Oromia,Ordinary Saving Account,862.87,2064,53777.64,0.999999900314329
CIF01004527,Customer_4528,SNNPR,Janderebaw Saving Account,16133.16,2632,53769.742,0.9999998025485212
CIF01008320,Customer_8321,Sidama,Ahadu Bereket Saving Account,26981.79,521,53765.098,0.9999986653816719
CIF01005417,Customer_5418,Tigray,Sitota Saving Deposit,10596.33,400,53756.734,0.9999797477844461
CIF01001689,Customer_1690,Addis Ababa,Equb Saving Account,18222.04,1105,53751.992,0.9999999852223069
CIF01009076,Customer_9077,Dire Dawa,Ordinary Saving Account,17211.48,998,53714.46,0.9999999676161196
CIF01006988,Customer_6989,Harari,Ahati Saving Account,1045.87,911,53713.582,0.9999999466503915
CIF01005190,Customer_5191,SNNPR,Ahati Saving Account,1086.16,839,53706.91,0.9999998927168994
CIF01000795,Customer_796,Amhara,Blatena Saving Account,18366.86,608,53702.547,0.9999969280269535
CIF01001065,Customer_1066,Tigray,Janderebaw Saving Account,35381.22,1832,53686.93,0.9999999547360814
CIF01006631,Customer_6632,Oromia,Ordinary Saving Account,38339.56,2088,53684.953,0.9999999558957233
CIF01005271,Customer_5272,Addis Ababa,Ahati Saving Account,18385.24,1935,53675.926,0.9999999870361007
CIF01006800,Customer_6801,Addis Ababa,Hiruyan Saving Account,468.87,1032,53672.52,0.999999963623589
CIF01004398,Customer_4399,Addis Ababa,Ordinary Saving Account,27288.83,1147,53664.336,0.9999998953309407
CIF01003046,Customer_3047,Addis Ababa,Werazut Saving Account,14983.5,410,53657.797,0.9999997435831938
CIF01000522,Customer_523,Harari,Tirufat Savings Account,46909.04,1372,53654.145,0.9999999169016731
CIF01007874,Customer_7875,Afar,Ahadu Bereket Saving Account,23118.19,1973,53642.96,0.9999999912748542
CIF01009406,Customer_9407,Addis Ababa,Werazut Saving Account,28141.98,1338,53635.88,0.9999999380905179
CIF01009979,Customer_9980,Addis Ababa,Dekemezmur Saving Account,35336.37,2808,53626.14,0.9999999137274679
CIF01004371,Customer_4372,Dire Dawa,Werazut Saving Account,12848.06,2110,53609.41,0.999999961682332
CIF01006101,Customer_6102,Amhara,Abew Saving Account,5170.46,718,53605.973,0.9999998633350269
CIF01001480,Customer_1481,Tigray,Couples Saving Deposit,25617.24,1284,53601.88,0.999999956625646
CIF01006782,Customer_6783,Amhara,Prime Customer Deposit Account,11673.14,1780,53585.62,0.9999999237976014
CIF01005412,Customer_5413,Amhara,Blatena Saving Account,25343.02,3069,53570.527,0.9999998719870344
CIF01008914,Customer_8915,Amhara,Tirufat Savings Account,2980.54,2979,53564.88,0.999999961516774
CIF01008952,Customer_8953,Oromia,Hiruyan Saving Account,36969.44,1361,53559.867,0.9999999149495139
CIF01002906,Customer_2907,SNNPR,Asrat Bekurat Saving Account,1426.67,1386,53557.88,0.999999874922285
CIF01003086,Customer_3087,Oromia,Ordinary Saving Account,1577.06,418,53553.45,0.9999995794030264
CIF01008692,Customer_8693,SNNPR,Werazut Saving Account,18089.8,1395,53541.473,0.9999999094861489
CIF01006145,Customer_6146,Addis Ababa,Janderebaw Saving Account,49714.09,2503,53539.996,0.9999999853267181
CIF01005643,Customer_5644,Amhara,Ordinary Saving Account,4271.09,3932,53539.426,0.999999952780914
CIF01001661,Customer_1662,Amhara,Werazut Saving Account,8842.14,2155,53520.293,0.9999999669501072
CIF01004933,Customer_4934,Tigray,Abew Saving Account,6103.31,1536,53518.617,0.9999999365278223
CIF01004555,Customer_4556,Addis Ababa,Special Saving Account,44443.28,1278,53517.492,0.9999999448021973
CIF01008992,Customer_8993,Oromia,Tirufat Savings Account,211.38,3048,53516.227,0.9999998954478133
CIF01001603,Customer_1604,Oromia,Agape Saving Account,31873.59,3829,53514.305,0.9999999713158202
CIF01001074,Customer_1075,Addis Ababa,Tirufat Savings Account,29466.71,2848,53497.773,0.9999999855779009
CIF01006143,Customer_6144,Amhara,Ahadu Bereket Saving Account,36612.14,452,53496.406,0.9999996609012063
CIF01001598,Customer_1599,Amhara,Dekemezmur Saving Account,26325.39,434,53482.96,0.999999882455636
CIF01003582,Customer_3583,Addis Ababa,Special Saving Account,50434.28,3444,53475.86,0.9999999579058665
CIF01005454,Customer_5455,Addis Ababa,Hiruyan Saving Account,21958.73,2140,53475.496,0.9999999273288902
CIF01007755,Customer_7756,Addis Ababa,Tirufat Savings Account,34468.97,1356,53464.598,0.9999999949644585
CIF01002163,Customer_2164,Oromia,Werazut Saving Account,17146.16,736,53464.387,0.9999998754166795
CIF01009767,Customer_9768,Oromia,Ahadu Bereket Saving Account,36871.11,1924,53449.555,0.9999999718434588
CIF01007594,Customer_7595,SNNPR,Prime Customer Deposit Account,9332.71,1458,53445.164,0.9999997742768233
CIF01004510,Customer_4511,Oromia,Hiruyan Saving Account,18209.67,957,53439.086,0.9999999801714685
CIF01009749,Customer_9750,Dire Dawa,Ordinary Saving Account,38895.37,2034,53437.27,0.9999999932411183
CIF01001387,Customer_1388,SNNPR,Blatena Saving Account,1357.39,3398,53410.96,0.9999997451198225
CIF01008314,Customer_8315,Amhara,Prime Customer Deposit Account,34732.6,4671,53401.363,0.9999999746121826
CIF01005498,Customer_5499,Oromia,Ordinary Saving Account,9680.6,738,53391.633,0.999999069859434
CIF01005346,Customer_5347,Addis Ababa,Tirufat Savings Account,2793.49,1336,53388.19,0.9999999745644275
CIF01000388,Customer_389,Addis Ababa,Ordinary Saving Account,38372.02,5468,53387.58,0.9999999633174288
CIF01000148,Customer_149,Oromia,Ahati Saving Account,8559.46,2123,53359.945,0.9999999244770114
CIF01001891,Customer_1892,Addis Ababa,Hiruyan Saving Account,38953.67,4080,53359.438,0.9999999840511549
CIF01007145,Customer_7146,Addis Ababa,Ahati Saving Account,43756.36,2346,53350.33,0.9999999903392874
CIF01003025,Customer_3026,Gambela,Abew Saving Account,16982.05,4154,53323.37,0.9999999816989139
CIF01007585,Customer_7586,SNNPR,Tirufat Savings Account,1232.85,1253,53319.727,0.999999580623852
CIF01000831,Customer_832,Oromia,Janderebaw Saving Account,20921.79,2353,53313.598,0.9999999889587251
CIF01007641,Customer_7642,Addis Ababa,Agape Saving Account,15686.92,2319,53292.734,0.9999999665288455
CIF01001274,Customer_1275,SNNPR,Special Saving Account,12071.47,2431,53287.875,0.9999998454979352
CIF01000752,Customer_753,Dire Dawa,Dekemezmur Saving Account,21863.16,3820,53281.477,0.9999999855340291
CIF01003987,Customer_3988,Oromia,Ordinary Saving Account,14642.86,4262,53280.29,0.999999962455057
CIF01006668,Customer_6669,Amhara,Tirufat Savings Account,11805.77,371,53278.8,0.9999907649200738
CIF01009711,Customer_9712,SNNPR,Blatena Saving Account,2812.23,2777,53275.902,0.9999998853817167
CIF01003478,Customer_3479,Oromia,Ordinary Saving Account,32086.73,5011,53253.965,0.9999999271375484
CIF01001918,Customer_1919,Addis Ababa,Blatena Saving Account,50215.75,2191,53253.62,0.999999992760507
CIF01003925,Customer_3926,Oromia,Washera Saving Account,8004.42,1314,53252.555,0.9999998660088745
CIF01007495,Customer_7496,Benishangul-Gumuz,Tirufat Savings Account,53683.84,1548,53244.336,0.9999997179255181
CIF01001059,Customer_1060,Oromia,Couples Saving Deposit,21066.3,3024,53239.727,0.9999999663409833
CIF01002144,Customer_2145,Tigray,Special Saving Account,17453.45,2633,53236.21,0.9999998752861075
CIF01005740,Customer_5741,Dire Dawa,Prime Customer Deposit Account,39700.4,5217,53232.492,0.9999999835073423
CIF01009840,Customer_9841,Oromia,Janderebaw Saving Account,37467.75,3310,53230.02,0.9999999708652865
CIF01006321,Customer_6322,Addis Ababa,Ahadu Bereket Saving Account,3391.16,1736,53204.484,0.9999998587350656
CIF01004067,Customer_4068,Addis Ababa,Hiruyan Saving Account,37914.02,816,53198.832,0.9999997919697565
CIF01005355,Customer_5356,Tigray,Ordinary Saving Account,7364.82,1571,53191.273,0.9999998791505957
CIF01009289,Customer_9290,Addis Ababa,Asrat Bekurat Saving Account,27828.68,1253,53185.754,0.9999999928294878
CIF01004128,Customer_4129,Harari,Ahadu Bereket Saving Account,20740.33,3536,53174.07,0.9999999517411761
CIF01000311,Customer_312,Addis Ababa,Asrat Bekurat Saving Account,2583.79,3086,53164.363,0.9999999650422376
CIF01002104,Customer_2105,Harari,Ahati Saving Account,11085.61,3866,53155.824,0.9999999619896632
CIF01009474,Customer_9475,Addis Ababa,Ordinary Saving Account,2731.91,1812,53153.516,0.9999998972388399
CIF01001085,Customer_1086,Addis Ababa,Ordinary Saving Account,17211.94,4228,53133.53,0.9999999123530786
CIF01009663,Customer_9664,Oromia,Blatena Saving Account,15812.49,845,53124.86,0.9999999796016776
CIF01005148,Customer_5149,Addis Ababa,Blatena Saving Account,25851.2,2824,53113.906,0.9999999828671889
CIF01007186,Customer_7187,Addis Ababa,Special Saving Account,52013.57,1252,53097.523,0.999999949465067
CIF01004221,Customer_4222,Amhara,Werazut Saving Account,491.67,1081,53091.69,0.9999999824327
CIF01003545,Customer_3546,Amhara,Asrat Bekurat Saving Account,10205.86,933,53085.504,0.999999935580072
CIF01005950,Customer_5951,Addis Ababa,Prime Customer Deposit Account,2597.12,1297,53083.508,0.9999999613800569
CIF01000093,Customer_94,Tigray,Ordinary Saving Account,14402.59,400,53080.613,0.9999925877621666
CIF01003000,Customer_3001,Addis Ababa,Special Saving Account,3092.67,2630,53069.07,0.9999999393394018
CIF01001761,Customer_1762,Addis Ababa,Tirufat Savings Account,44588.88,1387,53066.016,0.9999999936073425
CIF01002194,Customer_2195,Addis Ababa,Asrat Bekurat Saving Account,3519.11,927,53055.54,0.9999999592220273
CIF01002530,Customer_2531,Sidama,Abew Saving Account,40555.17,2134,53043.258,0.9999999628389418
CIF01004245,Customer_4246,Oromia,Ordinary Saving Account,39378.37,371,53042.797,0.9999994481528901
CIF01006341,Customer_6342,Amhara,Dekemezmur Saving Account,5596.23,2647,53036.43,0.9999999576270866
CIF01007941,Customer_7942,Addis Ababa,Ordinary Saving Account,33783.1,633,53023.66,0.9999965077051084
CIF01006386,Customer_6387,Afar,Ordinary Saving Account,8075.13,1826,53020.605,0.9999999810514176
CIF01002235,Customer_2236,Addis Ababa,Washera Saving Account,18704.45,1987,53016.19,0.9999999773238574
CIF01006438,Customer_6439,Sidama,Hiruyan Saving Account,34080.43,4660,53015.613,0.9999999335071137
CIF01005473,Customer_5474,Addis Ababa,Ordinary Saving Account,16762.15,2488,53007.36,0.999999986505874
CIF01004751,Customer_4752,Oromia,Ordinary Saving Account,13241.59,424,52993.24,0.9999980216291655
CIF01005933,Customer_5934,Sidama,Ordinary Saving Account,13949.81,4202,52949.92,0.9999999262977922
CIF01008507,Customer_8508,Amhara,Abew Saving Account,1600.13,2362,52938.812,0.99999994968136
CIF01001624,Customer_1625,Dire Dawa,Ordinary Saving Account,1254.69,3022,52924.758,0.999999976454173
CIF01001970,Customer_1971,Harari,Blatena Saving Account,6323.4,2466,52918.75,0.9999999877254276
CIF01000909,Customer_910,Benishangul-Gumuz,Prime Customer Deposit Account,41793.8,3072,52881.477,0.999999964191683
CIF01004902,Customer_4903,Addis Ababa,Agape Saving Account,56369.34,1471,52867.336,0.9999999492466883
CIF01005352,Customer_5353,Oromia,Ordinary Saving Account,26022.78,2667,52866.168,0.9999999851647512
CIF01008651,Customer_8652,Amhara,Asrat Bekurat Saving Account,9937.77,715,52864.965,0.9999999762477286
CIF01000529,Customer_530,Addis Ababa,Special Saving Account,19656.38,1183,52863.18,0.9999999419437746
CIF01003515,Customer_3516,Tigray,Blatena Saving Account,4069.47,2122,52840.742,0.999999887514196
CIF01009241,Customer_9242,Addis Ababa,Ordinary Saving Account,4969.64,1173,52832.273,0.9999999566904724
CIF01005639,Customer_5640,Dire Dawa,Asrat Bekurat Saving Account,9914.24,4095,52825.43,0.999999988566708
CIF01009665,Customer_9666,Oromia,Ordinary Saving Account,5748.69,1169,52823.26,0.9999999393472255
CIF01006021,Customer_6022,Amhara,Blatena Saving Account,15532.71,643,52804.0,0.9999988051652603
CIF01000018,Customer_19,Amhara,Couples Saving Deposit,27407.18,2113,52800.54,0.9999999666237982
CIF01001390,Customer_1391,Addis Ababa,Ordinary Saving Account,27915.91,5005,52800.0,0.9999999484917839
CIF01003122,Customer_3123,Amhara,Special Saving Account,2438.27,525,52792.543,0.9999998515197218
CIF01000142,Customer_143,Somali,Blatena Saving Account,6536.54,1145,52791.54,0.9999998729004718
CIF01004057,Customer_4058,Dire Dawa,Special Saving Account,21558.36,1423,52786.53,0.9999999457051728
CIF01001391,Customer_1392,Addis Ababa,Tirufat Savings Account,4231.98,1558,52784.113,0.9999999552754035
CIF01000526,Customer_527,Addis Ababa,Special Saving Account,713.06,2459,52782.05,0.9999998728167012
CIF01005942,Customer_5943,Addis Ababa,Ordinary Saving Account,164.13,2855,52781.016,0.9999999387441556
CIF01006028,Customer_6029,Addis Ababa,Washera Saving Account,14733.9,1056,52779.56,0.9999999528681762
CIF01007727,Customer_7728,Benishangul-Gumuz,Ordinary Saving Account,24711.86,1962,52771.402,0.9999999784267946
CIF01004082,Customer_4083,Addis Ababa,Hiruyan Saving Account,37540.58,2994,52757.066,0.9999999690616183
CIF01003699,Customer_3700,Addis Ababa,Prime Customer Deposit Account,32382.47,1152,52746.04,0.9999998300236297
CIF01000486,Customer_487,Tigray,Abew Saving Account,17339.72,3287,52726.543,0.9999997065529249
CIF01008030,Customer_8031,Oromia,Ordinary Saving Account,3179.29,1367,52706.69,0.9999999016052591
CIF01009808,Customer_9809,Oromia,Couples Saving Deposit,40090.23,460,52704.367,0.9999998794416066
CIF01003613,Customer_3614,Amhara,Special Saving Account,20402.85,1263,52685.37,0.9999999839968952
CIF01001082,Customer_1083,SNNPR,Sitota Saving Deposit,12285.54,418,52677.15,0.9999952015382974
CIF01004994,Customer_4995,Oromia,Dekemezmur Saving Account,6210.27,3078,52657.28,0.999999978483564
CIF01000081,Customer_82,Tigray,Sitota Saving Deposit,13743.43,1629,52636.79,0.9999997747692543
CIF01001373,Customer_1374,Amhara,Ordinary Saving Account,3527.1,1768,52634.57,0.9999999402832991
CIF01002938,Customer_2939,Oromia,Werazut Saving Account,2646.39,957,52634.387,0.9999999017402407
CIF01007955,Customer_7956,Amhara,Werazut Saving Account,6278.7,2312,52628.4,0.9999998209134243
CIF01007695,Customer_7696,Addis Ababa,Ordinary Saving Account,4849.69,456,52624.574,0.9999998968932442
CIF01001929,Customer_1930,Tigray,Agape Saving Account,47416.79,1071,52602.586,0.9999999517397645
CIF01008007,Customer_8008,Harari,Ordinary Saving Account,18210.17,1439,52591.957,0.9999999852279637
CIF01002625,Customer_2626,Oromia,Asrat Bekurat Saving Account,29872.58,4777,52570.414,0.9999999021263355
CIF01008704,Customer_8705,SNNPR,Blatena Saving Account,5519.14,575,52562.47,0.9999999359136119
CIF01009325,Customer_9326,Amhara,Dekemezmur Saving Account,21086.53,2877,52556.203,0.999999993594298
CIF01004752,Customer_4753,SNNPR,Ordinary Saving Account,46497.66,2009,52530.84,0.999999964326498
CIF01007270,Customer_7271,Addis Ababa,Ordinary Saving Account,6138.18,2237,52517.84,0.9999999852075636
CIF01001392,Customer_1393,Tigray,Ordinary Saving Account,24399.39,3693,52515.06,0.9999999782968096
CIF01007478,Customer_7479,Sidama,Ahati Saving Account,4961.3,3917,52512.992,0.9999998819919481
CIF01000259,Customer_260,Addis Ababa,Ordinary Saving Account,12288.05,821,52510.168,0.9999999735956431
CIF01003541,Customer_3542,Sidama,Ahadu Bereket Saving Account,7980.16,2862,52501.55,0.9999998975999811
CIF01007009,Customer_7010,Oromia,Special Saving Account,30284.56,1262,52499.562,0.9999998536619389
CIF01003073,Customer_3074,SNNPR,Ordinary Saving Account,14873.58,3120,52492.79,0.999999828226013
CIF01008598,Customer_8599,SNNPR,Special Saving Account,13518.01,1900,52487.04,0.9999999053705918
CIF01001410,Customer_1411,Sidama,Washera Saving Account,29841.73,3395,52480.13,0.9999999526814751
CIF01002511,Customer_2512,Sidama,Special Saving Account,44566.31,1081,52476.344,0.9999998359951043
CIF01000943,Customer_944,Amhara,Ordinary Saving Account,43275.13,2007,52466.938,0.9999999590088141
CIF01001097,Customer_1098,Oromia,Special Saving Account,20550.53,4371,52464.1,0.9999999471161499
CIF01001170,Customer_1171,Benishangul-Gumuz,Abew Saving Account,35142.6,1110,52444.023,0.9999999726683094
CIF01000505,Customer_506,Addis Ababa,Blatena Saving Account,40850.3,500,52442.37,0.999995391180111
CIF01007757,Customer_7758,Dire Dawa,Ordinary Saving Account,11726.61,749,52428.355,0.9999997964486543
CIF01003836,Customer_3837,SNNPR,Tirufat Savings Account,30679.79,5098,52418.402,0.9999999607894732
CIF01002643,Customer_2644,Amhara,Equb Saving Account,11031.24,695,52393.066,0.9999970834358402
CIF01003550,Customer_3551,Dire Dawa,Ordinary Saving Account,31924.55,4134,52382.703,0.9999999684848363
CIF01009792,Customer_9793,Dire Dawa,Werazut Saving Account,11635.33,3871,52376.46,0.999999997095868
CIF01006620,Customer_6621,Amhara,Special Saving Account,7776.64,1811,52376.105,0.9999999831750784
CIF01007349,Customer_7350,Dire Dawa,Special Saving Account,14223.66,437,52366.082,0.9999999620758054
CIF01006351,Customer_6352,SNNPR,Special Saving Account,50155.81,2431,52364.78,0.9999999278243131
CIF01009550,Customer_9551,Amhara,Blatena Saving Account,28858.69,566,52360.066,0.9999999484546318
CIF01003962,Customer_3963,Addis Ababa,Ahadu Bereket Saving Account,25328.35,2700,52351.492,0.9999999799072765
CIF01002902,Customer_2903,Addis Ababa,Ordinary Saving Account,46214.14,941,52326.96,0.999999755689257
CIF01003992,Customer_3993,Addis Ababa,Ordinary Saving Account,26318.05,2085,52316.547,0.9999999667060875
CIF01006583,Customer_6584,Addis Ababa,Special Saving Account,40176.18,2329,52314.74,0.9999999610766868
CIF01001965,Customer_1966,Tigray,Ordinary Saving Account,6503.59,2992,52306.547,0.9999998348148273
CIF01009165,Customer_9166,Addis Ababa,Washera Saving Account,38204.08,441,52287.418,0.999999576941758
CIF01004323,Customer_4324,SNNPR,Asrat Bekurat Saving Account,4606.88,3437,52286.914,0.9999998568422873
CIF01005341,Customer_5342,Dire Dawa,Ordinary Saving Account,5275.04,673,52276.586,0.9999999634679602
CIF01008418,Customer_8419,Addis Ababa,Abew Saving Account,35660.76,1532,52258.816,0.9999999913589112
CIF01004855,Customer_4856,Addis Ababa,Ordinary Saving Account,18904.93,4489,52247.23,0.999999818254462
CIF01004684,Customer_4685,Tigray,Prime Customer Deposit Account,7157.63,1223,52244.1,0.9999995144249569
CIF01001602,Customer_1603,Addis Ababa,Blatena Saving Account,36032.38,5246,52239.45,0.9999999800233086
CIF01004187,Customer_4188,Addis Ababa,Prime Customer Deposit Account,47691.17,1985,52223.074,0.9999999891361361
CIF01006273,Customer_6274,Oromia,Ordinary Saving Account,16208.77,550,52221.547,0.9999999686920779
CIF01007571,Customer_7572,Amhara,Equb Saving Account,964.81,1682,52206.906,0.999999947931931
CIF01004147,Customer_4148,SNNPR,Ordinary Saving Account,34688.18,4811,52198.242,0.9999999775969436
CIF01004760,Customer_4761,Sidama,Dekemezmur Saving Account,1123.71,807,52179.273,0.9999996849539377
CIF01008300,Customer_8301,Addis Ababa,Ahati Saving Account,54711.73,898,52177.72,0.9999999335425167
CIF01003210,Customer_3211,Amhara,Agape Saving Account,34800.77,815,52175.98,0.999999993219717
CIF01007526,Customer_7527,Dire Dawa,Ordinary Saving Account,34214.66,4321,52174.48,0.9999999579918817
CIF01000111,Customer_112,Dire Dawa,Ordinary Saving Account,23494.74,2489,52166.355,0.9999999914620393
CIF01008533,Customer_8534,Benishangul-Gumuz,Blatena Saving Account,1657.47,1343,52162.332,0.9999999710899727
CIF01002554,Customer_2555,Amhara,Tirufat Savings Account,12358.33,1011,52161.055,0.9999999952736209
CIF01000840,Customer_841,Addis Ababa,Special Saving Account,939.47,1353,52160.016,0.9999999650306356
CIF01005678,Customer_5679,Oromia,Hiruyan Saving Account,20625.98,489,52155.9,0.9999919830849642
CIF01002069,Customer_2070,Oromia,Ahati Saving Account,24427.08,451,52155.83,0.9999999704793132
CIF01003470,Customer_3471,Addis Ababa,Ordinary Saving Account,9011.0,1276,52132.688,0.9999999743942876
CIF01009469,Customer_9470,Addis Ababa,Ordinary Saving Account,20129.73,3566,52112.9,0.9999999855470021
CIF01000270,Customer_271,Addis Ababa,Hiruyan Saving Account,9767.28,2819,52110.746,0.9999999385102907
CIF01004429,Customer_4430,Oromia,Blatena Saving Account,1277.15,3381,52099.36,0.9999999630306231
CIF01008568,Customer_8569,Oromia,Ordinary Saving Account,5663.62,2237,52092.363,0.999999982243491
CIF01005002,Customer_5003,SNNPR,Dekemezmur Saving Account,47486.8,469,52075.734,0.9999971799167636
CIF01006349,Customer_6350,Amhara,Ahadu Bereket Saving Account,28042.62,2524,52037.996,0.9999999897334652
CIF01000805,Customer_806,Oromia,Ahati Saving Account,17485.3,4462,52035.36,0.9999999472520921
CIF01009616,Customer_9617,Addis Ababa,Dekemezmur Saving Account,28488.99,1248,52031.125,0.9999999868818328
CIF01003620,Customer_3621,Addis Ababa,Dekemezmur Saving Account,12195.41,3113,52012.69,0.9999999527536059
CIF01000118,Customer_119,Amhara,Prime Customer Deposit Account,24821.54,4050,51996.53,0.9999999939653463
CIF01003493,Customer_3494,Sidama,Ordinary Saving Account,46327.89,466,51989.867,0.9999987236580922
CIF01002518,Customer_2519,Dire Dawa,Hiruyan Saving Account,22590.96,368,51973.14,0.9996245811974117
CIF01008491,Customer_8492,SNNPR,Ordinary Saving Account,12348.26,2679,51951.473,0.9999998901245378
CIF01007623,Customer_7624,Addis Ababa,Ordinary Saving Account,16985.06,4127,51941.305,0.9999999690988205
CIF01007613,Customer_7614,SNNPR,Hiruyan Saving Account,33387.22,790,51937.81,0.9999999523106446
CIF01009362,Customer_9363,SNNPR,Blatena Saving Account,26510.14,1620,51928.02,0.999999894611139
CIF01009648,Customer_9649,Harari,Equb Saving Account,10953.09,2597,51910.0,0.9999999781712354
CIF01009088,Customer_9089,Somali,Werazut Saving Account,56171.85,1617,51901.9,0.9999998704096341
CIF01004624,Customer_4625,Amhara,Ordinary Saving Account,10469.88,480,51901.21,0.9999985035578478
CIF01008480,Customer_8481,SNNPR,Werazut Saving Account,38555.39,1277,51896.414,0.9999998800911196
CIF01001783,Customer_1784,SNNPR,Couples Saving Deposit,50675.46,1221,51875.18,0.9999999337257426
CIF01002035,Customer_2036,Addis Ababa,Blatena Saving Account,45311.2,2134,51855.67,0.9999998968137296
CIF01008222,Customer_8223,Amhara,Werazut Saving Account,1561.51,1230,51850.35,0.9999999714712206
CIF01008024,Customer_8025,Amhara,Couples Saving Deposit,24163.79,3783,51848.3,0.9999999601910889
CIF01006651,Customer_6652,Addis Ababa,Ordinary Saving Account,34514.91,621,51847.516,0.9999998555247813
CIF01000001,Customer_2,Addis Ababa,Blatena Saving Account,2288.02,1136,51846.805,0.9999999816976862
CIF01004122,Customer_4123,Sidama,Ordinary Saving Account,12563.73,3459,51821.57,0.9999999415962196
CIF01004742,Customer_4743,Amhara,Werazut Saving Account,31670.36,3213,51810.004,0.9999999949849556
CIF01007974,Customer_7975,Gambela,Ahadu Bereket Saving Account,51822.79,1168,51802.03,0.999999709250519
CIF01001231,Customer_1232,Oromia,Dekemezmur Saving Account,28288.74,629,51798.324,0.9999998342519937
CIF01002325,Customer_2326,Oromia,Ordinary Saving Account,34712.46,685,51794.44,0.9999981107783142
CIF01009348,Customer_9349,Tigray,Ordinary Saving Account,38593.06,855,51787.766,0.9999999604271139
CIF01002243,Customer_2244,Oromia,Equb Saving Account,38771.52,1154,51780.965,0.9999998474883218
CIF01005301,Customer_5302,Amhara,Hiruyan Saving Account,10931.52,1038,51775.316,0.9999999708620373
CIF01002689,Customer_2690,Amhara,Ahati Saving Account,27445.51,2059,51762.438,0.999999968195623
CIF01006783,Customer_6784,Gambela,Special Saving Account,1402.08,532,51737.95,0.9999999616337062
CIF01006188,Customer_6189,Addis Ababa,Ordinary Saving Account,3847.45,1225,51716.992,0.9999999711897433
CIF01008818,Customer_8819,Addis Ababa,Prime Customer Deposit Account,32981.33,1628,51708.34,0.9999999875004019
CIF01005074,Customer_5075,Amhara,Hiruyan Saving Account,10468.83,538,51704.08,0.9999971306572322
CIF01000968,Customer_969,Addis Ababa,Equb Saving Account,785.95,513,51697.504,0.9999998427478273
CIF01003181,Customer_3182,Tigray,Blatena Saving Account,20685.95,879,51697.215,0.9999999202826696
CIF01000525,Customer_526,Tigray,Equb Saving Account,46859.3,1809,51695.46,0.9999999436984869
CIF01004659,Customer_4660,Amhara,Special Saving Account,45789.98,2618,51685.805,0.9999998298372467
CIF01005929,Customer_5930,Addis Ababa,Blatena Saving Account,18020.95,4202,51684.617,0.9999999776432872
CIF01001471,Customer_1472,Addis Ababa,Equb Saving Account,12581.06,1863,51683.098,0.9999999917525323
CIF01005119,Customer_5120,Oromia,Prime Customer Deposit Account,13032.55,1630,51682.03,0.9999999513791377
CIF01004694,Customer_4695,Addis Ababa,Werazut Saving Account,1042.44,1760,51660.418,0.9999999633419114
CIF01002285,Customer_2286,SNNPR,Blatena Saving Account,25122.81,5626,51643.758,0.999999955899876
CIF01006846,Customer_6847,Oromia,Ordinary Saving Account,2819.06,1166,51640.965,0.9999999287190326
CIF01007949,Customer_7950,Oromia,Dekemezmur Saving Account,50211.65,1447,51632.484,0.9999998727534041
CIF01005873,Customer_5874,Oromia,Ordinary Saving Account,3952.82,1810,51629.53,0.9999999736245722
CIF01006853,Customer_6854,Sidama,Prime Customer Deposit Account,49543.39,2892,51628.43,0.999999992096564
CIF01008420,Customer_8421,Oromia,Ordinary Saving Account,55613.33,3041,51607.63,0.9999999855843684
CIF01007573,Customer_7574,Oromia,Ordinary Saving Account,11174.48,3719,51568.266,0.9999999177491615
CIF01002834,Customer_2835,Addis Ababa,Abew Saving Account,5108.55,1527,51560.734,0.999999982511825
CIF01009994,Customer_9995,Addis Ababa,Ordinary Saving Account,39305.73,549,51559.105,0.9999888597998301
CIF01002215,Customer_2216,Tigray,Ahadu Bereket Saving Account,9316.23,777,51556.05,0.9999998372861645
CIF01005566,Customer_5567,Addis Ababa,Hiruyan Saving Account,886.54,1304,51554.867,0.9999999766808582
CIF01000981,Customer_982,Tigray,Blatena Saving Account,42819.68,954,51525.125,0.9999999032115179
CIF01007473,Customer_7474,Addis Ababa,Sitota Saving Deposit,10115.53,1943,51512.805,0.9999999480289976
CIF01002233,Customer_2234,Amhara,Ahati Saving Account,15471.78,1824,51509.266,0.9999999820781157
CIF01006496,Customer_6497,Addis Ababa,Ordinary Saving Account,20263.74,1447,51504.902,0.999999864828007
CIF01003626,Customer_3627,Tigray,Equb Saving Account,13175.52,975,51493.723,0.9999995742093647
CIF01008284,Customer_8285,SNNPR,Ordinary Saving Account,21408.23,908,51470.71,0.9999999461526161
CIF01003482,Customer_3483,SNNPR,Ordinary Saving Account,3146.1,2444,51462.125,0.9999999156883608
CIF01008960,Customer_8961,Addis Ababa,Asrat Bekurat Saving Account,26542.25,5359,51461.926,0.9999998907747129
CIF01006002,Customer_6003,Harari,Abew Saving Account,10557.86,1084,51449.08,0.9999999964145265
CIF01007098,Customer_7099,Dire Dawa,Dekemezmur Saving Account,30980.52,1948,51439.527,0.9999999774085179
CIF01004728,Customer_4729,Addis Ababa,Ahadu Bereket Saving Account,423.49,3374,51439.137,0.9999999033835816
CIF01000898,Customer_899,SNNPR,Equb Saving Account,300.39,736,51435.414,0.9999993809094432
CIF01007841,Customer_7842,SNNPR,Werazut Saving Account,17358.65,2581,51432.32,0.9999999153073332
CIF01009245,Customer_9246,Addis Ababa,Werazut Saving Account,35191.38,1153,51411.88,0.9999999412189028
CIF01004229,Customer_4230,Amhara,Abew Saving Account,26344.61,1946,51373.25,0.9999999415996473
CIF01004898,Customer_4899,Afar,Special Saving Account,11792.29,1102,51359.215,0.9999999915935273
CIF01004718,Customer_4719,Addis Ababa,Ordinary Saving Account,29524.81,1242,51356.324,0.9999999057828051
CIF01008475,Customer_8476,SNNPR,Ordinary Saving Account,8820.41,473,51352.04,0.9999981764179732
CIF01007910,Customer_7911,Addis Ababa,Ordinary Saving Account,31923.35,440,51337.477,0.9999985254007062
CIF01000112,Customer_113,SNNPR,Dekemezmur Saving Account,33074.41,1309,51325.043,0.9999998468153944
CIF01007534,Customer_7535,Amhara,Agape Saving Account,24754.02,3307,51320.36,0.999999940235373
CIF01007248,Customer_7249,Sidama,Prime Customer Deposit Account,38657.83,5142,51305.758,0.9999999765302544
CIF01004462,Customer_4463,Amhara,Werazut Saving Account,6932.31,1963,51300.51,0.9999999784739801
CIF01003840,Customer_3841,Afar,Tirufat Savings Account,2856.02,1650,51295.645,0.9999999890676442
CIF01003737,Customer_3738,SNNPR,Abew Saving Account,1626.5,2448,51294.145,0.9999997185779236
CIF01003272,Customer_3273,Oromia,Ordinary Saving Account,22797.6,1314,51292.465,0.9999999853545947
CIF01001573,Customer_1574,Addis Ababa,Prime Customer Deposit Account,2223.87,3124,51292.027,0.9999999761828856
CIF01001914,Customer_1915,Addis Ababa,Equb Saving Account,18910.96,1052,51269.066,0.9999999573428782
CIF01001157,Customer_1158,Amhara,Dekemezmur Saving Account,28923.13,4045,51259.543,0.9999999673093221
CIF01001110,Customer_1111,Addis Ababa,Asrat Bekurat Saving Account,27791.44,3635,51242.348,0.9999999038925739
CIF01006459,Customer_6460,Addis Ababa,Special Saving Account,20920.24,2256,51241.074,0.9999998621289504
CIF01003650,Customer_3651,Benishangul-Gumuz,Ordinary Saving Account,1639.55,378,51238.246,0.9999997498526163
CIF01006048,Customer_6049,Oromia,Ahati Saving Account,7476.6,3596,51233.54,0.9999999717357199
CIF01008559,Customer_8560,Somali,Tirufat Savings Account,8083.96,3606,51231.594,0.9999999820718047
CIF01000160,Customer_161,Addis Ababa,Abew Saving Account,11194.63,1619,51216.79,0.9999999660469112
CIF01006761,Customer_6762,Addis Ababa,Ordinary Saving Account,56140.86,1987,51209.39,0.9999999942386153
CIF01007654,Customer_7655,Addis Ababa,Ahadu Bereket Saving Account,9146.46,3379,51202.113,0.9999999606307195
CIF01009159,Customer_9160,Addis Ababa,Ordinary Saving Account,16555.64,4474,51163.6,0.9999998589352966
CIF01002792,Customer_2793,Dire Dawa,Special Saving Account,3573.29,1975,51156.9,0.9999999685758826
CIF01002289,Customer_2290,Oromia,Werazut Saving Account,19911.03,2646,51152.582,0.999999968592041
CIF01008032,Customer_8033,Tigray,Ordinary Saving Account,26424.67,4245,51142.832,0.9999999714422835
CIF01008666,Customer_8667,Amhara,Special Saving Account,228.81,3289,51119.926,0.9999999791035856
CIF01008099,Customer_8100,Sidama,Prime Customer Deposit Account,3495.83,1980,51119.11,0.9999996903675286
CIF01001456,Customer_1457,Oromia,Abew Saving Account,2559.06,1423,51104.06,0.9999999757122927
CIF01007500,Customer_7501,Oromia,Special Saving Account,26390.72,4521,51103.68,0.9999999828107643
CIF01005590,Customer_5591,Oromia,Abew Saving Account,3166.68,3445,51095.594,0.9999999359239681
CIF01000054,Customer_55,SNNPR,Special Saving Account,4400.97,1387,51089.42,0.9999999054554892
CIF01009806,Customer_9807,Dire Dawa,Ordinary Saving Account,657.92,1197,51065.074,0.9999999777555211
CIF01009807,Customer_9808,SNNPR,Sitota Saving Deposit,13869.8,2696,51063.57,0.9999998741270631
CIF01005654,Customer_5655,Amhara,Equb Saving Account,10667.81,1993,51000.223,0.9999998489510251
CIF01007795,Customer_7796,Addis Ababa,Dekemezmur Saving Account,26786.5,2433,50999.023,0.9999999917974719
CIF01002585,Customer_2586,Amhara,Hiruyan Saving Account,1474.94,1176,50983.02,0.999999962428738
CIF01003128,Customer_3129,Tigray,Werazut Saving Account,29290.16,534,50980.633,0.9999964464738346
CIF01001620,Customer_1621,Addis Ababa,Ordinary Saving Account,34470.76,701,50980.168,0.9999994900368572
CIF01003315,Customer_3316,Addis Ababa,Werazut Saving Account,14971.46,762,50977.03,0.9999999614769607
CIF01005627,Customer_5628,Tigray,Special Saving Account,9102.83,437,50949.945,0.9999992482355942
CIF01008392,Customer_8393,Amhara,Ordinary Saving Account,9135.18,3701,50939.293,0.9999999789540148
CIF01009887,Customer_9888,Dire Dawa,Ordinary Saving Account,6390.35,2592,50938.594,0.9999999807854073
CIF01004615,Customer_4616,SNNPR,Ordinary Saving Account,311.72,2593,50911.72,0.999999841385642
CIF01007481,Customer_7482,Tigray,Ordinary Saving Account,23803.55,3298,50911.01,0.9999999031519626
CIF01005875,Customer_5876,Amhara,Special Saving Account,7976.04,2161,50910.746,0.9999999419787693
CIF01004814,Customer_4815,Amhara,Ordinary Saving Account,48801.18,1509,50908.445,0.999999975810559
CIF01006540,Customer_6541,SNNPR,Hiruyan Saving Account,5904.52,3477,50893.746,0.9999999013200247
CIF01004979,Customer_4980,Harari,Werazut Saving Account,6517.04,522,50891.395,0.9999999114953749
CIF01004982,Customer_4983,Benishangul-Gumuz,Blatena Saving Account,15016.61,3148,50888.14,0.99999998055234
CIF01003066,Customer_3067,Somali,Blatena Saving Account,24334.54,3663,50885.34,0.9999999677048012
CIF01003760,Customer_3761,Addis Ababa,Werazut Saving Account,25963.12,492,50878.32,0.9999997865545271
CIF01000918,Customer_919,Gambela,Special Saving Account,50436.86,3529,50873.887,0.9999999914363115
CIF01003348,Customer_3349,SNNPR,Ahadu Bereket Saving Account,4187.65,2832,50873.258,0.9999998723182756
CIF01000215,Customer_216,Addis Ababa,Ordinary Saving Account,19011.82,1309,50863.1,0.9999999764718731
CIF01000401,Customer_402,Benishangul-Gumuz,Equb Saving Account,33859.29,1098,50845.266,0.9999999816437287
CIF01003161,Customer_3162,Amhara,Blatena Saving Account,10462.83,2226,50840.33,0.9999999538957135
CIF01001851,Customer_1852,Dire Dawa,Abew Saving Account,13896.83,4092,50838.816,0.9999999645423127
CIF01007133,Customer_7134,Addis Ababa,Dekemezmur Saving Account,10099.22,2252,50831.902,0.9999998663179662
CIF01008697,Customer_8698,Addis Ababa,Abew Saving Account,33537.8,375,50819.688,0.9999994138826727
CIF01000836,Customer_837,Oromia,Special Saving Account,25608.88,4062,50794.637,0.9999999779854012
CIF01008652,Customer_8653,Addis Ababa,Ordinary Saving Account,4684.68,2533,50792.62,0.9999999673975295
CIF01006064,Customer_6065,Tigray,Washera Saving Account,18739.82,1929,50791.402,0.9999996255722056
CIF01003362,Customer_3363,SNNPR,Ahadu Bereket Saving Account,1918.59,1552,50786.582,0.9999997477925139
CIF01002075,Customer_2076,Sidama,Prime Customer Deposit Account,46386.98,1983,50774.285,0.9999999357044921
CIF01000768,Customer_769,Amhara,Dekemezmur Saving Account,40222.82,3880,50770.03,0.9999999962902282
CIF01009943,Customer_9944,Amhara,Ordinary Saving Account,16548.62,3123,50757.39,0.9999999732125953
CIF01003057,Customer_3058,SNNPR,Special Saving Account,32834.57,939,50757.26,0.9999998706240648
CIF01000144,Customer_145,Oromia,Equb Saving Account,1654.49,1437,50738.46,0.9999999099964693
CIF01000649,Customer_650,Amhara,Ahati Saving Account,1377.2,3245,50720.7,0.9999999744339627
CIF01001612,Customer_1613,Addis Ababa,Equb Saving Account,6301.73,2598,50716.082,0.9999998931222039
CIF01006219,Customer_6220,Afar,Special Saving Account,24619.2,461,50711.805,0.9999994858537217
CIF01006872,Customer_6873,Oromia,Janderebaw Saving Account,45452.06,938,50709.82,0.9999999162946739
CIF01005477,Customer_5478,Oromia,Blatena Saving Account,21749.01,672,50702.066,0.9999991321215889
CIF01007379,Customer_7380,SNNPR,Dekemezmur Saving Account,18234.67,3481,50663.227,0.9999998579726097
CIF01002230,Customer_2231,Somali,Ordinary Saving Account,4056.36,3493,50663.15,0.9999997163168114
CIF01008318,Customer_8319,Amhara,Washera Saving Account,43580.82,929,50651.285,0.9999999898303403
CIF01005402,Customer_5403,Addis Ababa,Janderebaw Saving Account,17314.39,2003,50645.426,0.9999999836038591
CIF01009071,Customer_9072,Amhara,Werazut Saving Account,10858.63,3826,50643.67,0.9999998978750029
CIF01004166,Customer_4167,Oromia,Ordinary Saving Account,3515.57,544,50599.168,0.9999998779943757
CIF01006486,Customer_6487,Addis Ababa,Special Saving Account,33985.6,918,50583.94,0.9999999112726788
CIF01006924,Customer_6925,Amhara,Ordinary Saving Account,13224.1,965,50572.066,0.9999999968910496
CIF01001214,Customer_1215,Oromia,Ordinary Saving Account,141.22,401,50553.137,0.9999999013038952
CIF01003132,Customer_3133,Addis Ababa,Special Saving Account,9273.25,2770,50536.92,0.9999999484254298
CIF01008628,Customer_8629,Amhara,Dekemezmur Saving Account,53283.23,2591,50527.758,0.9999999102222975
CIF01000457,Customer_458,Addis Ababa,Werazut Saving Account,33565.61,1466,50527.758,0.9999999812627024
CIF01005238,Customer_5239,Addis Ababa,Blatena Saving Account,38467.14,1449,50524.547,0.9999999735858858
CIF01005965,Customer_5966,Somali,Ordinary Saving Account,4342.56,3507,50523.28,0.9999998654154293
CIF01001492,Customer_1493,Somali,Dekemezmur Saving Account,12535.1,3834,50516.004,0.9999999291362182
CIF01009764,Customer_9765,Addis Ababa,Hiruyan Saving Account,10762.93,1775,50509.625,0.9999997537222176
CIF01009517,Customer_9518,Addis Ababa,Werazut Saving Account,14376.93,4265,50501.63,0.9999999899043411
CIF01002506,Customer_2507,Amhara,Ahadu Bereket Saving Account,4092.45,737,50501.137,0.9999998259167496
CIF01009255,Customer_9256,Gambela,Dekemezmur Saving Account,9251.0,1698,50488.098,0.9999999778176643
CIF01007390,Customer_7391,Amhara,Ordinary Saving Account,6088.17,1468,50453.902,0.9999999715061806
CIF01008225,Customer_8226,SNNPR,Werazut Saving Account,53042.37,2844,50453.902,0.9999999600924845
CIF01008117,Customer_8118,Amhara,Sitota Saving Deposit,31726.12,4760,50453.566,0.9999998922709629
CIF01002251,Customer_2252,Afar,Ordinary Saving Account,40893.29,2536,50445.133,0.9999999906990876
CIF01006792,Customer_6793,Addis Ababa,Ordinary Saving Account,4854.69,484,50440.137,0.9999999739997047
CIF01005359,Customer_5360,Addis Ababa,Agape Saving Account,9276.98,2528,50425.3,0.9999999004711192
CIF01002760,Customer_2761,Addis Ababa,Ordinary Saving Account,31243.48,3018,50417.484,0.9999999783602702
CIF01000336,Customer_337,Amhara,Ordinary Saving Account,32104.15,912,50414.7,0.9999998402348236
CIF01003254,Customer_3255,Tigray,Prime Customer Deposit Account,4702.06,1661,50412.906,0.999999868772293
CIF01006923,Customer_6924,Amhara,Ordinary Saving Account,5874.72,2037,50391.99,0.9999999887602821
CIF01004952,Customer_4953,Oromia,Abew Saving Account,7215.53,4135,50386.582,0.9999999664523482
CIF01007711,Customer_7712,Harari,Hiruyan Saving Account,54102.06,1034,50373.348,0.999999915855939
CIF01009698,Customer_9699,Addis Ababa,Ordinary Saving Account,9519.74,2048,50370.33,0.9999999783825029
CIF01005792,Customer_5793,Tigray,Blatena Saving Account,41573.42,1313,50352.15,0.9999999220189802
CIF01004811,Customer_4812,Addis Ababa,Blatena Saving Account,2118.4,1285,50335.9,0.9999999771778961
CIF01006954,Customer_6955,Amhara,Blatena Saving Account,22205.81,416,50335.383,0.999999707715301
CIF01001425,Customer_1426,SNNPR,Janderebaw Saving Account,53408.25,1907,50333.273,0.9999999105023887
CIF01006316,Customer_6317,Afar,Werazut Saving Account,7145.91,1505,50326.836,0.9999999487340996
CIF01004773,Customer_4774,Addis Ababa,Ordinary Saving Account,28588.76,5157,50317.086,0.9999999269237245
CIF01000146,Customer_147,Addis Ababa,Ordinary Saving Account,28387.99,1748,50314.824,0.9999999898150714
CIF01006930,Customer_6931,Amhara,Abew Saving Account,18439.91,1443,50314.06,0.9999999399946562
CIF01001904,Customer_1905,Sidama,Special Saving Account,1210.88,406,50312.613,0.9999992375975608
CIF01000931,Customer_932,Addis Ababa,Ordinary Saving Account,51597.3,1027,50308.883,0.9999999884997514
CIF01008244,Customer_8245,Oromia,Tirufat Savings Account,446.29,564,50306.56,0.9999998941606821
CIF01002675,Customer_2676,Addis Ababa,Washera Saving Account,39587.06,1403,50297.777,0.9999999343585994
CIF01003801,Customer_3802,Amhara,Ordinary Saving Account,44131.32,3455,50297.234,0.9999999323496925
CIF01009091,Customer_9092,Tigray,Abew Saving Account,12042.09,1862,50286.688,0.9999998578566094
CIF01009705,Customer_9706,Amhara,Ordinary Saving Account,10354.22,2946,50283.72,0.9999997512232884
CIF01009641,Customer_9642,Dire Dawa,Special Saving Account,11322.22,1390,50279.89,0.9999999301187781
CIF01000477,Customer_478,Oromia,Abew Saving Account,10536.16,3301,50277.582,0.9999999599612368
CIF01004730,Customer_4731,Addis Ababa,Ordinary Saving Account,21622.73,1995,50273.734,0.999999973678676
CIF01006393,Customer_6394,Addis Ababa,Ordinary Saving Account,47187.79,1251,50252.34,0.9999996952809564
CIF01001570,Customer_1571,SNNPR,Blatena Saving Account,27750.39,1357,50250.91,0.9999998481111179
CIF01008091,Customer_8092,Oromia,Hiruyan Saving Account,2929.85,3374,50238.14,0.9999999247724999
CIF01007142,Customer_7143,Harari,Ordinary Saving Account,33508.57,888,50237.863,0.9999999169698846
CIF01003271,Customer_3272,Addis Ababa,Ordinary Saving Account,18325.64,1200,50227.848,0.9999999546303039
CIF01003139,Customer_3140,Amhara,Prime Customer Deposit Account,5350.85,2756,50218.527,0.9999999961383519
CIF01005780,Customer_5781,Oromia,Blatena Saving Account,3791.25,1287,50195.523,0.9999999757123071
CIF01008920,Customer_8921,Amhara,Asrat Bekurat Saving Account,21699.0,475,50180.45,0.9999997965082593
CIF01005624,Customer_5625,Addis Ababa,Prime Customer Deposit Account,736.79,430,50154.266,0.999999707780188
CIF01005088,Customer_5089,SNNPR,Ahadu Bereket Saving Account,27560.96,2558,50141.08,0.9999999104256696
CIF01003628,Customer_3629,Amhara,Special Saving Account,31851.83,2374,50137.19,0.9999999612463459
CIF01000175,Customer_176,SNNPR,Ordinary Saving Account,37412.89,3364,50129.043,0.9999999536281808
CIF01005344,Customer_5345,Oromia,Janderebaw Saving Account,3865.43,388,50114.2,0.9999998779051409
CIF01008451,Customer_8452,Addis Ababa,Blatena Saving Account,16641.92,2218,50112.24,0.9999999905372688
CIF01003361,Customer_3362,Oromia,Equb Saving Account,24213.82,1350,50107.516,0.9999999894337933
CIF01004845,Customer_4846,Addis Ababa,Tirufat Savings Account,9620.95,2313,50103.695,0.99999987931675
CIF01009971,Customer_9972,Benishangul-Gumuz,Agape Saving Account,10235.71,1131,50100.7,0.9999999681585442
CIF01003824,Customer_3825,Addis Ababa,Janderebaw Saving Account,17121.77,1255,50097.7,0.9999999844069074
CIF01002370,Customer_2371,Addis Ababa,Ordinary Saving Account,19198.72,3156,50091.344,0.9999999715778553
CIF01006475,Customer_6476,SNNPR,Blatena Saving Account,10031.3,411,50076.85,0.9999983742014844
CIF01004318,Customer_4319,Addis Ababa,Abew Saving Account,2423.3,517,50066.17,0.9999999199068159
CIF01001384,Customer_1385,Oromia,Couples Saving Deposit,11093.62,2446,50061.9,0.9999999724091523
CIF01006545,Customer_6546,SNNPR,Tirufat Savings Account,52100.15,3106,50054.42,0.9999999636693724
CIF01008205,Customer_8206,Addis Ababa,Ordinary Saving Account,32401.93,2026,50049.094,0.9999999756461325
CIF01002561,Customer_2562,Oromia,Sitota Saving Deposit,35298.04,3860,50046.434,0.9999998871734012
CIF01008220,Customer_8221,Oromia,Asrat Bekurat Saving Account,9871.09,2014,50040.42,0.9999999590706424
CIF01004652,Customer_4653,SNNPR,Equb Saving Account,1268.74,628,50032.92,0.9999990164807541
CIF01003994,Customer_3995,Oromia,Ahati Saving Account,11562.44,3313,50029.598,0.9999999320478048
CIF01009684,Customer_9685,Oromia,Blatena Saving Account,2585.48,413,50027.164,0.9999998706802092
CIF01008740,Customer_8741,Tigray,Ordinary Saving Account,2206.26,439,50022.48,0.9999997754024474
CIF01005491,Customer_5492,Addis Ababa,Special Saving Account,6515.3,582,50020.9,0.9999980178462565
CIF01005098,Customer_5099,Tigray,Ordinary Saving Account,25152.79,543,50018.83,0.9999990110466755
CIF01004808,Customer_4809,Addis Ababa,Prime Customer Deposit Account,7561.88,614,50017.996,0.9999994090157289
CIF01006524,Customer_6525,Oromia,Washera Saving Account,55961.56,1831,50003.598,0.9999999844223706
CIF01007094,Customer_7095,Addis Ababa,Prime Customer Deposit Account,5062.04,2424,49988.246,0.9999999832584513
CIF01003309,Customer_3310,Addis Ababa,Abew Saving Account,3630.61,1522,49979.28,0.9999999802087842
CIF01003076,Customer_3077,Afar,Prime Customer Deposit Account,49046.83,2051,49963.83,0.9999999677774912
CIF01009880,Customer_9881,Tigray,Tirufat Savings Account,10304.56,442,49962.418,0.9999980751482431
CIF01001684,Customer_1685,Addis Ababa,Special Saving Account,10910.79,3197,49956.574,0.9999999349416371
CIF01007310,Customer_7311,Oromia,Prime Customer Deposit Account,6113.85,1640,49956.188,0.9999999533396366
CIF01001375,Customer_1376,Addis Ababa,Abew Saving Account,12191.18,1924,49954.098,0.9999999588018377
CIF01005910,Customer_5911,Addis Ababa,Washera Saving Account,4884.34,2015,49942.45,0.999999979353891
CIF01009163,Customer_9164,Amhara,Ahadu Bereket Saving Account,27826.91,662,49913.664,0.9999990548188883
CIF01000945,Customer_946,Addis Ababa,Abew Saving Account,31258.74,2616,49880.582,0.9999998782140129
CIF01000352,Customer_353,Amhara,Ordinary Saving Account,2374.46,1633,49851.594,0.9999999759579435
CIF01009922,Customer_9923,Oromia,Ordinary Saving Account,18349.23,2685,49849.04,0.999999973448561
CIF01007446,Customer_7447,Amhara,Agape Saving Account,18612.02,1618,49842.01,0.9999999625192783
CIF01006473,Customer_6474,Somali,Werazut Saving Account,51663.38,2649,49817.74,0.9999999700788662
CIF01000355,Customer_356,Addis Ababa,Janderebaw Saving Account,23337.85,2502,49807.65,0.9999999350860447
CIF01007383,Customer_7384,Oromia,Blatena Saving Account,52986.6,1810,49807.246,0.9999999888086225
CIF01002682,Customer_2683,Amhara,Ordinary Saving Account,693.55,867,49797.793,0.9999999952944552
CIF01007416,Customer_7417,Harari,Abew Saving Account,15647.43,4297,49757.195,0.9999999560432192
CIF01009659,Customer_9660,Amhara,Special Saving Account,15605.56,2555,49743.188,0.9999999799096178
CIF01001446,Customer_1447,Dire Dawa,Blatena Saving Account,1809.01,675,49739.844,0.9999999116834577
CIF01000071,Customer_72,Oromia,Ahati Saving Account,1176.59,3188,49735.55,0.9999999720761835
CIF01005737,Customer_5738,Tigray,Blatena Saving Account,7367.31,688,49731.023,0.9999996017529224
CIF01001574,Customer_1575,Oromia,Ahadu Bereket Saving Account,12212.1,1164,49728.33,0.9999999613652298
CIF01004650,Customer_4651,Oromia,Ordinary Saving Account,11552.39,594,49722.773,0.9999999397716887
CIF01004248,Customer_4249,Somali,Ordinary Saving Account,3613.35,3875,49721.305,0.9999997539974607
CIF01008048,Customer_8049,Tigray,Asrat Bekurat Saving Account,10414.81,1131,49712.86,0.9999998651515765
CIF01003001,Customer_3002,SNNPR,Blatena Saving Account,14871.92,3995,49710.605,0.9999999433107415
CIF01003075,Customer_3076,SNNPR,Ahati Saving Account,22327.46,5210,49684.594,0.9999999030515773
CIF01003755,Customer_3756,Harari,Werazut Saving Account,7101.86,1998,49683.477,0.99999997640265
CIF01005472,Customer_5473,Addis Ababa,Blatena Saving Account,23807.5,1216,49678.758,0.9999999679737138
CIF01000455,Customer_456,Dire Dawa,Special Saving Account,31305.52,1803,49678.727,0.999999989869205
CIF01005813,Customer_5814,Harari,Prime Customer Deposit Account,19983.65,815,49674.773,0.9999999608527834
CIF01008878,Customer_8879,SNNPR,Special Saving Account,3257.54,686,49672.812,0.9999989763811838
CIF01001505,Customer_1506,Harari,Blatena Saving Account,1623.54,2526,49662.44,0.9999999834619224
CIF01001604,Customer_1605,Addis Ababa,Equb Saving Account,25918.76,4727,49650.695,0.9999999666780892
CIF01002955,Customer_2956,Addis Ababa,Ordinary Saving Account,10728.14,1720,49650.023,0.9999999046898933
CIF01000759,Customer_760,Addis Ababa,Tirufat Savings Account,45824.67,3022,49640.117,0.9999999173257605
CIF01002143,Customer_2144,Sidama,Blatena Saving Account,11863.24,600,49633.715,0.9999981997118975
CIF01006736,Customer_6737,Gambela,Ordinary Saving Account,10430.19,1306,49621.867,0.9999999483996644
CIF01003661,Customer_3662,Addis Ababa,Ahadu Bereket Saving Account,11849.48,621,49601.87,0.9999999761178052
CIF01005438,Customer_5439,Tigray,Blatena Saving Account,5714.37,1660,49595.027,0.9999998806021708
CIF01002122,Customer_2123,Oromia,Ordinary Saving Account,4313.17,3549,49570.824,0.9999999631918777
CIF01000191,Customer_192,Amhara,Agape Saving Account,9190.13,1584,49561.97,0.9999999624861143
CIF01003894,Customer_3895,Oromia,Dekemezmur Saving Account,37306.05,1203,49560.652,0.9999999923143997
CIF01009315,Customer_9316,Dire Dawa,Janderebaw Saving Account,6526.27,1690,49547.26,0.9999999856670194
CIF01005993,Customer_5994,Addis Ababa,Hiruyan Saving Account,33169.94,1789,49539.656,0.9999999841989091
CIF01002770,Customer_2771,Harari,Ordinary Saving Account,13704.24,3466,49532.586,0.9999999817838178
CIF01005288,Customer_5289,Addis Ababa,Tirufat Savings Account,12731.69,534,49531.73,0.9999968723299952
CIF01001652,Customer_1653,SNNPR,Special Saving Account,4761.76,1551,49516.91,0.9999996281634685
CIF01008632,Customer_8633,Amhara,Ordinary Saving Account,23189.25,3779,49512.914,0.9999999931052341
CIF01004087,Customer_4088,Addis Ababa,Agape Saving Account,5034.66,2993,49506.703,0.9999997577829929
CIF01005837,Customer_5838,Addis Ababa,Asrat Bekurat Saving Account,47266.05,516,49498.277,0.9999986817524137
CIF01006993,Customer_6994,Addis Ababa,Werazut Saving Account,2451.84,1509,49494.703,0.999999938910547
CIF01009007,Customer_9008,Afar,Abew Saving Account,1353.56,2916,49485.125,0.9999999770167988
CIF01008322,Customer_8323,Addis Ababa,Hiruyan Saving Account,25469.46,5090,49481.953,0.9999999118186913
CIF01006903,Customer_6904,Amhara,Tirufat Savings Account,34431.48,2181,49474.113,0.999999990154884
CIF01002552,Customer_2553,Amhara,Tirufat Savings Account,50023.73,954,49473.023,0.9999999275165993
CIF01006865,Customer_6866,Amhara,Blatena Saving Account,3415.33,520,49465.14,0.9999996513000619
CIF01007784,Customer_7785,Addis Ababa,Prime Customer Deposit Account,18595.89,1452,49458.465,0.9999999142209144
CIF01009602,Customer_9603,Addis Ababa,Prime Customer Deposit Account,11247.07,1912,49458.363,0.999999911201254
CIF01005112,Customer_5113,Addis Ababa,Ordinary Saving Account,41372.02,453,49452.42,0.9999995750226011
CIF01005886,Customer_5887,SNNPR,Hiruyan Saving Account,6037.24,567,49437.13,0.9999993946337501
CIF01006324,Customer_6325,Oromia,Abew Saving Account,23527.57,2400,49428.785,0.9999999947299456
CIF01004393,Customer_4394,Addis Ababa,Werazut Saving Account,25465.47,1580,49419.56,0.9999999841658995
CIF01006945,Customer_6946,Afar,Washera Saving Account,7576.32,1607,49399.875,0.9999999811472741
CIF01000364,Customer_365,SNNPR,Ordinary Saving Account,37848.98,1082,49398.047,0.999999855891586
CIF01002047,Customer_2048,Tigray,Ordinary Saving Account,5956.43,544,49392.31,0.999999463110331
CIF01001675,Customer_1676,Oromia,Special Saving Account,1218.24,909,49388.098,0.9999999721263894
CIF01009110,Customer_9111,Amhara,Dekemezmur Saving Account,19325.19,2562,49376.285,0.9999999685392625
CIF01001470,Customer_1471,Oromia,Werazut Saving Account,1084.03,2493,49368.73,0.9999999390141787
CIF01009412,Customer_9413,Oromia,Dekemezmur Saving Account,21404.24,845,49366.16,0.9999998205128127
CIF01000229,Customer_230,Amhara,Agape Saving Account,12773.37,650,49365.973,0.9999998703126557
CIF01003412,Customer_3413,Addis Ababa,Ahati Saving Account,23310.05,416,49364.43,0.9999993783528268
CIF01003982,Customer_3983,Dire Dawa,Ordinary Saving Account,34482.65,2979,49352.51,0.9999999754160959
CIF01005234,Customer_5235,Benishangul-Gumuz,Ordinary Saving Account,5763.46,4249,49345.84,0.9999999618990564
CIF01009017,Customer_9018,Oromia,Couples Saving Deposit,45349.17,546,49338.723,0.9999962301337839
CIF01002954,Customer_2955,Oromia,Blatena Saving Account,5679.63,2148,49330.867,0.9999999780740569
CIF01004444,Customer_4445,Oromia,Asrat Bekurat Saving Account,25227.76,1627,49321.094,0.9999999923638253
CIF01002630,Customer_2631,Somali,Ordinary Saving Account,25147.23,613,49302.57,0.9999982839413583
CIF01005979,Customer_5980,Amhara,Werazut Saving Account,43685.46,1631,49297.57,0.9999999603668781
CIF01000481,Customer_482,Addis Ababa,Dekemezmur Saving Account,3429.2,2280,49297.316,0.9999999807434471
CIF01009487,Customer_9488,Somali,Ahati Saving Account,733.18,2334,49285.117,0.999999920532188
CIF01006508,Customer_6509,Oromia,Special Saving Account,12642.38,463,49274.715,0.9999968169757008
CIF01009917,Customer_9918,Oromia,Special Saving Account,1944.61,849,49237.758,0.999999953587782
CIF01004264,Customer_4265,Addis Ababa,Sitota Saving Deposit,7364.7,711,49231.645,0.9999996524309485
CIF01005598,Customer_5599,Amhara,Dekemezmur Saving Account,10863.37,800,49222.56,0.9999999930823027
CIF01002858,Customer_2859,Amhara,Asrat Bekurat Saving Account,3486.77,1485,49220.35,0.99999999120005
CIF01009983,Customer_9984,Addis Ababa,Ordinary Saving Account,20332.35,2361,49213.707,0.9999999560550666
CIF01000722,Customer_723,Addis Ababa,Tirufat Savings Account,17036.93,4546,49212.87,0.9999999493128345
CIF01001332,Customer_1333,Oromia,Blatena Saving Account,24278.36,527,49203.203,0.9999937308924794
CIF01009689,Customer_9690,Addis Ababa,Agape Saving Account,4991.5,1501,49203.008,0.9999999477152924
CIF01007351,Customer_7352,Benishangul-Gumuz,Dekemezmur Saving Account,45655.14,2619,49198.582,0.9999999656158193
CIF01004289,Customer_4290,Amhara,Special Saving Account,3236.25,1542,49188.38,0.9999999561135983
CIF01003234,Customer_3235,Addis Ababa,Washera Saving Account,30896.8,5144,49169.145,0.9999999897319464
CIF01003776,Customer_3777,Sidama,Ordinary Saving Account,28880.32,1309,49158.094,0.9999998898512971
CIF01007614,Customer_7615,SNNPR,Ahati Saving Account,4494.45,3370,49135.258,0.9999999347274595
CIF01009121,Customer_9122,Addis Ababa,Ordinary Saving Account,27007.6,5183,49130.74,0.9999998990703116
CIF01006119,Customer_6120,Dire Dawa,Blatena Saving Account,851.77,819,49129.74,0.9999999538282917
CIF01002671,Customer_2672,SNNPR,Special Saving Account,1954.67,2930,49128.457,0.9999996646371153
CIF01007621,Customer_7622,Oromia,Special Saving Account,4599.1,715,49126.88,0.999999545855383
CIF01009968,Customer_9969,Benishangul-Gumuz,Ahadu Bereket Saving Account,22305.05,2019,49109.45,0.9999999833574742
CIF01008013,Customer_8014,Benishangul-Gumuz,Special Saving Account,45216.0,1956,49087.363,0.9999998734725879
CIF01001636,Customer_1637,Oromia,Ordinary Saving Account,22221.2,3459,49087.277,0.9999999590422822
CIF01001421,Customer_1422,Addis Ababa,Ordinary Saving Account,27086.99,492,49074.688,0.9999996479973119
CIF01009511,Customer_9512,Dire Dawa,Ordinary Saving Account,16109.44,2845,49067.008,0.9999998743592553
CIF01002854,Customer_2855,Dire Dawa,Special Saving Account,33065.43,1046,49040.48,0.9999996429706188
CIF01006165,Customer_6166,Amhara,Ordinary Saving Account,11788.46,1094,49033.582,0.9999999477667963
CIF01008791,Customer_8792,Oromia,Washera Saving Account,25592.29,2170,49030.6,0.9999999715327205
CIF01007525,Customer_7526,Benishangul-Gumuz,Abew Saving Account,17125.96,4021,49018.07,0.9999999933850552
CIF01006265,Customer_6266,Harari,Prime Customer Deposit Account,14022.22,765,49013.527,0.9999999968009401
CIF01000292,Customer_293,Addis Ababa,Ordinary Saving Account,7978.0,1475,49003.715,0.9999999680573696
CIF01009244,Customer_9245,Addis Ababa,Tirufat Savings Account,24580.71,1397,48995.887,0.9999998235373635
CIF01001993,Customer_1994,Addis Ababa,Prime Customer Deposit Account,28158.61,808,48994.74,0.9999998918254517
CIF01009751,Customer_9752,Tigray,Ordinary Saving Account,42913.63,428,48994.11,0.9999975446247072
CIF01009261,Customer_9262,Addis Ababa,Ordinary Saving Account,17923.81,811,48990.695,0.9999999891927943
CIF01007354,Customer_7355,SNNPR,Abew Saving Account,42455.24,2283,48978.277,0.9999999690220397
CIF01007103,Customer_7104,Addis Ababa,Ordinary Saving Account,741.33,650,48975.918,0.9999996917546679
CIF01002868,Customer_2869,SNNPR,Blatena Saving Account,14052.34,4605,48965.05,0.9999999470234145
CIF01003968,Customer_3969,Tigray,Ahadu Bereket Saving Account,4202.29,1991,48954.63,0.9999999190346603
CIF01003452,Customer_3453,Amhara,Dekemezmur Saving Account,11635.29,1338,48951.96,0.9999999907225884
CIF01009563,Customer_9564,Amhara,Ordinary Saving Account,5554.28,1845,48941.21,0.9999999867324632
CIF01000936,Customer_937,Somali,Ordinary Saving Account,854.63,387,48927.656,0.9999992353794607
CIF01009566,Customer_9567,Addis Ababa,Ahati Saving Account,37960.36,2077,48927.35,0.9999999265895133
CIF01002964,Customer_2965,SNNPR,Ordinary Saving Account,32141.22,1936,48926.137,0.9999999418933423
CIF01002002,Customer_2003,Oromia,Special Saving Account,8563.94,2158,48907.566,0.9999997539210378
CIF01008854,Customer_8855,Amhara,Ordinary Saving Account,24810.81,2050,48899.41,0.9999999732517395
CIF01001475,Customer_1476,Oromia,Equb Saving Account,26117.98,3325,48875.234,0.9999999721280347
CIF01001197,Customer_1198,Oromia,Blatena Saving Account,12030.96,1225,48868.242,0.9999999945336762
CIF01002825,Customer_2826,Harari,Ordinary Saving Account,27062.69,4016,48852.81,0.9999999953743544
CIF01009413,Customer_9414,Dire Dawa,Ordinary Saving Account,7337.26,3197,48836.598,0.9999999782614393
CIF01005833,Customer_5834,Addis Ababa,Blatena Saving Account,4685.1,468,48829.42,0.9999999739955638
CIF01003681,Customer_3682,SNNPR,Dekemezmur Saving Account,22962.76,2112,48827.59,0.9999999707656502
CIF01003123,Customer_3124,Oromia,Asrat Bekurat Saving Account,6322.25,785,48811.535,0.9999999818309547
CIF01008059,Customer_8060,Addis Ababa,Abew Saving Account,30887.91,4139,48803.324,0.9999999475110161
CIF01006666,Customer_6667,Amhara,Janderebaw Saving Account,7376.87,1525,48775.723,0.9999999687249456
CIF01003267,Customer_3268,Oromia,Asrat Bekurat Saving Account,41868.97,3419,48771.883,0.9999999832378917
CIF01000994,Customer_995,SNNPR,Ordinary Saving Account,27939.41,4155,48739.082,0.9999999532699066
CIF01003849,Customer_3850,Addis Ababa,Ahati Saving Account,24882.89,5057,48731.582,0.999999976400976
CIF01000073,Customer_74,SNNPR,Ordinary Saving Account,7375.37,2881,48727.723,0.9999999545187016
CIF01001657,Customer_1658,Addis Ababa,Ordinary Saving Account,33469.72,750,48722.74,0.9999932645466263
CIF01003665,Customer_3666,Sidama,Dekemezmur Saving Account,12536.55,4232,48716.727,0.9999999449853408
CIF01004472,Customer_4473,Addis Ababa,Special Saving Account,27581.89,421,48715.24,0.99999966373576
CIF01001559,Customer_1560,Addis Ababa,Asrat Bekurat Saving Account,34833.8,532,48678.81,0.999999684049444
CIF01006595,Customer_6596,Amhara,Dekemezmur Saving Account,5827.48,490,48677.234,0.9999996514608718
CIF01004971,Customer_4972,Addis Ababa,Ordinary Saving Account,16220.94,604,48647.348,0.9999996724000256
CIF01008364,Customer_8365,Oromia,Abew Saving Account,33114.63,1231,48644.76,0.9999999870939345
CIF01004591,Customer_4592,Oromia,Special Saving Account,1629.49,2503,48629.72,0.9999999636870032
CIF01006645,Customer_6646,SNNPR,Special Saving Account,14461.3,2010,48606.445,0.9999998187648289
CIF01002250,Customer_2251,SNNPR,Equb Saving Account,26449.73,1277,48596.676,0.9999998871994175
CIF01003766,Customer_3767,Addis Ababa,Hiruyan Saving Account,36441.77,2256,48589.582,0.9999999950439371
CIF01008471,Customer_8472,Addis Ababa,Hiruyan Saving Account,24419.93,5527,48576.65,0.9999999863718037
CIF01001442,Customer_1443,Amhara,Werazut Saving Account,6321.65,2616,48574.76,0.9999999677720605
CIF01009458,Customer_9459,Tigray,Ordinary Saving Account,3999.03,1782,48555.75,0.9999999025884762
CIF01007042,Customer_7043,Addis Ababa,Prime Customer Deposit Account,13831.88,3817,48525.477,0.9999999640942134
CIF01005040,Customer_5041,SNNPR,Prime Customer Deposit Account,26068.67,1652,48518.08,0.9999999540367698
CIF01002783,Customer_2784,Addis Ababa,Ordinary Saving Account,13047.91,4462,48509.605,0.999999974539526
CIF01003099,Customer_3100,Addis Ababa,Hiruyan Saving Account,17897.95,2633,48509.38,0.9999997749587379
CIF01003024,Customer_3025,Somali,Ordinary Saving Account,31472.16,2456,48498.344,0.9999999150495086
CIF01007309,Customer_7310,Dire Dawa,Agape Saving Account,8747.53,2944,48487.69,0.9999999584757193
CIF01006037,Customer_6038,Addis Ababa,Special Saving Account,5456.85,628,48483.527,0.9999992223845987
CIF01005047,Customer_5048,Oromia,Ahadu Bereket Saving Account,38874.53,1644,48457.43,0.9999999880821037
CIF01002397,Customer_2398,Oromia,Ordinary Saving Account,25390.37,2490,48443.78,0.9999999928062739
CIF01004532,Customer_4533,Amhara,Ordinary Saving Account,19577.76,464,48439.938,0.9999987949795438
CIF01007306,Customer_7307,Gambela,Ordinary Saving Account,7402.63,790,48424.254,0.9999999786156195
CIF01001089,Customer_1090,Addis Ababa,Asrat Bekurat Saving Account,37887.73,1213,48383.277,0.9999997244297245
CIF01001834,Customer_1835,SNNPR,Ordinary Saving Account,24434.32,5442,48380.945,0.9999999193301864
CIF01000998,Customer_999,Addis Ababa,Agape Saving Account,4006.44,2009,48379.125,0.9999999509601838
CIF01005125,Customer_5126,Tigray,Asrat Bekurat Saving Account,975.72,2764,48375.082,0.9999998956934475
CIF01004541,Customer_4542,Oromia,Hiruyan Saving Account,25626.49,4379,48360.19,0.9999998849411581
CIF01002670,Customer_2671,Addis Ababa,Ordinary Saving Account,39277.05,434,48337.785,0.9999980692744586
CIF01001962,Customer_1963,Oromia,Werazut Saving Account,24825.75,1409,48334.39,0.9999997633684179
CIF01006826,Customer_6827,Dire Dawa,Hiruyan Saving Account,27355.63,3270,48329.816,0.9999999035512661
CIF01008012,Customer_8013,Oromia,Blatena Saving Account,3411.91,2205,48319.98,0.9999999739322034
CIF01009214,Customer_9215,Amhara,Ordinary Saving Account,32789.16,1852,48317.652,0.9999999829817982
CIF01006608,Customer_6609,Addis Ababa,Blatena Saving Account,13826.6,2772,48313.242,0.9999999715531066
CIF01009442,Customer_9443,Addis Ababa,Ahati Saving Account,661.41,1367,48308.254,0.9999999299028988
CIF01003137,Customer_3138,Oromia,Special Saving Account,2372.7,2409,48307.97,0.9999999066285171
CIF01008812,Customer_8813,Addis Ababa,Werazut Saving Account,24137.8,3896,48302.977,0.9999998920403773
CIF01002007,Customer_2008,Addis Ababa,Werazut Saving Account,14615.36,2844,48299.0,0.9999998526740344
CIF01009041,Customer_9042,Addis Ababa,Dekemezmur Saving Account,38222.46,651,48297.457,0.9999992629774418
CIF01001256,Customer_1257,SNNPR,Agape Saving Account,10357.93,4458,48293.69,0.9999999068570162
CIF01000657,Customer_658,Gambela,Agape Saving Account,12195.2,1807,48282.367,0.9999999746281449
CIF01007734,Customer_7735,Tigray,Ahati Saving Account,26273.07,1433,48278.11,0.9999997983173448
CIF01003165,Customer_3166,Oromia,Ordinary Saving Account,25782.31,1031,48269.23,0.9999999367938999
CIF01008259,Customer_8260,Oromia,Ordinary Saving Account,27468.99,2052,48267.64,0.9999999857382875
CIF01003402,Customer_3403,Dire Dawa,Janderebaw Saving Account,20139.49,523,48254.73,0.9999998259111457
CIF01009199,Customer_9200,Sidama,Janderebaw Saving Account,2968.43,3498,48254.332,0.9999999160042419
CIF01001616,Customer_1617,SNNPR,Dekemezmur Saving Account,3615.48,2416,48250.492,0.9999997826857686
CIF01002245,Customer_2246,SNNPR,Dekemezmur Saving Account,21510.88,1544,48236.44,0.9999999591234462
CIF01000697,Customer_698,Tigray,Dekemezmur Saving Account,3971.88,683,48235.883,0.9999991558270424
CIF01000952,Customer_953,Benishangul-Gumuz,Ordinary Saving Account,20659.28,461,48227.61,0.9999997124513803
CIF01001299,Customer_1300,Oromia,Abew Saving Account,25714.52,678,48225.426,0.9999998018454288
CIF01008606,Customer_8607,Tigray,Ordinary Saving Account,13265.46,3137,48222.723,0.9999998755185577
CIF01004860,Customer_4861,Addis Ababa,Ordinary Saving Account,8155.83,412,48218.785,0.9999999466619103
CIF01000928,Customer_929,Addis Ababa,Prime Customer Deposit Account,38878.58,779,48215.75,0.9999999294838106
CIF01003037,Customer_3038,Addis Ababa,Prime Customer Deposit Account,25549.58,4468,48206.098,0.9999999918738959
CIF01004045,Customer_4046,Benishangul-Gumuz,Abew Saving Account,7978.92,3215,48201.508,0.9999999302851073
CIF01006733,Customer_6734,Amhara,Ordinary Saving Account,16776.14,4684,48198.77,0.99999998268474
CIF01006981,Customer_6982,Sidama,Prime Customer Deposit Account,9592.39,1575,48193.03,0.9999998225526354
CIF01002140,Customer_2141,Oromia,Hiruyan Saving Account,40423.34,2351,48185.945,0.9999999981043424
CIF01006046,Customer_6047,Amhara,Ahati Saving Account,17461.49,1111,48182.223,0.9999998305420791
CIF01009515,Customer_9516,Addis Ababa,Prime Customer Deposit Account,7326.01,3163,48180.64,0.9999999872250879
CIF01003031,Customer_3032,Oromia,Ordinary Saving Account,3532.76,1146,48165.29,0.9999999716629714
CIF01002773,Customer_2774,SNNPR,Tirufat Savings Account,6157.69,3837,48156.56,0.9999998992358773
CIF01006171,Customer_6172,Addis Ababa,Prime Customer Deposit Account,24969.94,5322,48149.06,0.9999999143387337
CIF01005998,Customer_5999,SNNPR,Werazut Saving Account,39323.01,529,48146.21,0.9999944994145126
CIF01000084,Customer_85,Addis Ababa,Blatena Saving Account,1720.29,2264,48143.277,0.9999999877906739
CIF01004538,Customer_4539,Addis Ababa,Ordinary Saving Account,9999.12,712,48134.805,0.9999973770024208
CIF01009518,Customer_9519,Amhara,Blatena Saving Account,16313.55,938,48129.65,0.9999999615563714
CIF01004838,Customer_4839,Sidama,Werazut Saving Account,15954.24,2533,48128.598,0.9999998894446658
CIF01002234,Customer_2235,Addis Ababa,Special Saving Account,43952.89,4324,48124.383,0.9999999890402776
CIF01000950,Customer_951,Harari,Tirufat Savings Account,33995.3,1516,48122.418,0.9999999680698742
CIF01006022,Customer_6023,Oromia,Hiruyan Saving Account,15955.33,870,48115.723,0.99999991962228
CIF01005158,Customer_5159,Addis Ababa,Ordinary Saving Account,11013.56,784,48113.348,0.9999999856357136
CIF01003607,Customer_3608,Oromia,Special Saving Account,9054.29,2310,48106.566,0.999999962312392
CIF01009896,Customer_9897,Amhara,Werazut Saving Account,42277.08,3150,48106.5,0.999999991472427
CIF01006855,Customer_6856,Addis Ababa,Ordinary Saving Account,6885.47,974,48098.535,0.9999999795712424
CIF01008282,Customer_8283,Addis Ababa,Ordinary Saving Account,2925.26,1051,48092.703,0.9999999644437451
CIF01004739,Customer_4740,Addis Ababa,Tirufat Savings Account,34302.16,672,48083.797,0.9999999301430558
CIF01009906,Customer_9907,Addis Ababa,Ahati Saving Account,8170.5,1682,48077.168,0.9999999584782739
CIF01009439,Customer_9440,Addis Ababa,Ahati Saving Account,8900.26,882,48051.85,0.999999970699164
CIF01008793,Customer_8794,Addis Ababa,Ordinary Saving Account,5161.53,1792,48017.49,0.9999998722500459
CIF01007533,Customer_7534,Oromia,Ordinary Saving Account,30582.48,1532,48012.562,0.9999999972398477
CIF01007749,Customer_7750,Oromia,Ordinary Saving Account,6961.75,866,48011.176,0.9999999764855306
CIF01006942,Customer_6943,Amhara,Ahadu Bereket Saving Account,2740.56,3370,48005.734,0.9999999724336378
CIF01004210,Customer_4211,Sidama,Janderebaw Saving Account,26069.07,3890,48003.227,0.9999999336020913
CIF01000247,Customer_248,Addis Ababa,Special Saving Account,1187.86,2166,48002.684,0.999999940380822
CIF01007127,Customer_7128,Amhara,Werazut Saving Account,42360.65,885,47997.7,0.9999999868172964
CIF01000810,Customer_811,Oromia,Ordinary Saving Account,8618.61,1767,47986.44,0.9999999769160629
CIF01005277,Customer_5278,Oromia,Ordinary Saving Account,10895.95,3762,47985.31,0.999999975244501
CIF01002048,Customer_2049,Oromia,Dekemezmur Saving Account,13403.33,1308,47975.254,0.9999999798567358
CIF01005699,Customer_5700,SNNPR,Agape Saving Account,19627.23,852,47973.492,0.9999997076903031
CIF01003947,Customer_3948,Oromia,Ahadu Bereket Saving Account,28709.41,618,47972.504,0.9999970341835913
CIF01002879,Customer_2880,Oromia,Werazut Saving Account,25800.99,4629,47970.273,0.999999849031815
CIF01004483,Customer_4484,Addis Ababa,Ahati Saving Account,10736.3,2024,47970.13,0.9999999646974601
CIF01008328,Customer_8329,Addis Ababa,Tirufat Savings Account,31626.72,1160,47933.945,0.9999998626554225
CIF01001841,Customer_1842,Oromia,Blatena Saving Account,1100.58,1555,47930.773,0.9999999479553574
CIF01005247,Customer_5248,Tigray,Blatena Saving Account,16091.01,4049,47924.043,0.9999999552177545
CIF01004355,Customer_4356,Dire Dawa,Special Saving Account,204.7,2840,47907.62,0.9999999868389227
CIF01007766,Customer_7767,Addis Ababa,Tirufat Savings Account,1812.09,1160,47905.92,0.999999958109637
CIF01009640,Customer_9641,Addis Ababa,Ahati Saving Account,30880.96,2362,47904.363,0.9999998903987759
CIF01004949,Customer_4950,Addis Ababa,Dekemezmur Saving Account,26184.81,5496,47899.453,0.9999999877334816
CIF01006127,Customer_6128,SNNPR,Ordinary Saving Account,5462.36,2166,47898.523,0.9999998741709085
CIF01003485,Customer_3486,Addis Ababa,Ordinary Saving Account,13124.99,3104,47884.887,0.9999999955496623
CIF01001192,Customer_1193,Tigray,Ordinary Saving Account,5120.3,2177,47881.082,0.9999999250978026
CIF01006757,Customer_6758,Tigray,Ordinary Saving Account,27191.99,557,47879.996,0.999998821852504
CIF01001344,Customer_1345,Tigray,Special Saving Account,16955.51,4093,47869.75,0.999999907169689
CIF01007719,Customer_7720,Addis Ababa,Blatena Saving Account,15550.71,3224,47849.6,0.9999999800578294
CIF01008170,Customer_8171,Addis Ababa,Ordinary Saving Account,47911.32,1212,47848.914,0.9999998246710816
CIF01003062,Customer_3063,Oromia,Washera Saving Account,5149.28,625,47838.1,0.9999999200870757
CIF01001389,Customer_1390,Somali,Abew Saving Account,37394.45,2822,47812.797,0.9999994329418846
CIF01006159,Customer_6160,SNNPR,Dekemezmur Saving Account,3681.53,953,47796.535,0.9999998119267045
CIF01000263,Customer_264,Oromia,Ordinary Saving Account,20108.02,648,47775.72,0.9999999794405356
CIF01006513,Customer_6514,Addis Ababa,Hiruyan Saving Account,41064.79,2513,47773.492,0.9999999580635108
CIF01004127,Customer_4128,Oromia,Ordinary Saving Account,4283.3,4228,47762.133,0.999999979565593
CIF01000847,Customer_848,Oromia,Dekemezmur Saving Account,35859.2,1401,47756.59,0.9999999889188395
CIF01003594,Customer_3595,Tigray,Washera Saving Account,38602.26,1942,47745.066,0.9999999186191604
CIF01009669,Customer_9670,Amhara,Prime Customer Deposit Account,12356.84,817,47744.312,0.9999999950450971
CIF01000365,Customer_366,Gambela,Ordinary Saving Account,24870.56,1613,47732.965,0.9999999629443648
CIF01004364,Customer_4365,Afar,Ordinary Saving Account,10111.69,2335,47724.66,0.9999998242845027
CIF01003706,Customer_3707,Amhara,Ahati Saving Account,28450.73,4093,47721.32,0.9999999609305628
CIF01000448,Customer_449,Tigray,Equb Saving Account,9811.02,695,47710.906,0.9999924903895481
CIF01001660,Customer_1661,Amhara,Dekemezmur Saving Account,29202.87,1360,47707.145,0.9999998867034414
CIF01007584,Customer_7585,Amhara,Ordinary Saving Account,22789.44,701,47701.805,0.9999950311574516
CIF01006700,Customer_6701,SNNPR,Couples Saving Deposit,20492.77,3399,47675.867,0.999999948720661
CIF01008578,Customer_8579,Amhara,Blatena Saving Account,32904.69,2681,47674.562,0.9999999948199019
CIF01006823,Customer_6824,Oromia,Equb Saving Account,35878.66,2297,47661.164,0.9999999800404664
CIF01003227,Customer_3228,SNNPR,Ordinary Saving Account,34022.88,1425,47651.293,0.9999998442697189
CIF01006254,Customer_6255,Gambela,Asrat Bekurat Saving Account,25584.13,2698,47633.25,0.9999999470646163
CIF01001886,Customer_1887,Oromia,Dekemezmur Saving Account,9311.49,2080,47618.992,0.9999999588451006
CIF01000302,Customer_303,Oromia,Ahati Saving Account,1646.82,2441,47616.15,0.9999999640890342
CIF01003903,Customer_3904,SNNPR,Werazut Saving Account,45606.88,1209,47585.824,0.9999999134930772
CIF01004303,Customer_4304,Oromia,Ordinary Saving Account,14895.69,982,47560.926,0.999999929111362
CIF01000127,Customer_128,Sidama,Tirufat Savings Account,17992.59,1482,47557.15,0.9999997580880465
CIF01002173,Customer_2174,Afar,Equb Saving Account,2203.37,2535,47551.207,0.9999999629520078
CIF01009464,Customer_9465,Oromia,Blatena Saving Account,932.23,2594,47547.117,0.9999999282383887
CIF01005928,Customer_5929,Addis Ababa,Hiruyan Saving Account,8419.76,3695,47526.242,0.999999959490185
CIF01009401,Customer_9402,Oromia,Special Saving Account,30012.89,1920,47524.008,0.9999999928351158
CIF01006622,Customer_6623,Addis Ababa,Special Saving Account,10807.06,2835,47523.34,0.9999999529408317
CIF01003388,Customer_3389,Tigray,Ordinary Saving Account,7779.42,777,47502.688,0.9999998307932496
CIF01001779,Customer_1780,SNNPR,Werazut Saving Account,47604.5,2207,47502.11,0.9999998702010837
CIF01004796,Customer_4797,Dire Dawa,Ordinary Saving Account,3953.9,3225,47484.453,0.9999999614484426
CIF01007563,Customer_7564,Tigray,Ordinary Saving Account,16660.76,1070,47475.918,0.9999998955362075
CIF01003592,Customer_3593,Harari,Prime Customer Deposit Account,3839.44,3485,47473.14,0.9999999709586143
CIF01003133,Customer_3134,Addis Ababa,Werazut Saving Account,2641.42,3700,47457.56,0.9999999311903384
CIF01005094,Customer_5095,Sidama,Ordinary Saving Account,27255.95,646,47457.137,0.9999988507060028
CIF01001655,Customer_1656,Oromia,Asrat Bekurat Saving Account,3898.45,757,47454.32,0.9999995640014867
CIF01003783,Customer_3784,Addis Ababa,Equb Saving Account,34570.89,1280,47452.56,0.9999999692243652
CIF01003381,Customer_3382,Oromia,Dekemezmur Saving Account,33958.67,769,47450.24,0.9999999570729693
CIF01004377,Customer_4378,Sidama,Tirufat Savings Account,35044.79,641,47448.543,0.9999963384408581
CIF01009936,Customer_9937,SNNPR,Ordinary Saving Account,14345.49,2729,47415.79,0.9999999249706765
CIF01004097,Customer_4098,Sidama,Special Saving Account,41780.55,561,47415.652,0.9999979704285973
CIF01002993,Customer_2994,Harari,Ordinary Saving Account,12223.23,3927,47413.188,0.9999999907485723
CIF01002333,Customer_2334,Oromia,Prime Customer Deposit Account,852.52,2779,47406.707,0.999999936469335
CIF01006182,Customer_6183,Addis Ababa,Agape Saving Account,23284.55,1764,47395.117,0.9999999809749226
CIF01008679,Customer_8680,Tigray,Agape Saving Account,32426.47,2348,47381.76,0.9999999206135642
CIF01009755,Customer_9756,Addis Ababa,Blatena Saving Account,12057.07,1153,47377.91,0.9999999606416976
CIF01003124,Customer_3125,SNNPR,Special Saving Account,47184.6,2729,47375.277,0.9999999254876584
CIF01000592,Customer_593,Addis Ababa,Couples Saving Deposit,46074.56,367,47369.508,0.0008908705926501629
CIF01002498,Customer_2499,Oromia,Ordinary Saving Account,4415.83,1553,47336.39,0.9999999761206771
CIF01009717,Customer_9718,Oromia,Blatena Saving Account,11054.32,1343,47321.28,0.9999999844036753
CIF01001452,Customer_1453,Oromia,Ordinary Saving Account,3353.58,1033,47315.45,0.9999999776025853
CIF01008141,Customer_8142,SNNPR,Ordinary Saving Account,4668.73,2244,47311.07,0.9999998909243345
CIF01008149,Customer_8150,Addis Ababa,Ordinary Saving Account,20901.23,443,47271.035,0.9999993749475559
CIF01009817,Customer_9818,Addis Ababa,Tirufat Savings Account,1666.49,2802,47263.402,0.999999982932274
CIF01006821,Customer_6822,Amhara,Ahati Saving Account,37520.47,1668,47257.316,0.999999805213162
CIF01007739,Customer_7740,SNNPR,Abew Saving Account,15791.52,3786,47253.06,0.9999999045415133
CIF01000696,Customer_697,Gambela,Hiruyan Saving Account,6528.96,1707,47246.43,0.9999999757478425
CIF01002631,Customer_2632,Oromia,Blatena Saving Account,2771.49,2526,47241.19,0.9999999302011695
CIF01001788,Customer_1789,Oromia,Prime Customer Deposit Account,39321.28,416,47236.992,0.999984374039323
CIF01003096,Customer_3097,Sidama,Dekemezmur Saving Account,25399.5,412,47234.344,0.9999987217576164
CIF01001416,Customer_1417,Harari,Couples Saving Deposit,6154.29,889,47232.586,0.999999989368238
CIF01001987,Customer_1988,Amhara,Ordinary Saving Account,13320.29,838,47232.055,0.9999999656092587
CIF01004011,Customer_4012,Amhara,Blatena Saving Account,1651.48,3537,47214.152,0.9999999877243674
CIF01009694,Customer_9695,Sidama,Ordinary Saving Account,18159.09,1358,47197.35,0.9999999460037681
CIF01008981,Customer_8982,Addis Ababa,Asrat Bekurat Saving Account,40053.75,833,47185.434,0.9999996714474539
CIF01003587,Customer_3588,Oromia,Hiruyan Saving Account,4988.73,3030,47162.402,0.999999944905899
CIF01009473,Customer_9474,Amhara,Ordinary Saving Account,7657.26,673,47153.66,0.9999998373826957
CIF01005579,Customer_5580,SNNPR,Couples Saving Deposit,3840.38,1886,47147.316,0.9999996944214221
CIF01000619,Customer_620,Addis Ababa,Asrat Bekurat Saving Account,14190.55,3741,47142.24,0.9999998372894896
CIF01006859,Customer_6860,Somali,Agape Saving Account,3007.43,1163,47141.93,0.9999997132390054
CIF01003895,Customer_3896,Addis Ababa,Special Saving Account,1050.75,2855,47117.113,0.9999998618110157
CIF01002597,Customer_2598,SNNPR,Blatena Saving Account,24095.26,3828,47114.082,0.9999999494570361
CIF01006017,Customer_6018,Harari,Special Saving Account,47025.71,2378,47084.92,0.9999996895304251
CIF01004277,Customer_4278,Amhara,Abew Saving Account,16727.71,2732,47076.516,0.9999999928627588
CIF01003467,Customer_3468,Dire Dawa,Werazut Saving Account,16159.63,409,47072.688,0.9999994195570475
CIF01001263,Customer_1264,SNNPR,Tirufat Savings Account,6334.25,1630,47061.664,0.9999998392839701
CIF01004115,Customer_4116,Oromia,Dekemezmur Saving Account,23535.3,5374,47061.223,0.999999954302696
CIF01000420,Customer_421,Sidama,Equb Saving Account,14056.67,2235,47056.297,0.9999999403438162
CIF01005444,Customer_5445,Addis Ababa,Washera Saving Account,24946.45,4579,47052.176,0.999999986417679
CIF01001143,Customer_1144,Tigray,Ordinary Saving Account,20135.04,1004,47048.504,0.9999996654490959
CIF01005408,Customer_5409,Addis Ababa,Hiruyan Saving Account,23189.85,3394,47034.66,0.9999999565654293
CIF01002204,Customer_2205,Oromia,Special Saving Account,2750.18,1302,46998.805,0.9999999754206134
CIF01008541,Customer_8542,Tigray,Werazut Saving Account,39093.62,2384,46984.21,0.9999999438136704
CIF01008648,Customer_8649,Oromia,Couples Saving Deposit,2199.84,3803,46977.215,0.9999999107347655
CIF01009433,Customer_9434,Oromia,Werazut Saving Account,6808.09,3395,46953.38,0.9999998213721178
CIF01000739,Customer_740,Tigray,Couples Saving Deposit,15120.26,1174,46947.613,0.9999998199253781
CIF01006031,Customer_6032,Addis Ababa,Ordinary Saving Account,23268.86,983,46943.52,0.9999998047827935
CIF01006140,Customer_6141,SNNPR,Asrat Bekurat Saving Account,712.93,1965,46942.535,0.9999998693929519
CIF01007620,Customer_7621,SNNPR,Asrat Bekurat Saving Account,4811.45,2264,46942.234,0.9999998697431812
CIF01009219,Customer_9220,Oromia,Special Saving Account,11101.82,1976,46934.062,0.999999969173257
CIF01002318,Customer_2319,Addis Ababa,Blatena Saving Account,7153.28,3388,46932.496,0.999999986671567
CIF01006398,Customer_6399,SNNPR,Ordinary Saving Account,3707.47,3659,46915.168,0.9999998318246733
CIF01008969,Customer_8970,Somali,Ahati Saving Account,30453.18,614,46913.04,0.9999984980311608
CIF01006559,Customer_6560,Amhara,Dekemezmur Saving Account,6246.33,4241,46908.203,0.9999999685500426
CIF01006534,Customer_6535,SNNPR,Blatena Saving Account,5886.27,1896,46898.617,0.9999999470395159
CIF01002924,Customer_2925,Addis Ababa,Washera Saving Account,2496.96,712,46889.047,0.9999999541922276
CIF01002866,Customer_2867,Afar,Ahadu Bereket Saving Account,28159.65,1384,46884.047,0.9999999924621977
CIF01008808,Customer_8809,Dire Dawa,Werazut Saving Account,20713.91,2228,46848.953,0.9999999315579358
CIF01009032,Customer_9033,Addis Ababa,Ordinary Saving Account,5295.24,801,46844.64,0.9999999166775334
CIF01000626,Customer_627,Oromia,Ordinary Saving Account,2625.43,1433,46842.957,0.999999956017864
CIF01005535,Customer_5536,Somali,Abew Saving Account,15285.02,894,46838.027,0.9999993711083937
CIF01007717,Customer_7718,SNNPR,Blatena Saving Account,15905.39,5452,46831.336,0.9999999575986926
CIF01008215,Customer_8216,Amhara,Prime Customer Deposit Account,8539.89,988,46817.242,0.9999999959368853
CIF01001077,Customer_1078,Oromia,Ordinary Saving Account,10572.91,3424,46797.223,0.9999999546233195
CIF01004842,Customer_4843,Addis Ababa,Ahati Saving Account,7061.82,931,46789.047,0.9999999682564159
CIF01002655,Customer_2656,Gambela,Blatena Saving Account,9880.57,3713,46787.17,0.9999999395085616
CIF01007929,Customer_7930,Amhara,Tirufat Savings Account,16783.25,2287,46774.023,0.9999998932904074
CIF01002052,Customer_2053,Oromia,Special Saving Account,7069.75,1518,46770.05,0.9999999797793329
CIF01007666,Customer_7667,Dire Dawa,Abew Saving Account,3241.07,2236,46768.445,0.9999999718661238
CIF01005764,Customer_5765,Addis Ababa,Prime Customer Deposit Account,20057.85,4472,46759.133,0.9999999679481312
CIF01003799,Customer_3800,Tigray,Blatena Saving Account,6557.99,1740,46757.06,0.9999999027473784
CIF01009002,Customer_9003,Addis Ababa,Prime Customer Deposit Account,20059.63,4494,46754.562,0.9999999809450631
CIF01009890,Customer_9891,Harari,Ahati Saving Account,20249.73,3930,46740.684,0.9999999914397514
CIF01000948,Customer_949,Amhara,Sitota Saving Deposit,13477.55,4056,46740.336,0.9999999799095916
CIF01006702,Customer_6703,Addis Ababa,Dekemezmur Saving Account,13124.88,3082,46732.777,0.9999999570823325
CIF01009430,Customer_9431,Tigray,Dekemezmur Saving Account,25432.56,2043,46705.78,0.9999999415520883
CIF01001745,Customer_1746,Dire Dawa,Ordinary Saving Account,14008.89,791,46701.953,0.9999999965459898
CIF01009137,Customer_9138,SNNPR,Ordinary Saving Account,12404.52,891,46698.664,0.9999998657608733
CIF01004209,Customer_4210,Amhara,Prime Customer Deposit Account,11417.19,3305,46695.26,0.9999999748000457
CIF01004430,Customer_4431,Amhara,Ahadu Bereket Saving Account,19185.6,3007,46694.957,0.9999998584058668
CIF01005586,Customer_5587,Dire Dawa,Ordinary Saving Account,26116.39,1309,46690.03,0.9999999911684213
CIF01001076,Customer_1077,Addis Ababa,Tirufat Savings Account,13597.85,859,46688.746,0.9999999821025004
CIF01003065,Customer_3066,Afar,Tirufat Savings Account,27428.53,1673,46672.332,0.9999999900511546
CIF01005500,Customer_5501,Amhara,Werazut Saving Account,3679.35,3950,46669.277,0.9999999106017963
CIF01000789,Customer_790,Addis Ababa,Ahati Saving Account,21461.93,4205,46666.16,0.9999999609512384
CIF01003726,Customer_3727,SNNPR,Agape Saving Account,38980.67,2844,46666.062,0.9999999445642844
CIF01002992,Customer_2993,Oromia,Ordinary Saving Account,6541.94,436,46663.008,0.9999996957062578
CIF01003246,Customer_3247,Addis Ababa,Ordinary Saving Account,19275.25,1276,46661.66,0.9999999695134199
CIF01002536,Customer_2537,Gambela,Janderebaw Saving Account,42611.17,474,46651.496,0.9999907520837394
CIF01005621,Customer_5622,Tigray,Ordinary Saving Account,31527.34,2017,46638.066,0.999999886747079
CIF01009567,Customer_9568,SNNPR,Abew Saving Account,3527.28,1135,46618.65,0.999999739139375
CIF01000494,Customer_495,Addis Ababa,Ordinary Saving Account,30375.3,2031,46617.117,0.999999988060131
CIF01007864,Customer_7865,Dire Dawa,Dekemezmur Saving Account,5053.98,919,46610.062,0.9999999921964856
CIF01007768,Customer_7769,Addis Ababa,Janderebaw Saving Account,12613.16,1140,46576.3,0.9999999121740256
CIF01005851,Customer_5852,Addis Ababa,Tirufat Savings Account,17870.32,372,46546.633,0.9999994471364523
CIF01004215,Customer_4216,Gambela,Special Saving Account,37857.87,2816,46540.785,0.9999999576375835
CIF01008241,Customer_8242,Addis Ababa,Ordinary Saving Account,11737.06,4530,46539.18,0.999999966971356
CIF01007149,Customer_7150,Amhara,Blatena Saving Account,23481.77,4117,46519.605,0.9999999565603858
CIF01009546,Customer_9547,Oromia,Ordinary Saving Account,5148.07,2934,46518.844,0.99999995064182
CIF01003444,Customer_3445,Amhara,Ordinary Saving Account,19089.14,966,46514.54,0.9999999731122874
CIF01002756,Customer_2757,Addis Ababa,Ordinary Saving Account,4329.3,2640,46509.66,0.9999999842299334
CIF01001330,Customer_1331,Addis Ababa,Abew Saving Account,23094.3,1158,46499.906,0.9999999837305507
CIF01000933,Customer_934,Addis Ababa,Tirufat Savings Account,18465.48,603,46498.05,0.9999971812527267
CIF01008849,Customer_8850,Gambela,Dekemezmur Saving Account,14297.57,977,46481.508,0.9999999704854099
CIF01001084,Customer_1085,Oromia,Ahati Saving Account,10731.31,850,46436.703,0.9999997644861758
CIF01006217,Customer_6218,Addis Ababa,Dekemezmur Saving Account,2449.16,1175,46426.71,0.9999999850993393
CIF01008134,Customer_8135,Amhara,Ahadu Bereket Saving Account,14084.63,2193,46420.758,0.999999984278563
CIF01007008,Customer_7009,Tigray,Blatena Saving Account,16123.23,942,46420.355,0.9999997947787022
CIF01009343,Customer_9344,Harari,Ordinary Saving Account,24559.28,4765,46402.44,0.9999999915797121
CIF01009782,Customer_9783,SNNPR,Ordinary Saving Account,34722.03,432,46387.566,0.9999965806284082
CIF01008201,Customer_8202,Benishangul-Gumuz,Dekemezmur Saving Account,3109.16,1220,46384.684,0.9999999140768845
CIF01000407,Customer_408,Addis Ababa,Blatena Saving Account,4522.54,1839,46373.88,0.9999999315598109
CIF01007396,Customer_7397,Oromia,Werazut Saving Account,24179.02,3894,46369.492,0.9999999947213059
CIF01006996,Customer_6997,Oromia,Special Saving Account,17858.39,3739,46352.465,0.9999999846597942
CIF01007627,Customer_7628,SNNPR,Couples Saving Deposit,13401.36,969,46351.863,0.999999765752573
CIF01002037,Customer_2038,Amhara,Ordinary Saving Account,3222.78,2807,46345.992,0.9999999576739591
CIF01005157,Customer_5158,SNNPR,Janderebaw Saving Account,18152.0,376,46342.332,0.9999984124854866
CIF01002439,Customer_2440,SNNPR,Tirufat Savings Account,38233.54,2305,46337.785,0.9999999022523411
CIF01009645,Customer_9646,Oromia,Ordinary Saving Account,10077.49,2739,46326.188,0.999999921700265
CIF01009281,Customer_9282,Dire Dawa,Washera Saving Account,28583.4,1320,46325.863,0.9999999870811815
CIF01009142,Customer_9143,Oromia,Blatena Saving Account,3489.94,968,46321.934,0.9999999807216812
CIF01003228,Customer_3229,Oromia,Abew Saving Account,22918.25,1328,46302.176,0.9999999916272729
CIF01006978,Customer_6979,Benishangul-Gumuz,Equb Saving Account,36906.27,2381,46296.99,0.9999999478188512
CIF01002563,Customer_2564,Gambela,Blatena Saving Account,6543.6,4311,46295.82,0.9999999192689436
CIF01006320,Customer_6321,SNNPR,Hiruyan Saving Account,4277.95,3794,46293.54,0.9999999475128672
CIF01005149,Customer_5150,Oromia,Abew Saving Account,301.69,1340,46292.15,0.9999999556913632
CIF01001493,Customer_1494,Oromia,Ordinary Saving Account,15750.17,462,46290.91,0.9999993106825651
CIF01006888,Customer_6889,Addis Ababa,Agape Saving Account,17413.68,624,46288.4,0.9999993624610674
CIF01009190,Customer_9191,Benishangul-Gumuz,Ordinary Saving Account,11610.83,2367,46286.016,0.9999999844160787
CIF01009098,Customer_9099,Addis Ababa,Couples Saving Deposit,14291.83,2547,46282.617,0.9999999450322686
CIF01002159,Customer_2160,Amhara,Ordinary Saving Account,5458.33,565,46236.21,0.9999997651939944
CIF01003834,Customer_3835,SNNPR,Special Saving Account,27222.17,792,46221.754,0.9999999656018633
CIF01002853,Customer_2854,Oromia,Werazut Saving Account,17952.92,2267,46218.1,0.9999998473223826
CIF01008426,Customer_8427,Addis Ababa,Special Saving Account,48470.38,1005,46208.305,0.999999984609246
CIF01000719,Customer_720,Oromia,Agape Saving Account,12492.3,1014,46189.676,0.9999999653437045
CIF01001099,Customer_1100,Oromia,Equb Saving Account,6422.37,1909,46185.043,0.9999999722016436
CIF01002360,Customer_2361,Amhara,Special Saving Account,4838.39,4093,46173.76,0.9999999778793636
CIF01001207,Customer_1208,Addis Ababa,Ordinary Saving Account,33786.63,3431,46171.49,0.9999999641303687
CIF01004378,Customer_4379,Oromia,Ordinary Saving Account,8415.49,646,46170.133,0.9999997116521041
CIF01001167,Customer_1168,Amhara,Werazut Saving Account,16391.73,3184,46162.9,0.9999999640509565
CIF01009462,Customer_9463,SNNPR,Ahati Saving Account,16138.26,1871,46158.508,0.9999999253403018
CIF01004034,Customer_4035,Oromia,Ahati Saving Account,9685.17,2246,46150.492,0.9999999506620154
CIF01004062,Customer_4063,Oromia,Dekemezmur Saving Account,9069.09,607,46148.21,0.9999996513942347
CIF01005129,Customer_5130,Oromia,Ordinary Saving Account,51954.1,3116,46124.496,0.9999999940567912
CIF01000656,Customer_657,Amhara,Werazut Saving Account,27469.6,4815,46117.98,0.9999999876938009
CIF01004151,Customer_4152,SNNPR,Equb Saving Account,28297.15,399,46098.527,0.9999980443845292
CIF01007743,Customer_7744,SNNPR,Ordinary Saving Account,7929.17,2883,46096.555,0.9999998042247339
CIF01003212,Customer_3213,Addis Ababa,Ordinary Saving Account,466.66,2071,46061.387,0.9999999557156696
CIF01000585,Customer_586,Oromia,Ordinary Saving Account,16131.22,3536,46057.78,0.9999999188762144
CIF01005309,Customer_5310,SNNPR,Hiruyan Saving Account,39731.76,897,46055.727,0.9999999590242293
CIF01004622,Customer_4623,Oromia,Sitota Saving Deposit,3494.66,2242,46051.043,0.9999999396438787
CIF01005160,Customer_5161,Harari,Janderebaw Saving Account,18652.97,2940,46045.797,0.9999999596337218
CIF01007506,Customer_7507,Afar,Ordinary Saving Account,27194.27,1027,46041.773,0.9999997546273023
CIF01002125,Customer_2126,Amhara,Abew Saving Account,3915.09,1024,46040.574,0.9999999782119771
CIF01008298,Customer_8299,Addis Ababa,Ordinary Saving Account,12242.72,825,46032.438,0.9999999565242065
CIF01008870,Customer_8871,Addis Ababa,Agape Saving Account,17335.54,3121,46021.29,0.9999999901058724
CIF01006609,Customer_6610,Amhara,Werazut Saving Account,29013.41,629,46016.98,0.9999988290766543
CIF01003464,Customer_3465,Addis Ababa,Ahati Saving Account,10153.81,4630,46014.348,0.9999999008755293
CIF01002164,Customer_2165,Amhara,Ordinary Saving Account,36171.49,2554,46001.473,0.9999999959092354
CIF01004747,Customer_4748,Addis Ababa,Tirufat Savings Account,11450.83,4289,46001.168,0.9999999931687316
CIF01006956,Customer_6957,Oromia,Blatena Saving Account,9463.57,1965,45998.914,0.9999998275716384
CIF01001567,Customer_1568,Oromia,Ordinary Saving Account,9261.37,2072,45992.15,0.9999999616525291
CIF01007064,Customer_7065,Tigray,Ordinary Saving Account,20772.52,748,45985.945,0.9999982622502903
CIF01008039,Customer_8040,Addis Ababa,Janderebaw Saving Account,6703.91,3266,45983.777,0.9999999883930683
CIF01004896,Customer_4897,Afar,Special Saving Account,22001.55,1458,45974.664,0.9999999933622774
CIF01002918,Customer_2919,Addis Ababa,Ordinary Saving Account,4975.7,2496,45972.21,0.9999999754314167
CIF01008973,Customer_8974,Oromia,Abew Saving Account,25952.01,1891,45968.633,0.9999999936589423
CIF01000239,Customer_240,Oromia,Werazut Saving Account,184.51,2525,45962.875,0.9999999154778836
CIF01009888,Customer_9889,Addis Ababa,Special Saving Account,1158.26,2622,45958.055,0.9999999788448792
CIF01003806,Customer_3807,Oromia,Hiruyan Saving Account,410.54,1052,45954.7,0.9999999544676791
CIF01004777,Customer_4778,Oromia,Equb Saving Account,31357.7,3488,45952.227,0.9999999926679959
CIF01002021,Customer_2022,Oromia,Couples Saving Deposit,43941.78,1489,45917.715,0.9999999698286146
CIF01000022,Customer_23,Tigray,Ordinary Saving Account,11989.77,2518,45896.598,0.99999992886427
CIF01001511,Customer_1512,Oromia,Equb Saving Account,25963.18,4297,45885.098,0.9999999484809576
CIF01002323,Customer_2324,Addis Ababa,Werazut Saving Account,9366.51,2525,45876.99,0.9999999890498866
CIF01001322,Customer_1323,Addis Ababa,Ordinary Saving Account,10680.4,2957,45874.363,0.9999999860097875
CIF01009957,Customer_9958,Oromia,Abew Saving Account,25344.74,2649,45861.9,0.999999992991395
CIF01003804,Customer_3805,Benishangul-Gumuz,Ordinary Saving Account,25894.48,633,45861.496,0.9999972389787957
CIF01001166,Customer_1167,Afar,Prime Customer Deposit Account,25749.26,1874,45824.406,0.9999999922243105
CIF01005812,Customer_5813,Somali,Ordinary Saving Account,1170.78,3061,45823.418,0.9999998950156123
CIF01003918,Customer_3919,Amhara,Ordinary Saving Account,4013.81,1799,45822.75,0.9999999697390787
CIF01002400,Customer_2401,Addis Ababa,Ordinary Saving Account,6324.0,416,45808.867,0.9999998868822829
CIF01001756,Customer_1757,Oromia,Dekemezmur Saving Account,27104.49,804,45801.363,0.9999999052353413
CIF01002356,Customer_2357,Addis Ababa,Ordinary Saving Account,17042.18,1388,45787.58,0.9999999861398543
CIF01002200,Customer_2201,Oromia,Special Saving Account,29257.77,590,45778.215,0.9999891390386327
CIF01005194,Customer_5195,Dire Dawa,Prime Customer Deposit Account,23342.1,727,45750.543,0.9999992321697404
CIF01001293,Customer_1294,SNNPR,Ordinary Saving Account,19741.96,894,45748.516,0.9999998461651086
CIF01009363,Customer_9364,Oromia,Ordinary Saving Account,33601.86,4310,45736.99,0.9999999257557735
CIF01005675,Customer_5676,Dire Dawa,Washera Saving Account,1686.6,2540,45728.746,0.9999999285249055
CIF01000610,Customer_611,Harari,Werazut Saving Account,15347.25,1704,45701.96,0.99999975227317
CIF01000393,Customer_394,Tigray,Werazut Saving Account,17887.49,386,45701.25,0.9999951416312137
CIF01000304,Customer_305,Somali,Ordinary Saving Account,5407.54,1770,45695.11,0.9999998139550146
CIF01003333,Customer_3334,Sidama,Abew Saving Account,7576.07,1770,45675.87,0.9999997360106718
CIF01002463,Customer_2464,Sidama,Special Saving Account,6242.42,2002,45668.516,0.9999999084865644
CIF01006348,Customer_6349,Sidama,Ordinary Saving Account,16328.9,419,45641.617,0.999998104302776
CIF01002174,Customer_2175,Oromia,Dekemezmur Saving Account,4587.31,3455,45639.324,0.9999999502546237
CIF01005990,Customer_5991,Tigray,Ordinary Saving Account,30807.73,2262,45635.266,0.9999998796404388
CIF01003500,Customer_3501,Amhara,Agape Saving Account,856.85,1049,45631.637,0.9999999792002447
CIF01006179,Customer_6180,Amhara,Ahati Saving Account,38685.56,888,45630.223,0.9999999862532278
CIF01004967,Customer_4968,Addis Ababa,Special Saving Account,11717.42,4657,45622.984,0.9999999550735341
CIF01002220,Customer_2221,Harari,Ordinary Saving Account,21394.29,3210,45621.418,0.9999999911122165
CIF01004644,Customer_4645,Oromia,Special Saving Account,26327.44,3655,45610.574,0.9999999741286587
CIF01005068,Customer_5069,Amhara,Asrat Bekurat Saving Account,2235.8,2548,45609.676,0.9999999869382554
CIF01009438,Customer_9439,Oromia,Equb Saving Account,31478.04,1118,45607.156,0.9999999748564095
CIF01009357,Customer_9358,Amhara,Hiruyan Saving Account,5867.59,2360,45589.445,0.9999999855518416
CIF01003572,Customer_3573,Addis Ababa,Ordinary Saving Account,25772.18,996,45571.92,0.999999932720499
CIF01000767,Customer_768,Sidama,Special Saving Account,14617.21,4855,45559.83,0.9999999240069095
CIF01003443,Customer_3444,Harari,Sitota Saving Deposit,5107.9,1879,45547.418,0.9999999570849766
CIF01002976,Customer_2977,Sidama,Prime Customer Deposit Account,22914.71,1123,45534.156,0.9999998516657658
CIF01006973,Customer_6974,Amhara,Werazut Saving Account,24960.81,2990,45529.043,0.9999999174747466
CIF01002248,Customer_2249,Addis Ababa,Blatena Saving Account,20359.93,5073,45520.8,0.9999999932036348
CIF01001190,Customer_1191,Oromia,Ahati Saving Account,3943.87,2740,45512.965,0.9999999357340678
CIF01008620,Customer_8621,Addis Ababa,Ordinary Saving Account,2474.93,3509,45508.617,0.99999997679824
CIF01000623,Customer_624,Amhara,Asrat Bekurat Saving Account,929.19,3632,45503.164,0.9999999688733264
CIF01006307,Customer_6308,Amhara,Janderebaw Saving Account,5706.64,2553,45500.316,0.9999999508435196
CIF01002421,Customer_2422,Oromia,Blatena Saving Account,20205.66,2570,45491.51,0.9999999731320711
CIF01000769,Customer_770,Harari,Prime Customer Deposit Account,28809.7,1253,45490.152,0.9999997227806878
CIF01001769,Customer_1770,Addis Ababa,Blatena Saving Account,16550.44,3977,45481.953,0.9999999455241068
CIF01008226,Customer_8227,Benishangul-Gumuz,Werazut Saving Account,4097.83,1006,45481.84,0.9999999700624747
CIF01001180,Customer_1181,Amhara,Werazut Saving Account,23915.48,619,45480.965,0.9999972087941134
CIF01008630,Customer_8631,Amhara,Equb Saving Account,5640.05,1106,45476.188,0.9999999950158411
CIF01006333,Customer_6334,Addis Ababa,Janderebaw Saving Account,18228.31,904,45451.727,0.9999999720691061
CIF01003074,Customer_3075,Amhara,Ahati Saving Account,17180.07,666,45442.703,0.9999973290482435
CIF01002259,Customer_2260,SNNPR,Ahadu Bereket Saving Account,12365.99,2834,45439.965,0.9999999556512114
CIF01006297,Customer_6298,Addis Ababa,Special Saving Account,819.87,760,45437.945,0.9999997372290668
CIF01001605,Customer_1606,Addis Ababa,Special Saving Account,46661.82,771,45435.277,0.9999999656025577
CIF01003666,Customer_3667,SNNPR,Ordinary Saving Account,28366.43,742,45432.164,0.9999985220534667
CIF01000385,Customer_386,SNNPR,Hiruyan Saving Account,27350.83,2375,45403.68,0.9999999108323521
CIF01009893,Customer_9894,Amhara,Dekemezmur Saving Account,12712.45,3547,45367.41,0.9999999790794414
CIF01007742,Customer_7743,Addis Ababa,Agape Saving Account,2019.4,1256,45364.33,0.9999999642450468
CIF01004768,Customer_4769,Oromia,Dekemezmur Saving Account,31375.11,1016,45351.38,0.9999999851852444
CIF01002081,Customer_2082,Amhara,Janderebaw Saving Account,40040.35,2879,45338.22,0.9999999925030661
CIF01007927,Customer_7928,Amhara,Asrat Bekurat Saving Account,21816.05,1059,45334.414,0.9999999017175892
CIF01009415,Customer_9416,Addis Ababa,Dekemezmur Saving Account,42087.03,2918,45333.547,0.9999999900584583
CIF01006350,Customer_6351,Oromia,Blatena Saving Account,28781.91,1927,45314.266,0.9999999630155683
CIF01000158,Customer_159,Addis Ababa,Ahati Saving Account,18629.88,4357,45290.777,0.9999999733055316
CIF01001503,Customer_1504,Sidama,Special Saving Account,32715.92,1659,45288.992,0.9999999223866427
CIF01007502,Customer_7503,Amhara,Ordinary Saving Account,3928.45,627,45283.33,0.9999993077590494
CIF01008853,Customer_8854,Oromia,Ordinary Saving Account,3868.96,955,45278.41,0.999999990763771
CIF01009155,Customer_9156,SNNPR,Agape Saving Account,4743.18,3264,45266.8,0.9999999288553318
CIF01007463,Customer_7464,Amhara,Hiruyan Saving Account,31553.31,2395,45265.023,0.9999999884782257
CIF01007562,Customer_7563,Tigray,Werazut Saving Account,4826.99,2562,45264.57,0.999999912049133
CIF01005303,Customer_5304,Sidama,Hiruyan Saving Account,20464.14,3902,45241.152,0.9999999585742131
CIF01001988,Customer_1989,Tigray,Ahati Saving Account,48529.08,2681,45224.95,0.9999999645762369
CIF01005251,Customer_5252,Amhara,Dekemezmur Saving Account,716.95,2604,45195.992,0.9999999435443744
CIF01002733,Customer_2734,SNNPR,Ordinary Saving Account,16092.98,4170,45185.887,0.9999999356006736
CIF01005501,Customer_5502,Addis Ababa,Special Saving Account,46935.65,2270,45172.38,0.9999999070915995
CIF01001877,Customer_1878,SNNPR,Ordinary Saving Account,4746.25,492,45165.336,0.9999993174419919
CIF01001919,Customer_1920,Tigray,Ordinary Saving Account,21897.43,3091,45155.402,0.9999999858822937
CIF01006890,Customer_6891,SNNPR,Ordinary Saving Account,31503.38,1162,45128.805,0.9999999421211256
CIF01007294,Customer_7295,SNNPR,Abew Saving Account,22383.14,1454,45102.71,0.9999998253371946
CIF01004366,Customer_4367,Amhara,Abew Saving Account,18420.98,1179,45095.152,0.9999999208891344
CIF01005658,Customer_5659,Oromia,Janderebaw Saving Account,17826.92,1125,45084.72,0.9999999552555765
CIF01002603,Customer_2604,Amhara,Ordinary Saving Account,11046.03,1304,45062.605,0.9999999823919009
CIF01009054,Customer_9055,SNNPR,Special Saving Account,26294.2,2776,45051.86,0.9999999065399904
CIF01009296,Customer_9297,Addis Ababa,Werazut Saving Account,16245.79,3228,45050.51,0.9999999417895963
CIF01008582,Customer_8583,SNNPR,Ahati Saving Account,4999.27,638,45048.535,0.9999995721362506
CIF01000852,Customer_853,Addis Ababa,Special Saving Account,8295.39,3805,45047.11,0.9999998627603675
CIF01007837,Customer_7838,Addis Ababa,Blatena Saving Account,23956.3,1423,45041.926,0.9999999016066546
CIF01004144,Customer_4145,Amhara,Sitota Saving Deposit,5668.9,1869,45032.926,0.9999999962878501
CIF01000166,Customer_167,Addis Ababa,Ordinary Saving Account,32444.95,3249,45022.867,0.9999999891903505
CIF01000106,Customer_107,Addis Ababa,Ordinary Saving Account,32519.28,3920,45021.516,0.9999999799551016
CIF01009494,Customer_9495,Oromia,Couples Saving Deposit,1369.97,3220,45015.645,0.9999999697760793
CIF01001184,Customer_1185,Tigray,Ordinary Saving Account,17775.83,456,45013.676,0.9999973785016913
CIF01006825,Customer_6826,SNNPR,Ordinary Saving Account,11364.31,4197,45012.176,0.9999999148783961
CIF01008832,Customer_8833,Addis Ababa,Special Saving Account,35710.85,912,45011.168,0.9999999786564424
CIF01002175,Customer_2176,Somali,Ordinary Saving Account,17992.43,3229,45010.816,0.9999998502374654
CIF01001014,Customer_1015,Addis Ababa,Asrat Bekurat Saving Account,33789.55,1739,44984.84,0.9999997897634705
CIF01002833,Customer_2834,Harari,Ahati Saving Account,25372.42,490,44983.434,0.9999999573267411
CIF01001430,Customer_1431,Oromia,Asrat Bekurat Saving Account,16753.34,5463,44973.043,0.999999883473361
CIF01007212,Customer_7213,Addis Ababa,Blatena Saving Account,1104.61,2269,44972.445,0.999999978304783
CIF01008492,Customer_8493,Addis Ababa,Werazut Saving Account,33002.62,1971,44972.418,0.9999999601469656
CIF01002437,Customer_2438,Oromia,Ahati Saving Account,16624.86,1363,44968.2,0.9999999908702625
CIF01000439,Customer_440,Addis Ababa,Dekemezmur Saving Account,26609.43,709,44943.45,0.9999972876877999
CIF01009973,Customer_9974,Amhara,Sitota Saving Deposit,23289.88,1178,44939.176,0.9999999562337841
CIF01005774,Customer_5775,Amhara,Ahadu Bereket Saving Account,8719.52,484,44925.52,0.999999676157065
CIF01006994,Customer_6995,Addis Ababa,Agape Saving Account,37264.0,1240,44898.637,0.9999998398632307
CIF01000012,Customer_13,Somali,Asrat Bekurat Saving Account,10416.43,3970,44882.035,0.9999999243947743
CIF01008424,Customer_8425,Oromia,Blatena Saving Account,19860.07,369,44873.32,0.9999999140401604
CIF01005103,Customer_5104,Addis Ababa,Ordinary Saving Account,4427.78,977,44870.965,0.9999999804745942
CIF01007865,Customer_7866,Amhara,Blatena Saving Account,7669.95,2789,44861.15,0.9999999645421779
CIF01009746,Customer_9747,Oromia,Asrat Bekurat Saving Account,10399.72,4574,44855.676,0.9999999657046382
CIF01000586,Customer_587,Oromia,Janderebaw Saving Account,18380.41,2827,44809.918,0.9999999891714481
CIF01002186,Customer_2187,Somali,Ordinary Saving Account,2833.98,3786,44805.312,0.9999997190579547
CIF01006808,Customer_6809,Sidama,Ordinary Saving Account,733.52,1833,44783.793,0.9999998750017215
CIF01008324,Customer_8325,Oromia,Ordinary Saving Account,5159.29,2337,44782.633,0.9999999785465719
CIF01001395,Customer_1396,Amhara,Washera Saving Account,5544.55,3114,44770.63,0.9999999266898876
CIF01005867,Customer_5868,Tigray,Special Saving Account,10931.84,734,44768.445,0.9999976522272966
CIF01005488,Customer_5489,Amhara,Tirufat Savings Account,14237.0,4729,44761.086,0.9999999896921702
CIF01004490,Customer_4491,Amhara,Asrat Bekurat Saving Account,22585.82,3680,44753.555,0.999999985533738
CIF01008056,Customer_8057,Oromia,Ordinary Saving Account,16017.33,611,44749.22,0.9999998665663798
CIF01004974,Customer_4975,Oromia,Ordinary Saving Account,15506.81,461,44746.33,0.9999999688438136
CIF01006901,Customer_6902,Addis Ababa,Asrat Bekurat Saving Account,36569.5,2241,44735.48,0.9999999839161031
CIF01009852,Customer_9853,SNNPR,Washera Saving Account,19749.51,581,44723.957,0.9999973212912358
CIF01008139,Customer_8140,Addis Ababa,Sitota Saving Deposit,12016.8,3653,44717.098,0.9999999482027864
CIF01009864,Customer_9865,Oromia,Ordinary Saving Account,37396.88,878,44711.53,0.9999997306842908
CIF01004883,Customer_4884,Oromia,Tirufat Savings Account,1110.42,3058,44690.06,0.999999902073156
CIF01003586,Customer_3587,Afar,Ordinary Saving Account,3123.02,3605,44685.1,0.999999952079777
CIF01006789,Customer_6790,Oromia,Ordinary Saving Account,10773.66,2468,44682.97,0.9999999696274899
CIF01001346,Customer_1347,SNNPR,Prime Customer Deposit Account,1412.47,2229,44673.254,0.9999998681182928
CIF01001836,Customer_1837,Oromia,Ordinary Saving Account,34679.04,3024,44661.105,0.9999999939605306
CIF01005521,Customer_5522,Addis Ababa,Special Saving Account,8937.92,3130,44639.094,0.9999999869998664
CIF01006523,Customer_6524,Oromia,Sitota Saving Deposit,17132.76,2427,44634.082,0.9999999844163359
CIF01006495,Customer_6496,Addis Ababa,Ordinary Saving Account,25578.86,1614,44611.504,0.9999999743918928
CIF01006402,Customer_6403,Oromia,Dekemezmur Saving Account,12193.22,3715,44605.895,0.9999997948105995
CIF01003518,Customer_3519,Oromia,Ordinary Saving Account,42437.0,1261,44597.973,0.9999997933921454
CIF01000162,Customer_163,Amhara,Ahati Saving Account,2365.13,4000,44576.547,0.9999999908091463
CIF01009093,Customer_9094,Addis Ababa,Special Saving Account,3069.73,744,44554.445,0.9999997132072304
CIF01006925,Customer_6926,Tigray,Janderebaw Saving Account,11551.52,1036,44510.457,0.9999998561255024
CIF01006935,Customer_6936,Amhara,Asrat Bekurat Saving Account,9282.22,4416,44491.055,0.9999999511426694
CIF01001528,Customer_1529,Sidama,Ordinary Saving Account,1613.14,3501,44486.047,0.9999997190537168
CIF01000254,Customer_255,SNNPR,Blatena Saving Account,30415.49,1675,44480.12,0.9999999781213496
CIF01007027,Customer_7028,Addis Ababa,Ahadu Bereket Saving Account,22047.83,1251,44478.56,0.9999999748697075
CIF01000817,Customer_818,Amhara,Blatena Saving Account,5627.39,730,44465.36,0.9999998412208949
CIF01005338,Customer_5339,Amhara,Ahati Saving Account,2848.88,3132,44452.965,0.9999999789060472
CIF01008280,Customer_8281,SNNPR,Couples Saving Deposit,2992.12,4257,44448.008,0.9999999062396913
CIF01005512,Customer_5513,Amhara,Asrat Bekurat Saving Account,10083.27,5265,44439.98,0.9999999820537363
CIF01004401,Customer_4402,Sidama,Tirufat Savings Account,29761.73,1444,44401.02,0.9999999327400476
CIF01001265,Customer_1266,Tigray,Ordinary Saving Account,27050.57,943,44390.09,0.9999998349726246
CIF01000380,Customer_381,Amhara,Ordinary Saving Account,27958.91,2851,44364.297,0.999999997998567
CIF01009603,Customer_9604,Addis Ababa,Hiruyan Saving Account,3170.96,643,44354.07,0.9999996807756251
CIF01004004,Customer_4005,Addis Ababa,Hiruyan Saving Account,4081.09,646,44352.95,0.9999998823408759
CIF01004530,Customer_4531,Gambela,Werazut Saving Account,28150.54,2923,44350.344,0.999999978390584
CIF01001126,Customer_1127,Amhara,Special Saving Account,3109.36,1658,44339.74,0.9999999753226504
CIF01001359,Customer_1360,Addis Ababa,Ahadu Bereket Saving Account,15844.57,1319,44312.777,0.9999999363038204
CIF01005392,Customer_5393,Amhara,Dekemezmur Saving Account,5869.45,1113,44306.883,0.9999999806980305
CIF01006664,Customer_6665,Afar,Special Saving Account,3129.5,413,44305.04,0.9999998430980128
CIF01005268,Customer_5269,Addis Ababa,Abew Saving Account,12358.35,795,44302.055,0.9999999805737328
CIF01007068,Customer_7069,Tigray,Special Saving Account,3224.83,2336,44277.766,0.9999997777979054
CIF01007229,Customer_7230,Addis Ababa,Hiruyan Saving Account,4366.01,3801,44268.836,0.9999999917566101
CIF01006451,Customer_6452,Addis Ababa,Dekemezmur Saving Account,33965.7,844,44262.87,0.9999998123578658
CIF01005062,Customer_5063,Amhara,Equb Saving Account,3122.54,702,44260.727,0.9999998205372547
CIF01001396,Customer_1397,Oromia,Washera Saving Account,24041.0,1665,44249.508,0.9999999854763384
CIF01008439,Customer_8440,Addis Ababa,Sitota Saving Deposit,5402.51,3762,44241.477,0.9999999820731057
CIF01001173,Customer_1174,SNNPR,Dekemezmur Saving Account,10157.35,1457,44233.03,0.9999998191047809
CIF01007319,Customer_7320,Oromia,Agape Saving Account,18987.04,485,44229.84,0.9999964209437574
CIF01004367,Customer_4368,Addis Ababa,Abew Saving Account,27752.09,489,44226.508,0.9999997163971563
CIF01002857,Customer_2858,Afar,Special Saving Account,12936.41,2155,44213.754,0.9999999731735583
CIF01003916,Customer_3917,Addis Ababa,Ordinary Saving Account,9935.32,3789,44206.59,0.9999999662311403
CIF01001407,Customer_1408,Oromia,Sitota Saving Deposit,13488.12,3274,44196.566,0.9999998181942746
CIF01006259,Customer_6260,Addis Ababa,Werazut Saving Account,1313.42,557,44193.27,0.99999956905418
CIF01005307,Customer_5308,Addis Ababa,Janderebaw Saving Account,1232.53,566,44184.645,0.9999999541182892
CIF01005722,Customer_5723,Amhara,Sitota Saving Deposit,1501.01,579,44181.03,0.9999998625099613
CIF01002900,Customer_2901,Amhara,Equb Saving Account,23533.61,2045,44179.082,0.9999998887238917
CIF01007687,Customer_7688,Addis Ababa,Tirufat Savings Account,1149.52,1283,44163.586,0.9999999549792316
CIF01002438,Customer_2439,Harari,Special Saving Account,578.87,1401,44160.48,0.9999999736595582
CIF01000563,Customer_564,Sidama,Equb Saving Account,22365.45,1013,44158.863,0.9999998612056431
CIF01005228,Customer_5229,Amhara,Blatena Saving Account,22583.81,724,44158.375,0.999998525860215
CIF01002604,Customer_2605,Addis Ababa,Ordinary Saving Account,25022.67,4075,44158.11,0.9999999403160433
CIF01004055,Customer_4056,Dire Dawa,Dekemezmur Saving Account,15195.55,935,44150.51,0.9999999593211227
CIF01001016,Customer_1017,Dire Dawa,Ordinary Saving Account,10116.01,368,44149.742,0.9997347577275231
CIF01001663,Customer_1664,Tigray,Ahati Saving Account,1358.68,723,44148.72,0.9999994444242202
CIF01001650,Customer_1651,Amhara,Ordinary Saving Account,33301.18,2755,44142.824,0.9999999477693277
CIF01002790,Customer_2791,Oromia,Couples Saving Deposit,14714.13,2339,44131.19,0.9999998854760042
CIF01009688,Customer_9689,Oromia,Werazut Saving Account,23535.98,625,44129.184,0.999988982356528
CIF01005139,Customer_5140,SNNPR,Abew Saving Account,30321.7,2039,44125.805,0.9999999509327759
CIF01001892,Customer_1893,Oromia,Ordinary Saving Account,17401.14,897,44121.99,0.9999999222281042
CIF01007752,Customer_7753,Addis Ababa,Ordinary Saving Account,11038.32,2928,44112.805,0.9999999796723851
CIF01004396,Customer_4397,Addis Ababa,Ordinary Saving Account,27014.97,2778,44099.727,0.9999999581252903
CIF01007595,Customer_7596,Addis Ababa,Special Saving Account,20690.52,4384,44093.53,0.9999999524056218
CIF01004649,Customer_4650,Amhara,Special Saving Account,9951.88,517,44088.44,0.9999999164221264
CIF01000885,Customer_886,Amhara,Dekemezmur Saving Account,23715.07,1597,44086.676,0.9999999804937315
CIF01009909,Customer_9910,Tigray,Prime Customer Deposit Account,12861.69,4742,44073.656,0.9999998166502163
CIF01000559,Customer_560,Addis Ababa,Ordinary Saving Account,2043.26,593,44071.24,0.9999999587676721
CIF01006637,Customer_6638,Addis Ababa,Blatena Saving Account,9655.95,1732,44064.254,0.9999999742237622
CIF01005536,Customer_5537,Oromia,Agape Saving Account,4981.83,3811,44057.066,0.9999999887078549
CIF01006503,Customer_6504,Amhara,Werazut Saving Account,20114.53,1606,44056.035,0.9999998426902558
CIF01007729,Customer_7730,Addis Ababa,Blatena Saving Account,11912.73,3947,44051.266,0.9999999923661288
CIF01004560,Customer_4561,Amhara,Blatena Saving Account,9111.56,4230,44038.152,0.9999999397279181
CIF01005390,Customer_5391,Addis Ababa,Ordinary Saving Account,23520.11,1390,44034.812,0.9999999324113854
CIF01005544,Customer_5545,Oromia,Special Saving Account,17123.82,4503,44027.746,0.9999999928065977
CIF01000678,Customer_679,Oromia,Tirufat Savings Account,6238.52,2249,44023.7,0.9999999552305667
CIF01006445,Customer_6446,Addis Ababa,Ordinary Saving Account,10844.3,767,44023.38,0.999999938558163
CIF01003689,Customer_3690,Amhara,Werazut Saving Account,16752.3,3958,44015.547,0.999999993972517
CIF01001666,Customer_1667,Addis Ababa,Ordinary Saving Account,3891.19,467,44006.99,0.9999998160510232
CIF01005756,Customer_5757,Oromia,Werazut Saving Account,5200.5,1699,44006.64,0.9999999529446546
CIF01004319,Customer_4320,Oromia,Equb Saving Account,20997.32,429,44002.445,0.9999993129052895
CIF01004874,Customer_4875,Amhara,Hiruyan Saving Account,8352.68,3658,43982.27,0.9999999582425707
CIF01005820,Customer_5821,Afar,Werazut Saving Account,4148.45,3963,43982.176,0.9999999899695659
CIF01001847,Customer_1848,Sidama,Prime Customer Deposit Account,2998.66,2151,43974.19,0.9999999308023352
CIF01003435,Customer_3436,Oromia,Ordinary Saving Account,26676.58,2325,43963.254,0.9999999909657805
CIF01003767,Customer_3768,Oromia,Dekemezmur Saving Account,10342.6,1339,43950.508,0.9999999763346851
CIF01003815,Customer_3816,Oromia,Couples Saving Deposit,35213.37,1866,43944.83,0.9999999796470891
CIF01001225,Customer_1226,Harari,Ordinary Saving Account,8428.53,3971,43923.688,0.9999999823567699
CIF01000405,Customer_406,SNNPR,Ordinary Saving Account,3037.95,421,43915.504,0.9999985070667348
CIF01008164,Customer_8165,Amhara,Abew Saving Account,12770.86,366,43907.1,0.9996859620121787
CIF01001481,Customer_1482,SNNPR,Werazut Saving Account,10177.81,4174,43881.484,0.9999998885278851
CIF01000064,Customer_65,Dire Dawa,Blatena Saving Account,669.33,4390,43846.58,0.9999999893942281
CIF01009052,Customer_9053,SNNPR,Ahadu Bereket Saving Account,7001.47,2631,43841.41,0.9999998764546926
CIF01002389,Customer_2390,Amhara,Ordinary Saving Account,9775.77,1079,43838.906,0.9999999840392808
CIF01005084,Customer_5085,Addis Ababa,Ordinary Saving Account,14219.36,622,43827.332,0.9999999287157666
CIF01008031,Customer_8032,Amhara,Blatena Saving Account,16394.26,570,43826.125,0.9999997814553623
CIF01004727,Customer_4728,Addis Ababa,Ordinary Saving Account,11720.62,1058,43819.883,0.999999991471023
CIF01004157,Customer_4158,Amhara,Dekemezmur Saving Account,9930.28,1712,43817.1,0.9999999869665264
CIF01005907,Customer_5908,Addis Ababa,Ordinary Saving Account,2632.9,679,43801.977,0.9999998248226691
CIF01006941,Customer_6942,SNNPR,Dekemezmur Saving Account,16179.35,597,43795.0,0.9999982641185666
CIF01008868,Customer_8869,Sidama,Ordinary Saving Account,30487.54,919,43784.17,0.9999999299845781
CIF01003862,Customer_3863,Amhara,Werazut Saving Account,17379.57,1634,43779.727,0.999999993427934
CIF01001716,Customer_1717,Afar,Equb Saving Account,17246.49,3614,43774.13,0.9999999235908424
CIF01006096,Customer_6097,Harari,Ordinary Saving Account,23769.22,521,43770.99,0.9999986001547301
CIF01000957,Customer_958,Oromia,Ordinary Saving Account,5754.78,4009,43770.258,0.9999999738977623
CIF01000716,Customer_717,SNNPR,Couples Saving Deposit,895.36,1444,43770.0,0.9999998740138517
CIF01003318,Customer_3319,Amhara,Ordinary Saving Account,3256.02,855,43767.152,0.9999999941471944
CIF01005708,Customer_5709,Addis Ababa,Ahati Saving Account,3353.17,1656,43761.992,0.9999999776804169
CIF01004514,Customer_4515,Amhara,Special Saving Account,25551.17,380,43757.812,0.9999998202439874
CIF01009970,Customer_9971,Addis Ababa,Ordinary Saving Account,33501.97,4502,43755.113,0.9999999592035463
CIF01008911,Customer_8912,SNNPR,Blatena Saving Account,16667.61,429,43723.023,0.9999985744065962
CIF01001331,Customer_1332,Oromia,Dekemezmur Saving Account,14627.66,961,43720.492,0.9999999216283127
CIF01004414,Customer_4415,Addis Ababa,Abew Saving Account,5601.2,1307,43706.06,0.9999999079882433
CIF01001950,Customer_1951,SNNPR,Tirufat Savings Account,17976.36,1531,43705.797,0.999999923464331
CIF01005669,Customer_5670,Addis Ababa,Ordinary Saving Account,15023.71,1234,43687.383,0.9999999977332554
CIF01009939,Customer_9940,Dire Dawa,Ordinary Saving Account,7190.08,3627,43680.426,0.99999998345857
CIF01004743,Customer_4744,Oromia,Ordinary Saving Account,29766.38,3326,43680.137,0.999999977629476
CIF01007044,Customer_7045,Amhara,Blatena Saving Account,20858.01,4610,43663.777,0.9999999667179158
CIF01008961,Customer_8962,Dire Dawa,Ahati Saving Account,22230.3,1783,43658.8,0.9999999863581845
CIF01005767,Customer_5768,Addis Ababa,Ordinary Saving Account,6060.92,750,43642.78,0.999999951030407
CIF01007034,Customer_7035,Addis Ababa,Ordinary Saving Account,14542.02,2594,43635.453,0.9999999972287879
CIF01009958,Customer_9959,Amhara,Dekemezmur Saving Account,14974.54,1201,43618.215,0.9999998978202915
CIF01008655,Customer_8656,Tigray,Prime Customer Deposit Account,2004.16,822,43612.707,0.999999554690862
CIF01003705,Customer_3706,Sidama,Ahati Saving Account,1233.5,3168,43591.566,0.9999999856746833
CIF01005843,Customer_5844,Addis Ababa,Agape Saving Account,12969.97,2470,43590.293,0.9999999939129642
CIF01005161,Customer_5162,Addis Ababa,Special Saving Account,19945.71,4548,43579.29,0.9999999871122432
CIF01008037,Customer_8038,Amhara,Werazut Saving Account,2104.72,3606,43572.85,0.999999966792682
CIF01003865,Customer_3866,Addis Ababa,Prime Customer Deposit Account,20654.86,2328,43568.344,0.9999999252928466
CIF01007287,Customer_7288,Sidama,Ordinary Saving Account,23990.77,1450,43568.188,0.9999998255755749
CIF01006564,Customer_6565,SNNPR,Special Saving Account,27647.51,885,43568.105,0.9999998746098815
CIF01008052,Customer_8053,Amhara,Couples Saving Deposit,18590.24,3339,43560.582,0.9999999891225294
CIF01007756,Customer_7757,Sidama,Ordinary Saving Account,11057.83,4159,43530.992,0.9999999157328816
CIF01007462,Customer_7463,Oromia,Dekemezmur Saving Account,6907.13,2139,43525.184,0.9999999734141258
CIF01007602,Customer_7603,Amhara,Special Saving Account,19242.01,4963,43505.117,0.9999999333939513
CIF01005807,Customer_5808,Amhara,Ordinary Saving Account,1698.18,3325,43498.28,0.9999999766885296
CIF01006193,Customer_6194,Amhara,Ordinary Saving Account,13123.74,4655,43487.97,0.9999999759710151
CIF01000360,Customer_361,Dire Dawa,Blatena Saving Account,9267.88,2869,43477.504,0.9999999410773049
CIF01008581,Customer_8582,Addis Ababa,Special Saving Account,4121.44,2574,43474.215,0.9999999719036293
CIF01001813,Customer_1814,Tigray,Tirufat Savings Account,20840.81,735,43473.55,0.9999972749298642
CIF01004251,Customer_4252,Amhara,Ordinary Saving Account,2075.81,806,43468.64,0.9999999875666222
CIF01008375,Customer_8376,Sidama,Special Saving Account,813.42,2220,43444.86,0.9999999080465196
CIF01006589,Customer_6590,Dire Dawa,Ordinary Saving Account,8386.6,732,43436.05,0.9999997268233947
CIF01003523,Customer_3524,Oromia,Ordinary Saving Account,743.06,372,43432.992,0.9999999722164589
CIF01008825,Customer_8826,Addis Ababa,Dekemezmur Saving Account,25194.21,3338,43432.145,0.9999999862249243
CIF01008504,Customer_8505,Harari,Abew Saving Account,9446.09,2801,43391.027,0.9999999443064327
CIF01001785,Customer_1786,Addis Ababa,Ordinary Saving Account,3357.7,2975,43387.277,0.9999999793203906
CIF01005197,Customer_5198,SNNPR,Ordinary Saving Account,16762.46,2680,43379.535,0.9999999208633115
CIF01006814,Customer_6815,Oromia,Ordinary Saving Account,9159.69,2208,43373.29,0.9999997290619532
CIF01004822,Customer_4823,Somali,Ordinary Saving Account,4379.82,2512,43363.09,0.9999997903180335
CIF01001352,Customer_1353,Addis Ababa,Dekemezmur Saving Account,2888.99,2702,43342.258,0.9999999857863546
CIF01009527,Customer_9528,Harari,Couples Saving Deposit,5059.34,4181,43337.355,0.9999999872364437
CIF01007760,Customer_7761,Amhara,Blatena Saving Account,5682.58,2177,43323.1,0.9999999918140193
CIF01000199,Customer_200,Dire Dawa,Hiruyan Saving Account,3957.83,2552,43316.113,0.999999979313853
CIF01002300,Customer_2301,Amhara,Ordinary Saving Account,1931.67,2519,43315.99,0.9999999863844378
CIF01004344,Customer_4345,Oromia,Dekemezmur Saving Account,4708.46,1395,43314.492,0.999999977421474
CIF01000910,Customer_911,Oromia,Werazut Saving Account,14360.56,545,43313.535,0.9999983794151082
CIF01009374,Customer_9375,Addis Ababa,Dekemezmur Saving Account,15289.4,3307,43302.12,0.999999835091388
CIF01004119,Customer_4120,Amhara,Ahadu Bereket Saving Account,979.36,378,43293.91,0.9999999512676016
CIF01002510,Customer_2511,Addis Ababa,Blatena Saving Account,1169.14,3043,43291.8,0.9999999818248805
CIF01009948,Customer_9949,Dire Dawa,Special Saving Account,14102.69,2204,43291.38,0.9999999734820308
CIF01008074,Customer_8075,Tigray,Blatena Saving Account,2018.73,2224,43262.574,0.9999998860542813
CIF01009667,Customer_9668,Tigray,Tirufat Savings Account,18047.26,4563,43249.668,0.999999920434055
CIF01000954,Customer_955,Amhara,Werazut Saving Account,13760.69,595,43239.484,0.9999979260207479
CIF01007023,Customer_7024,SNNPR,Tirufat Savings Account,3145.38,2735,43232.543,0.999999881490721
CIF01000988,Customer_989,Addis Ababa,Ordinary Saving Account,33685.86,2550,43230.95,0.9999999910320386
CIF01002408,Customer_2409,Amhara,Ahadu Bereket Saving Account,1572.78,2590,43221.844,0.9999999829814522
CIF01008645,Customer_8646,Addis Ababa,Blatena Saving Account,22490.45,2993,43216.598,0.9999999398641409
CIF01002886,Customer_2887,Benishangul-Gumuz,Werazut Saving Account,13273.35,3325,43206.73,0.9999999921569956
CIF01002975,Customer_2976,Sidama,Ordinary Saving Account,2418.8,1041,43199.1,0.9999998991608103
CIF01006331,Customer_6332,Addis Ababa,Ordinary Saving Account,282.1,4028,43185.574,0.9999999745980985
CIF01006868,Customer_6869,Sidama,Abew Saving Account,3820.5,1139,43168.94,0.9999997583134448
CIF01006107,Customer_6108,SNNPR,Blatena Saving Account,3293.83,3566,43151.004,0.999999803814069
CIF01007039,Customer_7040,Addis Ababa,Agape Saving Account,3763.47,3314,43134.355,0.9999999811643855
CIF01009722,Customer_9723,Tigray,Ordinary Saving Account,5218.77,4660,43133.832,0.9999998293070231
CIF01006639,Customer_6640,Amhara,Werazut Saving Account,3012.32,658,43132.72,0.999999927826246
CIF01005252,Customer_5253,Amhara,Special Saving Account,2149.62,1807,43130.63,0.9999999879754392
CIF01008344,Customer_8345,SNNPR,Janderebaw Saving Account,28406.68,1757,43128.316,0.9999999632718233
CIF01009895,Customer_9896,Sidama,Dekemezmur Saving Account,10453.64,4055,43116.43,0.9999998855709551
CIF01009078,Customer_9079,Addis Ababa,Ahati Saving Account,6707.14,3366,43115.25,0.9999999742479471
CIF01002831,Customer_2832,Addis Ababa,Ordinary Saving Account,11244.67,1204,43095.31,0.999999990626446
CIF01003030,Customer_3031,Amhara,Ordinary Saving Account,28753.22,631,43082.42,0.9999994590557768
CIF01005289,Customer_5290,SNNPR,Ahati Saving Account,3608.63,2843,43079.16,0.9999998402155681
CIF01007829,Customer_7830,Addis Ababa,Tirufat Savings Account,21336.09,5274,43064.445,0.9999999359254274
CIF01007290,Customer_7291,Tigray,Ordinary Saving Account,49588.36,3118,43024.016,0.9999999896332022
CIF01000351,Customer_352,Oromia,Ordinary Saving Account,2677.86,973,42974.004,0.9999999790158918
CIF01002842,Customer_2843,Addis Ababa,Dekemezmur Saving Account,7118.35,2880,42970.06,0.9999999844505909
CIF01004546,Customer_4547,Somali,Ordinary Saving Account,14038.28,674,42967.984,0.9999989647450775
CIF01003113,Customer_3114,Afar,Special Saving Account,8470.01,428,42967.246,0.9999993428977335
CIF01008073,Customer_8074,Addis Ababa,Ordinary Saving Account,11354.14,453,42963.707,0.999999861651677
CIF01006836,Customer_6837,Oromia,Dekemezmur Saving Account,952.86,557,42953.273,0.9999998781692134
CIF01003225,Customer_3226,Afar,Abew Saving Account,16728.27,933,42952.684,0.9999999259793301
CIF01002301,Customer_2302,Oromia,Ahadu Bereket Saving Account,2874.31,705,42937.67,0.9999998008347682
CIF01007031,Customer_7032,SNNPR,Dekemezmur Saving Account,35752.32,483,42934.04,0.9999960973682597
CIF01001600,Customer_1601,Addis Ababa,Ordinary Saving Account,31632.09,632,42931.637,0.9999999201437756
CIF01006586,Customer_6587,Amhara,Abew Saving Account,15807.68,3236,42925.4,0.9999999824385309
CIF01006296,Customer_6297,Oromia,Ordinary Saving Account,3883.35,2806,42908.78,0.9999999585391793
CIF01001760,Customer_1761,SNNPR,Prime Customer Deposit Account,3115.45,908,42899.906,0.9999998242197281
CIF01005131,Customer_5132,Sidama,Ordinary Saving Account,2142.17,917,42893.742,0.9999997502577691
CIF01008342,Customer_8343,Amhara,Special Saving Account,5086.02,4360,42888.855,0.9999999931240215
CIF01008289,Customer_8290,Amhara,Hiruyan Saving Account,15768.02,4954,42881.508,0.999999936285127
CIF01003370,Customer_3371,Oromia,Janderebaw Saving Account,31375.05,1226,42879.535,0.9999999864859002
CIF01001990,Customer_1991,Oromia,Werazut Saving Account,5960.05,2048,42864.59,0.9999999183279045
CIF01007893,Customer_7894,Addis Ababa,Ordinary Saving Account,35739.35,1298,42840.86,0.9999999921953681
CIF01007839,Customer_7840,Addis Ababa,Werazut Saving Account,25520.52,935,42835.203,0.9999995686432845
CIF01006030,Customer_6031,Oromia,Prime Customer Deposit Account,4833.72,3924,42830.367,0.9999999537751437
CIF01002545,Customer_2546,Amhara,Blatena Saving Account,23950.6,3234,42804.902,0.9999999868679608
CIF01006895,Customer_6896,Amhara,Ahadu Bereket Saving Account,2395.64,807,42796.867,0.9999999701700628
CIF01009809,Customer_9810,Amhara,Ordinary Saving Account,3036.78,1818,42790.727,0.9999999903871518
CIF01001740,Customer_1741,Addis Ababa,Werazut Saving Account,6564.55,1470,42789.523,0.9999999753873438
CIF01008549,Customer_8550,Oromia,Agape Saving Account,6993.56,2096,42785.836,0.9999999926737175
CIF01002807,Customer_2808,Sidama,Ordinary Saving Account,2505.39,2061,42774.957,0.9999998224096698
CIF01008193,Customer_8194,Harari,Agape Saving Account,4587.93,3879,42770.473,0.9999999100877272
CIF01007583,Customer_7584,Tigray,Ordinary Saving Account,2405.39,1915,42769.055,0.9999998742723766
CIF01005518,Customer_5519,Oromia,Ordinary Saving Account,15690.58,1189,42748.637,0.9999999956829386
CIF01000213,Customer_214,SNNPR,Ahati Saving Account,5074.06,2283,42726.758,0.9999999405433337
CIF01003280,Customer_3281,Sidama,Abew Saving Account,20979.8,4548,42722.195,0.999999945861819
CIF01006334,Customer_6335,Oromia,Special Saving Account,26284.53,3312,42721.51,0.9999999783095779
CIF01007639,Customer_7640,Amhara,Ordinary Saving Account,12234.15,1820,42692.004,0.9999999439428735
CIF01004442,Customer_4443,SNNPR,Werazut Saving Account,189.05,3423,42691.992,0.9999998688370656
CIF01007021,Customer_7022,Amhara,Ordinary Saving Account,29491.06,895,42690.82,0.9999999856370116
CIF01000348,Customer_349,Addis Ababa,Werazut Saving Account,356.79,1406,42681.727,0.9999999743629402
CIF01007785,Customer_7786,Addis Ababa,Tirufat Savings Account,8888.59,2464,42681.4,0.9999999177026372
CIF01009395,Customer_9396,Addis Ababa,Ordinary Saving Account,16328.97,745,42674.63,0.9999992858903554
CIF01006425,Customer_6426,Amhara,Equb Saving Account,5440.93,4581,42654.895,0.9999999938195339
CIF01000856,Customer_857,Sidama,Blatena Saving Account,2332.64,1714,42648.918,0.9999997163080961
CIF01005186,Customer_5187,Amhara,Tirufat Savings Account,618.33,2351,42643.094,0.9999999399311105
CIF01007370,Customer_7371,Tigray,Ordinary Saving Account,9143.23,3978,42639.41,0.9999999481858373
CIF01003349,Customer_3350,SNNPR,Ordinary Saving Account,2631.56,3092,42634.453,0.9999998688112074
CIF01002010,Customer_2011,Amhara,Abew Saving Account,1987.23,2310,42614.117,0.9999999684251425
CIF01005941,Customer_5942,Oromia,Ordinary Saving Account,8799.4,1641,42607.22,0.999999901514404
CIF01006209,Customer_6210,Tigray,Ahadu Bereket Saving Account,8247.83,406,42596.645,0.9999993630879913
CIF01006568,Customer_6569,Sidama,Ordinary Saving Account,294.35,715,42595.543,0.9999989579644524
CIF01008635,Customer_8636,Addis Ababa,Werazut Saving Account,226.78,426,42594.758,0.9999998008812158
CIF01005140,Customer_5141,Oromia,Ordinary Saving Account,9687.3,2821,42591.406,0.9999996987223738
CIF01005126,Customer_5127,Amhara,Ordinary Saving Account,32264.34,2543,42581.91,0.9999999673050615
CIF01001552,Customer_1553,SNNPR,Special Saving Account,5793.8,2134,42581.44,0.9999998854451202
CIF01008949,Customer_8950,Oromia,Dekemezmur Saving Account,5798.73,1773,42579.836,0.9999999529918
CIF01005387,Customer_5388,Addis Ababa,Tirufat Savings Account,10219.8,2902,42565.777,0.9999999873497619
CIF01006286,Customer_6287,SNNPR,Tirufat Savings Account,20447.66,1207,42551.28,0.999999801783561
CIF01006253,Customer_6254,Oromia,Ahati Saving Account,4849.58,416,42541.227,0.9999999790087519
CIF01006476,Customer_6477,SNNPR,Ordinary Saving Account,7621.99,3340,42529.54,0.9999999158585613
CIF01009000,Customer_9001,Oromia,Dekemezmur Saving Account,13793.32,4711,42528.855,0.9999999934929822
CIF01003009,Customer_3010,SNNPR,Ahati Saving Account,1680.33,792,42528.227,0.9999999224595213
CIF01002337,Customer_2338,Addis Ababa,Ordinary Saving Account,7741.56,1458,42489.05,0.9999999818861808
CIF01002607,Customer_2608,SNNPR,Agape Saving Account,7303.52,4123,42484.73,0.9999999311575346
CIF01001252,Customer_1253,Dire Dawa,Ordinary Saving Account,6549.01,2658,42482.234,0.9999999435247725
CIF01001155,Customer_1156,Addis Ababa,Sitota Saving Deposit,15282.0,1804,42476.523,0.9999999861280386
CIF01002472,Customer_2473,Tigray,Ordinary Saving Account,1614.72,1574,42465.16,0.9999996270283363
CIF01003296,Customer_3297,Addis Ababa,Sitota Saving Deposit,17335.1,376,42452.695,0.9999772397028028
CIF01008430,Customer_8431,Addis Ababa,Prime Customer Deposit Account,3118.45,377,42452.363,0.9999998893624167
CIF01004461,Customer_4462,Tigray,Agape Saving Account,4683.8,2996,42440.543,0.9999998276955476
CIF01008592,Customer_8593,Addis Ababa,Prime Customer Deposit Account,1485.85,950,42439.836,0.9999999842174434
CIF01002962,Customer_2963,Addis Ababa,Ordinary Saving Account,25588.07,1663,42420.734,0.999999933134369
CIF01000734,Customer_735,Amhara,Blatena Saving Account,14651.63,5162,42414.69,0.999999945614857
CIF01007831,Customer_7832,Addis Ababa,Ahati Saving Account,25385.83,2703,42413.848,0.9999999940150319
CIF01003306,Customer_3307,Addis Ababa,Hiruyan Saving Account,3332.93,1674,42407.17,0.999999988453253
CIF01006454,Customer_6455,Harari,Werazut Saving Account,27331.02,2808,42406.81,0.9999999871835098
CIF01005996,Customer_5997,Addis Ababa,Blatena Saving Account,22734.27,2531,42406.637,0.9999999909242697
CIF01000250,Customer_251,Benishangul-Gumuz,Hiruyan Saving Account,18989.45,4527,42390.594,0.9999999919076116
CIF01002299,Customer_2300,Harari,Washera Saving Account,8986.67,1410,42383.29,0.9999999941575599
CIF01004986,Customer_4987,Addis Ababa,Abew Saving Account,2252.31,2179,42380.547,0.9999999751840876
CIF01007575,Customer_7576,Sidama,Werazut Saving Account,6499.62,4441,42369.04,0.9999999146425866
CIF01007572,Customer_7573,SNNPR,Ahati Saving Account,3221.26,2314,42368.332,0.9999999318004369
CIF01007328,Customer_7329,Addis Ababa,Janderebaw Saving Account,20613.76,4781,42357.195,0.9999999634296357
CIF01002059,Customer_2060,Amhara,Ordinary Saving Account,336.24,1142,42346.445,0.9999999879873501
CIF01000417,Customer_418,Addis Ababa,Agape Saving Account,859.79,775,42342.867,0.9999999873855127
CIF01005937,Customer_5938,Addis Ababa,Ahadu Bereket Saving Account,7471.95,1678,42335.605,0.9999999811530581
CIF01005199,Customer_5200,Addis Ababa,Ahadu Bereket Saving Account,1083.98,2311,42334.363,0.9999999594089847
CIF01002252,Customer_2253,Amhara,Ordinary Saving Account,6087.12,436,42327.098,0.9999997572582883
CIF01004602,Customer_4603,Sidama,Ordinary Saving Account,6890.17,1625,42326.01,0.9999999439449447
CIF01002980,Customer_2981,Oromia,Equb Saving Account,22335.06,1407,42325.957,0.9999999732762668
CIF01000485,Customer_486,Tigray,Ahadu Bereket Saving Account,8504.59,4300,42315.88,0.9999999407291633
CIF01004505,Customer_4506,Addis Ababa,Ordinary Saving Account,16745.3,366,42315.36,0.9996429495697883
CIF01002275,Customer_2276,Addis Ababa,Equb Saving Account,12473.81,2887,42309.734,0.9999999556134325
CIF01009276,Customer_9277,Oromia,Special Saving Account,536.31,2306,42291.98,0.999999895050436
CIF01006538,Customer_6539,Addis Ababa,Ordinary Saving Account,16563.6,5278,42284.023,0.9999999512252112
CIF01007399,Customer_7400,Addis Ababa,Ordinary Saving Account,3417.79,1647,42278.82,0.9999999837857418
CIF01007722,Customer_7723,Somali,Asrat Bekurat Saving Account,17182.57,4472,42274.727,0.9999999648042391
CIF01009263,Customer_9264,Sidama,Ordinary Saving Account,10050.27,1351,42271.656,0.999999915310596
CIF01009134,Customer_9135,Tigray,Equb Saving Account,16648.14,2304,42267.89,0.999999750493702
CIF01008019,Customer_8020,Somali,Special Saving Account,25282.2,663,42266.0,0.9999811525769966
CIF01006385,Customer_6386,Addis Ababa,Blatena Saving Account,6251.36,2536,42256.3,0.999999988164236
CIF01005273,Customer_5274,Oromia,Hiruyan Saving Account,461.58,378,42251.934,0.9999999629455074
CIF01002281,Customer_2282,Amhara,Ordinary Saving Account,5126.45,2516,42244.992,0.9999999855658199
CIF01000040,Customer_41,Oromia,Ordinary Saving Account,1820.52,944,42229.19,0.9999999751339435
CIF01003004,Customer_3005,Oromia,Ordinary Saving Account,134.24,760,42222.44,0.9999998446722896
CIF01004271,Customer_4272,Dire Dawa,Dekemezmur Saving Account,12489.63,680,42219.734,0.9999999016193598
CIF01007496,Customer_7497,Addis Ababa,Ahati Saving Account,195.97,2888,42218.41,0.9999999472157605
CIF01001935,Customer_1936,Somali,Agape Saving Account,6409.88,1222,42205.586,0.9999995943648283
CIF01004553,Customer_4554,Oromia,Asrat Bekurat Saving Account,9631.51,3416,42188.1,0.9999998876906058
CIF01000358,Customer_359,Addis Ababa,Hiruyan Saving Account,10777.48,497,42162.13,0.9999987590393903
CIF01001827,Customer_1828,Gambela,Ordinary Saving Account,2405.52,552,42160.73,0.9999998195651018
CIF01009375,Customer_9376,Oromia,Agape Saving Account,472.55,575,42140.04,0.9999998502729581
CIF01004498,Customer_4499,Afar,Hiruyan Saving Account,5112.72,3125,42135.203,0.9999999802818722
CIF01000421,Customer_422,SNNPR,Couples Saving Deposit,6968.1,2514,42132.348,0.9999999198810101
CIF01006951,Customer_6952,Amhara,Ordinary Saving Account,2289.57,455,42107.348,0.9999995362561679
CIF01004028,Customer_4029,Dire Dawa,Ordinary Saving Account,27022.7,546,42104.613,0.9999962840645619
CIF01000192,Customer_193,Oromia,Ordinary Saving Account,28335.89,641,42097.332,0.9999992151113531
CIF01001945,Customer_1946,Sidama,Ordinary Saving Account,790.33,576,42094.035,0.9999989249578318
CIF01002138,Customer_2139,Addis Ababa,Prime Customer Deposit Account,3673.84,1003,42089.895,0.9999999384655573
CIF01004825,Customer_4826,Oromia,Werazut Saving Account,6626.4,2105,42088.1,0.9999999617160621
CIF01004263,Customer_4264,Oromia,Special Saving Account,10186.74,458,42075.586,0.9999999747382489
CIF01005459,Customer_5460,Tigray,Ahadu Bereket Saving Account,14125.4,4536,42072.066,0.9999999041649225
CIF01002596,Customer_2597,Amhara,Ordinary Saving Account,10004.59,576,42071.926,0.9999995959339821
CIF01008921,Customer_8922,Amhara,Couples Saving Deposit,22260.92,948,42059.5,0.9999999786434512
CIF01004722,Customer_4723,SNNPR,Ordinary Saving Account,30729.1,1806,42052.953,0.9999999275646928
CIF01006898,Customer_6899,Benishangul-Gumuz,Asrat Bekurat Saving Account,9171.87,2823,42048.754,0.9999999804147836
CIF01005191,Customer_5192,SNNPR,Werazut Saving Account,24037.97,2030,42045.79,0.9999998800077825
CIF01009215,Customer_9216,SNNPR,Ordinary Saving Account,3303.51,3176,42039.027,0.9999998682188342
CIF01005853,Customer_5854,Harari,Ordinary Saving Account,23787.81,4297,42025.465,0.9999999854760042
CIF01000971,Customer_972,Addis Ababa,Special Saving Account,24664.39,3307,42020.35,0.9999998870271339
CIF01001747,Customer_1748,Amhara,Werazut Saving Account,33799.74,980,42020.023,0.9999999836574218
CIF01006610,Customer_6611,Oromia,Agape Saving Account,2094.46,1852,42014.316,0.9999999305894379
CIF01008560,Customer_8561,Amhara,Ahadu Bereket Saving Account,9140.36,562,42010.332,0.9999963929656157
CIF01009237,Customer_9238,Addis Ababa,Equb Saving Account,22570.71,1814,41993.953,0.9999999847093539
CIF01004518,Customer_4519,Addis Ababa,Werazut Saving Account,2293.35,3258,41993.133,0.9999999504952286
CIF01003988,Customer_3989,Somali,Special Saving Account,11624.28,501,41988.363,0.9999958014784194
CIF01009405,Customer_9406,Addis Ababa,Special Saving Account,2041.3,420,41987.867,0.9999999541053682
CIF01003198,Customer_3199,Amhara,Dekemezmur Saving Account,24359.94,591,41986.29,0.9999997410779413
CIF01006213,Customer_6214,Benishangul-Gumuz,Werazut Saving Account,15439.95,5146,41973.59,0.9999999212764452
CIF01008862,Customer_8863,Oromia,Ordinary Saving Account,6645.39,810,41971.547,0.9999999520826554
CIF01000647,Customer_648,Addis Ababa,Werazut Saving Account,9849.97,3145,41962.688,0.9999999936813904
CIF01001369,Customer_1370,Addis Ababa,Dekemezmur Saving Account,12685.36,1383,41960.2,0.9999999949190659
CIF01005572,Customer_5573,Benishangul-Gumuz,Dekemezmur Saving Account,7712.03,2232,41959.76,0.9999999837658149
CIF01002544,Customer_2545,Gambela,Abew Saving Account,16365.28,4705,41925.168,0.9999999890262891
CIF01004941,Customer_4942,Addis Ababa,Ordinary Saving Account,4515.68,2186,41907.47,0.9999999851538905
CIF01000386,Customer_387,Dire Dawa,Janderebaw Saving Account,27370.8,3108,41906.63,0.9999999896208501
CIF01002611,Customer_2612,Gambela,Ahadu Bereket Saving Account,6505.46,1778,41902.527,0.9999999502285757
CIF01008848,Customer_8849,Addis Ababa,Asrat Bekurat Saving Account,1198.44,1060,41878.69,0.9999999625787587
CIF01007684,Customer_7685,Oromia,Ordinary Saving Account,723.7,1872,41840.477,0.999999976097608
CIF01003924,Customer_3925,Harari,Blatena Saving Account,10085.14,4396,41836.23,0.9999999731671898
CIF01007750,Customer_7751,Dire Dawa,Asrat Bekurat Saving Account,25824.52,616,41831.562,0.9999989396931681
CIF01003270,Customer_3271,Addis Ababa,Ordinary Saving Account,14315.75,3630,41824.49,0.9999999918086976
CIF01002798,Customer_2799,Amhara,Ordinary Saving Account,28325.87,2935,41811.76,0.9999999092132623
CIF01007710,Customer_7711,SNNPR,Abew Saving Account,7812.31,2996,41810.496,0.9999998414320035
CIF01006977,Customer_6978,Harari,Werazut Saving Account,1885.71,3671,41806.805,0.9999999792885228
CIF01009079,Customer_9080,Amhara,Ahadu Bereket Saving Account,1038.02,625,41795.0,0.9999998144133748
CIF01007926,Customer_7927,Oromia,Ahati Saving Account,3388.13,942,41788.215,0.9999999442382794
CIF01004519,Customer_4520,Oromia,Janderebaw Saving Account,9514.86,555,41777.0,0.9999998219431632
CIF01005470,Customer_5471,Amhara,Ordinary Saving Account,116.58,1454,41774.438,0.9999999754814618
CIF01005877,Customer_5878,Amhara,Asrat Bekurat Saving Account,3399.53,2880,41771.41,0.9999999473885065
CIF01007348,Customer_7349,Addis Ababa,Blatena Saving Account,10050.12,3286,41771.324,0.9999999584230141
CIF01003356,Customer_3357,Dire Dawa,Abew Saving Account,2910.44,4451,41760.11,0.9999999848762962
CIF01001209,Customer_1210,Amhara,Ordinary Saving Account,10259.85,1228,41759.344,0.999999995585817
CIF01007803,Customer_7804,Benishangul-Gumuz,Ordinary Saving Account,10026.19,1198,41756.19,0.9999999933751762
CIF01001034,Customer_1035,Amhara,Ordinary Saving Account,6391.81,599,41755.59,0.9999999550090217
CIF01007619,Customer_7620,Oromia,Agape Saving Account,25600.47,890,41747.664,0.9999999822115807
CIF01000854,Customer_855,Sidama,Ordinary Saving Account,22122.75,809,41742.414,0.9999998287060619
CIF01005134,Customer_5135,Somali,Ordinary Saving Account,31253.41,3735,41722.254,0.9999999771043043
CIF01008594,Customer_8595,Amhara,Special Saving Account,2227.56,956,41706.13,0.9999999365143772
CIF01006813,Customer_6814,Addis Ababa,Ordinary Saving Account,3195.36,3791,41696.215,0.9999999738031926
CIF01005704,Customer_5705,Oromia,Washera Saving Account,6247.93,3670,41685.746,0.9999999156971682
CIF01002827,Customer_2828,Addis Ababa,Prime Customer Deposit Account,14940.19,425,41684.254,0.999998449099453
CIF01008882,Customer_8883,Addis Ababa,Blatena Saving Account,16777.42,5119,41681.65,0.9999999823880644
CIF01006352,Customer_6353,Afar,Agape Saving Account,3111.32,446,41675.19,0.9999999032068385
CIF01002224,Customer_2225,Oromia,Ordinary Saving Account,15008.56,4881,41665.23,0.9999999722356111
CIF01002202,Customer_2203,Harari,Tirufat Savings Account,13167.25,1577,41664.78,0.9999999946833746
CIF01000257,Customer_258,Harari,Abew Saving Account,12279.88,2090,41652.82,0.9999999827061313
CIF01008455,Customer_8456,SNNPR,Ordinary Saving Account,16862.67,5115,41648.957,0.9999999240191881
CIF01005283,Customer_5284,Oromia,Special Saving Account,11611.15,4460,41647.633,0.999999987300532
CIF01006516,Customer_6517,Addis Ababa,Dekemezmur Saving Account,16814.76,3672,41618.33,0.9999999637346535
CIF01009016,Customer_9017,Tigray,Special Saving Account,7204.04,4473,41613.805,0.9999998873091176
CIF01001609,Customer_1610,Oromia,Abew Saving Account,7596.81,3800,41612.027,0.9999999772778158
CIF01009946,Customer_9947,Afar,Ordinary Saving Account,808.57,3132,41609.59,0.9999999117159257
CIF01009287,Customer_9288,SNNPR,Werazut Saving Account,8266.95,739,41608.652,0.9999979975211231
CIF01007800,Customer_7801,Oromia,Equb Saving Account,25429.91,912,41608.305,0.9999998766278403
CIF01000860,Customer_861,Amhara,Ahadu Bereket Saving Account,10506.16,753,41607.742,0.9999989200706091
CIF01000689,Customer_690,Tigray,Ordinary Saving Account,4910.63,1867,41595.55,0.9999998830438211
CIF01006704,Customer_6705,Afar,Special Saving Account,27396.74,3294,41588.68,0.9999999908872109
CIF01009719,Customer_9720,Addis Ababa,Special Saving Account,12214.36,1403,41576.92,0.9999999457855011
CIF01007413,Customer_7414,Dire Dawa,Asrat Bekurat Saving Account,9015.76,827,41569.996,0.9999999786478162
CIF01007454,Customer_7455,Oromia,Ahati Saving Account,19324.19,554,41564.76,0.9999997801830659
CIF01000476,Customer_477,Afar,Equb Saving Account,2677.75,966,41564.06,0.9999999826266394
CIF01006558,Customer_6559,Addis Ababa,Ordinary Saving Account,15641.97,691,41556.965,0.9999999625321637
CIF01001483,Customer_1484,Addis Ababa,Dekemezmur Saving Account,30780.73,1647,41553.562,0.9999999774523135
CIF01001335,Customer_1336,Oromia,Asrat Bekurat Saving Account,19119.07,1478,41540.727,0.9999999726535759
CIF01006005,Customer_6006,Harari,Ordinary Saving Account,16556.85,4048,41539.875,0.9999999818144715
CIF01006819,Customer_6820,Oromia,Tirufat Savings Account,17999.19,1112,41529.117,0.999999515315191
CIF01001840,Customer_1841,Sidama,Equb Saving Account,36347.48,2043,41500.004,0.9999999444371506
CIF01006379,Customer_6380,Addis Ababa,Special Saving Account,15358.73,4485,41474.555,0.9999998562989658
CIF01005986,Customer_5987,Amhara,Ordinary Saving Account,12901.33,3719,41469.926,0.9999999872115902
CIF01004435,Customer_4436,Addis Ababa,Tirufat Savings Account,1646.03,720,41453.12,0.9999998139891695
CIF01002150,Customer_2151,Dire Dawa,Ordinary Saving Account,786.67,453,41446.44,0.9999999282842058
CIF01008695,Customer_8696,Amhara,Ahati Saving Account,6606.73,4624,41442.28,0.9999999666483486
CIF01002240,Customer_2241,Addis Ababa,Abew Saving Account,25937.43,598,41436.855,0.9999993019714261
CIF01000617,Customer_618,Afar,Equb Saving Account,22309.49,1115,41428.47,0.9999999901604754
CIF01009183,Customer_9184,Tigray,Washera Saving Account,3633.95,1215,41394.914,0.9999998672472296
CIF01008023,Customer_8024,Addis Ababa,Couples Saving Deposit,14744.99,739,41393.63,0.9999797064452366
CIF01006510,Customer_6511,Addis Ababa,Prime Customer Deposit Account,29711.92,605,41389.824,0.9999983853270497
CIF01005008,Customer_5009,Sidama,Ordinary Saving Account,4273.74,3716,41388.74,0.9999999274086248
CIF01007467,Customer_7468,Amhara,Special Saving Account,23395.16,2862,41386.344,0.9999999938982493
CIF01000006,Customer_7,Addis Ababa,Ordinary Saving Account,1388.22,507,41375.664,0.9999999084516172
CIF01005003,Customer_5004,Amhara,Sitota Saving Deposit,17183.59,1831,41372.695,0.9999999957647052
CIF01006497,Customer_6498,Addis Ababa,Ordinary Saving Account,15982.07,2124,41371.52,0.9999999872778772
CIF01003959,Customer_3960,Oromia,Ordinary Saving Account,4228.1,2214,41348.832,0.9999999664680044
CIF01003780,Customer_3781,SNNPR,Special Saving Account,6543.37,435,41346.207,0.9999988885089488
CIF01007152,Customer_7153,Addis Ababa,Couples Saving Deposit,20513.24,1774,41328.367,0.9999999862848565
CIF01001798,Customer_1799,Addis Ababa,Blatena Saving Account,841.92,3172,41327.945,0.9999999503075983
CIF01008930,Customer_8931,Amhara,Ahati Saving Account,4568.74,3382,41325.77,0.9999999806367709
CIF01005581,Customer_5582,Addis Ababa,Equb Saving Account,9308.66,429,41310.125,0.9999996442235237
CIF01001198,Customer_1199,Addis Ababa,Agape Saving Account,11866.82,2162,41304.824,0.9999999771264588
CIF01008049,Customer_8050,Addis Ababa,Dekemezmur Saving Account,4101.81,1049,41299.94,0.9999999659139154
CIF01005302,Customer_5303,SNNPR,Abew Saving Account,28357.5,715,41291.92,0.9999986596358019
CIF01005374,Customer_5375,Oromia,Ordinary Saving Account,11519.56,3183,41262.293,0.9999999670792086
CIF01008333,Customer_8334,Amhara,Ordinary Saving Account,6042.48,2692,41257.88,0.9999997554624803
CIF01007843,Customer_7844,Benishangul-Gumuz,Dekemezmur Saving Account,9146.79,940,41254.45,0.9999999893395398
CIF01007565,Customer_7566,Harari,Special Saving Account,10566.07,1013,41251.742,0.9999999737596947
CIF01006532,Customer_6533,Dire Dawa,Hiruyan Saving Account,6364.37,440,41242.793,0.9999999583733481
CIF01000628,Customer_629,Tigray,Ahati Saving Account,28417.51,526,41213.293,0.9999974196387047
CIF01009677,Customer_9678,Addis Ababa,Special Saving Account,20024.23,3818,41195.277,0.9999999806200782
CIF01009723,Customer_9724,Somali,Abew Saving Account,2905.4,4075,41183.96,0.9999998965333028
CIF01005670,Customer_5671,Addis Ababa,Special Saving Account,7351.12,367,41180.523,0.9996156977529373
CIF01007249,Customer_7250,Oromia,Ordinary Saving Account,13235.57,1027,41172.305,0.999999992316552
CIF01004162,Customer_4163,Oromia,Dekemezmur Saving Account,30507.99,502,41161.004,0.999997335653289
CIF01004143,Customer_4144,Harari,Werazut Saving Account,92.76,1084,41159.473,0.9999999519180539
CIF01001662,Customer_1663,Tigray,Dekemezmur Saving Account,8654.83,3644,41141.85,0.9999997948676119
CIF01005360,Customer_5361,Oromia,Agape Saving Account,4786.85,1536,41140.06,0.9999999586894014
CIF01009189,Customer_9190,Addis Ababa,Abew Saving Account,24367.31,931,41131.44,0.9999999781223292
CIF01005440,Customer_5441,Oromia,Ordinary Saving Account,3291.13,2683,41126.645,0.9999999768351923
CIF01009954,Customer_9955,SNNPR,Ordinary Saving Account,14677.1,5038,41122.848,0.9999999318469552
CIF01003608,Customer_3609,Oromia,Blatena Saving Account,485.21,1825,41119.906,0.9999999549473151
CIF01008363,Customer_8364,Addis Ababa,Ahati Saving Account,8872.9,2828,41117.402,0.9999998305121706
CIF01001286,Customer_1287,Amhara,Abew Saving Account,6197.79,435,41108.38,0.9999995448866026
CIF01003589,Customer_3590,Addis Ababa,Tirufat Savings Account,6928.23,395,41105.406,0.9999999596400119
CIF01002835,Customer_2836,Oromia,Ordinary Saving Account,31395.15,449,41093.066,0.9999962285842493
CIF01005073,Customer_5074,Addis Ababa,Special Saving Account,14761.79,2146,41091.688,0.9999999352473758
CIF01006653,Customer_6654,Addis Ababa,Ahadu Bereket Saving Account,1265.84,4281,41089.516,0.99999998745498
CIF01002317,Customer_2318,SNNPR,Ordinary Saving Account,22932.42,405,41082.164,0.9999911125666953
CIF01005317,Customer_5318,Somali,Special Saving Account,3868.13,2204,41078.715,0.9999998818077427
CIF01002802,Customer_2803,Dire Dawa,Agape Saving Account,5570.52,4051,41072.32,0.9999999616376377
CIF01005743,Customer_5744,SNNPR,Blatena Saving Account,15316.73,1340,41070.7,0.99999992059444
CIF01006399,Customer_6400,Oromia,Washera Saving Account,32476.54,849,41070.434,0.9999987621278039
CIF01000925,Customer_926,Amhara,Prime Customer Deposit Account,3760.36,1469,41067.32,0.9999999662101642
CIF01009285,Customer_9286,Addis Ababa,Ordinary Saving Account,8494.64,4670,41062.426,0.9999999792076641
CIF01009788,Customer_9789,Addis Ababa,Asrat Bekurat Saving Account,9034.13,787,41056.645,0.9999999836366902
CIF01006466,Customer_6467,Oromia,Ordinary Saving Account,6031.91,4129,41055.582,0.9999999741698529
CIF01008940,Customer_8941,Addis Ababa,Ordinary Saving Account,2421.4,639,41044.715,0.9999998243183654
CIF01002788,Customer_2789,Dire Dawa,Sitota Saving Deposit,10915.34,1761,41043.13,0.9999999662387891
CIF01009716,Customer_9717,Oromia,Ahati Saving Account,26755.92,1171,41032.688,0.9999999244620635
CIF01004184,Customer_4185,Dire Dawa,Equb Saving Account,3766.45,2276,41031.09,0.999999973565731
CIF01009700,Customer_9701,Tigray,Asrat Bekurat Saving Account,9142.12,1937,41023.79,0.9999998789307694
CIF01006958,Customer_6959,Oromia,Abew Saving Account,9393.98,2450,41021.0,0.999999960968802
CIF01001221,Customer_1222,Somali,Sitota Saving Deposit,6905.21,2583,41020.984,0.9999998620715683
CIF01002779,Customer_2780,Addis Ababa,Equb Saving Account,29628.23,394,41019.066,0.999997827068925
CIF01006015,Customer_6016,Addis Ababa,Ahadu Bereket Saving Account,8466.54,375,41017.984,0.9999999699723319
CIF01002564,Customer_2565,Addis Ababa,Ordinary Saving Account,4550.89,4449,41017.98,0.9999999695239348
CIF01009584,Customer_9585,SNNPR,Asrat Bekurat Saving Account,3500.15,1012,41003.945,0.99999965686188
CIF01004479,Customer_4480,Addis Ababa,Ordinary Saving Account,1032.39,449,40973.082,0.9999997561520395
CIF01009383,Customer_9384,Tigray,Janderebaw Saving Account,4380.54,4315,40955.64,0.9999999116025988
CIF01001715,Customer_1716,Gambela,Ahati Saving Account,9282.18,4595,40922.33,0.9999998409647783
CIF01003206,Customer_3207,Oromia,Ordinary Saving Account,20866.92,488,40916.402,0.9999998002825775
CIF01007821,Customer_7822,Addis Ababa,Sitota Saving Deposit,3651.79,554,40912.777,0.9999998733830759
CIF01006848,Customer_6849,Addis Ababa,Blatena Saving Account,15782.15,757,40906.742,0.9999999394653981
CIF01000755,Customer_756,Addis Ababa,Werazut Saving Account,5954.16,3948,40896.395,0.9999999785726232
CIF01002850,Customer_2851,Addis Ababa,Dekemezmur Saving Account,16196.66,1528,40890.37,0.9999999869720453
CIF01004630,Customer_4631,Benishangul-Gumuz,Agape Saving Account,7072.33,3924,40889.02,0.9999999641659514
CIF01002474,Customer_2475,Oromia,Special Saving Account,7051.58,884,40876.48,0.999999730878653
CIF01003759,Customer_3760,SNNPR,Special Saving Account,1518.91,3736,40876.27,0.9999998726412491
CIF01005482,Customer_5483,Addis Ababa,Hiruyan Saving Account,2023.39,1102,40870.844,0.9999999802168855
CIF01009417,Customer_9418,SNNPR,Agape Saving Account,115.66,2326,40867.586,0.9999999074462494
CIF01005906,Customer_5907,Amhara,Special Saving Account,2271.43,2616,40842.73,0.9999999788790019
CIF01009204,Customer_9205,Addis Ababa,Tirufat Savings Account,5446.01,3584,40840.82,0.9999999341610318
CIF01008004,Customer_8005,Amhara,Special Saving Account,10323.99,628,40817.418,0.9999995889008142
CIF01005881,Customer_5882,Dire Dawa,Dekemezmur Saving Account,24605.07,649,40805.207,0.9999841636588086
CIF01006073,Customer_6074,Addis Ababa,Asrat Bekurat Saving Account,15734.52,1516,40790.31,0.9999999255173755
CIF01006010,Customer_6011,Addis Ababa,Ordinary Saving Account,2223.52,838,40775.418,0.9999999851882748
CIF01004077,Customer_4078,Oromia,Equb Saving Account,2203.22,963,40755.33,0.9999999503372841
CIF01005748,Customer_5749,Addis Ababa,Janderebaw Saving Account,805.72,2760,40741.605,0.9999999825475298
CIF01001553,Customer_1554,SNNPR,Ordinary Saving Account,16279.33,3981,40723.406,0.9999999372669394
CIF01009915,Customer_9916,Addis Ababa,Werazut Saving Account,27496.19,3463,40704.035,0.999999988731627
CIF01008291,Customer_8292,Tigray,Dekemezmur Saving Account,3702.52,3084,40692.527,0.9999999262812808
CIF01003245,Customer_3246,Harari,Werazut Saving Account,785.68,1716,40684.305,0.9999999743109156
CIF01007576,Customer_7577,Dire Dawa,Special Saving Account,9042.15,1836,40670.105,0.9999998082241651
CIF01001822,Customer_1823,Addis Ababa,Ordinary Saving Account,2862.68,4093,40658.332,0.9999999767030713
CIF01008391,Customer_8392,Sidama,Blatena Saving Account,18062.38,2984,40646.652,0.9999999178630615
CIF01004568,Customer_4569,Oromia,Special Saving Account,3909.69,1032,40638.85,0.9999999742282326
CIF01005526,Customer_5527,Oromia,Special Saving Account,7489.79,2764,40637.1,0.9999999753231631
CIF01002431,Customer_2432,Sidama,Prime Customer Deposit Account,16021.41,1655,40632.152,0.999999884377625
CIF01001460,Customer_1461,SNNPR,Equb Saving Account,1472.79,2795,40612.48,0.9999997545096934
CIF01009828,Customer_9829,Amhara,Ordinary Saving Account,1806.58,1009,40590.36,0.9999999812896115
CIF01009008,Customer_9009,Oromia,Janderebaw Saving Account,23432.43,927,40589.89,0.9999997430186459
CIF01000179,Customer_180,Addis Ababa,Prime Customer Deposit Account,2363.45,2638,40585.297,0.9999999869854679
CIF01002371,Customer_2372,Somali,Dekemezmur Saving Account,27393.7,1590,40584.426,0.9999998323015072
CIF01002973,Customer_2974,Amhara,Janderebaw Saving Account,20832.15,4123,40579.703,0.9999999794537693
CIF01000825,Customer_826,Oromia,Special Saving Account,14575.41,3942,40553.13,0.9999999262828204
CIF01008626,Customer_8627,Addis Ababa,Ordinary Saving Account,7244.51,1912,40537.766,0.9999999213933002
CIF01007062,Customer_7063,Amhara,Ordinary Saving Account,2107.04,1152,40526.316,0.9999999867734222
CIF01008046,Customer_8047,Amhara,Ordinary Saving Account,9447.87,4036,40526.223,0.9999999490788544
CIF01007417,Customer_7418,Sidama,Blatena Saving Account,8443.06,1619,40519.016,0.9999997718378507
CIF01003802,Customer_3803,Oromia,Ordinary Saving Account,4643.52,3824,40512.914,0.9999999356242312
CIF01009288,Customer_9289,Gambela,Ordinary Saving Account,24366.82,1526,40492.98,0.9999999325112868
CIF01005394,Customer_5395,SNNPR,Special Saving Account,18448.99,1636,40488.688,0.9999998574698615
CIF01006600,Customer_6601,Sidama,Werazut Saving Account,17766.0,1916,40485.793,0.9999999209403916
CIF01009329,Customer_9330,Benishangul-Gumuz,Ordinary Saving Account,12281.31,5352,40485.5,0.9999999533640127
CIF01006128,Customer_6129,Amhara,Special Saving Account,2202.64,668,40484.656,0.9999999612029578
CIF01002693,Customer_2694,Harari,Dekemezmur Saving Account,6560.13,1374,40481.977,0.9999999656138058
CIF01008315,Customer_8316,Benishangul-Gumuz,Tirufat Savings Account,2881.45,2112,40481.367,0.9999999840501415
CIF01001032,Customer_1033,Oromia,Special Saving Account,8209.35,643,40479.86,0.9999995739827144
CIF01003257,Customer_3258,Addis Ababa,Ahati Saving Account,6846.6,1698,40478.254,0.9999999859848279
CIF01001320,Customer_1321,Oromia,Ordinary Saving Account,12400.71,2251,40477.992,0.9999996909600348
CIF01009760,Customer_9761,Amhara,Special Saving Account,3907.97,3844,40469.957,0.9999999604790235
CIF01007511,Customer_7512,Addis Ababa,Dekemezmur Saving Account,18580.94,1129,40466.918,0.9999999798369823
CIF01009029,Customer_9030,Oromia,Prime Customer Deposit Account,27024.23,383,40466.277,0.9999981621203241
CIF01008406,Customer_8407,Oromia,Ordinary Saving Account,6857.82,2968,40456.383,0.9999999045140917
CIF01001491,Customer_1492,SNNPR,Ordinary Saving Account,2165.24,2936,40441.746,0.9999999217000682
CIF01006029,Customer_6030,Addis Ababa,Ahati Saving Account,22521.87,1772,40436.02,0.9999996837763493
CIF01009625,Customer_9626,Addis Ababa,Washera Saving Account,13180.77,5034,40426.195,0.9999999593004133
CIF01000374,Customer_375,Dire Dawa,Hiruyan Saving Account,2930.13,1826,40420.66,0.9999999739113403
CIF01002812,Customer_2813,Amhara,Ordinary Saving Account,27268.59,1552,40416.023,0.9999997820759072
CIF01008502,Customer_8503,Dire Dawa,Janderebaw Saving Account,8586.8,4992,40405.727,0.9999999684779556
CIF01002000,Customer_2001,SNNPR,Blatena Saving Account,26497.66,866,40405.496,0.9999997935792635
CIF01002913,Customer_2914,Tigray,Washera Saving Account,1001.13,448,40402.914,0.9999992766286422
CIF01006408,Customer_6409,Addis Ababa,Ahati Saving Account,7717.16,3819,40400.82,0.9999999697652222
CIF01001039,Customer_1040,Addis Ababa,Ordinary Saving Account,16521.82,538,40399.664,0.9999963532341716
CIF01005133,Customer_5134,Sidama,Special Saving Account,6161.78,483,40385.47,0.999999231248072
CIF01008060,Customer_8061,Addis Ababa,Agape Saving Account,13309.75,5304,40381.84,0.9999999787646758
CIF01009935,Customer_9936,Addis Ababa,Special Saving Account,12841.5,4622,40378.2,0.9999999911919929
CIF01000320,Customer_321,SNNPR,Abew Saving Account,34634.57,1558,40374.73,0.9999996933983347
CIF01002126,Customer_2127,Addis Ababa,Dekemezmur Saving Account,14608.14,392,40370.906,0.9999944408536535
CIF01002444,Customer_2445,Addis Ababa,Ordinary Saving Account,11958.06,1643,40351.48,0.9999999907252878
CIF01006488,Customer_6489,Amhara,Prime Customer Deposit Account,3661.95,2590,40348.293,0.9999999636855499
CIF01009164,Customer_9165,Addis Ababa,Ordinary Saving Account,5261.08,4410,40339.37,0.9999999914176135
CIF01001104,Customer_1105,Addis Ababa,Werazut Saving Account,3703.91,3546,40332.355,0.9999999671855693
CIF01005371,Customer_5372,Somali,Blatena Saving Account,5214.75,380,40331.32,0.9999980948445487
CIF01009089,Customer_9090,Afar,Agape Saving Account,26463.39,776,40327.05,0.999999609268526
CIF01006489,Customer_6490,Addis Ababa,Asrat Bekurat Saving Account,14395.76,2853,40311.094,0.9999997896919568
CIF01006961,Customer_6962,Addis Ababa,Agape Saving Account,18099.18,3941,40304.96,0.9999999820389657
CIF01000961,Customer_962,SNNPR,Prime Customer Deposit Account,5262.62,4507,40302.09,0.9999998623455918
CIF01000793,Customer_794,Benishangul-Gumuz,Equb Saving Account,5689.05,790,40292.67,0.9999999777762334
CIF01001706,Customer_1707,Somali,Asrat Bekurat Saving Account,9117.73,1082,40286.656,0.9999998084447855
CIF01005726,Customer_5727,Addis Ababa,Abew Saving Account,2079.53,2787,40286.547,0.9999999781275428
CIF01005656,Customer_5657,SNNPR,Tirufat Savings Account,23982.8,1624,40281.414,0.9999997032619491
CIF01005258,Customer_5259,Benishangul-Gumuz,Special Saving Account,6845.75,4000,40266.812,0.9999999878191771
CIF01000899,Customer_900,Gambela,Abew Saving Account,6924.19,3166,40253.27,0.9999999756624972
CIF01000824,Customer_825,Oromia,Agape Saving Account,21267.0,2906,40237.75,0.9999999784084324
CIF01009018,Customer_9019,SNNPR,Special Saving Account,22018.84,3195,40198.184,0.9999999076045404
CIF01003579,Customer_3580,Amhara,Hiruyan Saving Account,11184.7,3521,40190.316,0.9999999235056732
CIF01006867,Customer_6868,Oromia,Janderebaw Saving Account,13858.06,1219,40187.414,0.9999996111393907
CIF01005023,Customer_5024,Afar,Asrat Bekurat Saving Account,13171.96,2977,40160.195,0.9999999303405935
CIF01004816,Customer_4817,Dire Dawa,Tirufat Savings Account,214.31,3288,40153.48,0.9999999244558065
CIF01006461,Customer_6462,Oromia,Special Saving Account,16614.19,3055,40144.5,0.9999996453384828
CIF01004873,Customer_4874,Addis Ababa,Washera Saving Account,5679.99,4058,40142.605,0.999999959203136
CIF01001030,Customer_1031,SNNPR,Prime Customer Deposit Account,7135.42,601,40140.125,0.9999981783244734
CIF01005985,Customer_5986,Oromia,Asrat Bekurat Saving Account,11085.31,4951,40132.02,0.9999999639472021
CIF01005034,Customer_5035,Amhara,Janderebaw Saving Account,10217.73,1452,40108.336,0.9999999417375952
CIF01000483,Customer_484,Afar,Ordinary Saving Account,6156.86,2309,40106.4,0.9999999674491034
CIF01001333,Customer_1334,Oromia,Special Saving Account,10214.36,2415,40100.312,0.999999963550094
CIF01003291,Customer_3292,Addis Ababa,Ordinary Saving Account,6576.73,3799,40091.746,0.999999925800866
CIF01004580,Customer_4581,SNNPR,Ahati Saving Account,908.07,3699,40083.062,0.9999998569401909
CIF01005723,Customer_5724,Oromia,Ordinary Saving Account,20295.07,3957,40065.113,0.9999999806778169
CIF01003614,Customer_3615,Benishangul-Gumuz,Blatena Saving Account,3541.67,2834,40063.51,0.9999999838012739
CIF01009699,Customer_9700,Oromia,Prime Customer Deposit Account,12160.71,5237,40038.688,0.999999931764586
CIF01005682,Customer_5683,Addis Ababa,Ordinary Saving Account,1082.12,748,40036.605,0.9999997633732247
CIF01004023,Customer_4024,Addis Ababa,Abew Saving Account,9961.76,4888,40009.88,0.9999999520130566
CIF01001044,Customer_1045,Addis Ababa,Sitota Saving Deposit,3743.13,3844,40003.6,0.999999986941708
CIF01002291,Customer_2292,Amhara,Special Saving Account,6357.48,4408,40000.504,0.9999995924630873
CIF01001127,Customer_1128,Sidama,Blatena Saving Account,189.38,4106,39998.312,0.9999999174186173
CIF01006946,Customer_6947,Addis Ababa,Special Saving Account,27622.68,369,39993.457,0.9999893032538363
CIF01003543,Customer_3544,Sidama,Ahati Saving Account,3166.46,3015,39991.953,0.9999999024723214
CIF01004577,Customer_4578,Oromia,Ordinary Saving Account,2835.42,555,39976.973,0.9999999266691677
CIF01000850,Customer_851,Oromia,Ahati Saving Account,6341.51,4597,39964.09,0.9999999319975215
CIF01007484,Customer_7485,SNNPR,Ahadu Bereket Saving Account,4278.33,3709,39960.773,0.999999938516432
CIF01006342,Customer_6343,Dire Dawa,Agape Saving Account,9541.3,4574,39960.19,0.9999999700414295
CIF01004211,Customer_4212,Harari,Blatena Saving Account,13946.79,1469,39956.734,0.999999965523568
CIF01006453,Customer_6454,Addis Ababa,Special Saving Account,6862.45,4175,39939.0,0.9999999732077696
CIF01000783,Customer_784,SNNPR,Ordinary Saving Account,18302.15,3080,39938.395,0.9999999440428391
CIF01006548,Customer_6549,Addis Ababa,Blatena Saving Account,4016.65,373,39934.27,0.9999996418508826
CIF01009021,Customer_9022,Addis Ababa,Janderebaw Saving Account,17341.77,1579,39929.707,0.9999999866106613
CIF01002845,Customer_2846,SNNPR,Hiruyan Saving Account,20615.56,2693,39926.29,0.9999998095591364
CIF01000679,Customer_680,Benishangul-Gumuz,Ahati Saving Account,2331.83,1784,39911.53,0.9999999879771114
CIF01001643,Customer_1644,Addis Ababa,Hiruyan Saving Account,4533.68,378,39905.79,0.9999996956084164
CIF01009108,Customer_9109,Sidama,Special Saving Account,2361.3,2316,39904.28,0.999999841996765
CIF01007891,Customer_7892,Addis Ababa,Washera Saving Account,3163.67,4867,39890.684,0.9999999399766106
CIF01004482,Customer_4483,Amhara,Ordinary Saving Account,754.21,3105,39888.426,0.9999999299638056
CIF01007382,Customer_7383,Sidama,Ordinary Saving Account,8841.81,1970,39879.555,0.9999999358658153
CIF01004431,Customer_4432,SNNPR,Ordinary Saving Account,15221.46,3978,39878.543,0.9999999642506909
CIF01001079,Customer_1080,Addis Ababa,Washera Saving Account,18332.72,4914,39877.113,0.9999999674937883
CIF01006248,Customer_6249,Addis Ababa,Couples Saving Deposit,3950.52,2302,39875.582,0.9999999694381527
CIF01004614,Customer_4615,Dire Dawa,Blatena Saving Account,7891.66,606,39874.945,0.9999997478893852
CIF01001713,Customer_1714,Amhara,Ordinary Saving Account,16064.13,1386,39868.82,0.9999999828073755
CIF01000927,Customer_928,Addis Ababa,Ahati Saving Account,12186.19,2315,39854.637,0.9999999009759719
CIF01005946,Customer_5947,Addis Ababa,Ordinary Saving Account,25629.15,624,39847.695,0.9999954599851283
CIF01006245,Customer_6246,Addis Ababa,Werazut Saving Account,23515.67,956,39830.887,0.9999999831524836
CIF01000002,Customer_3,Addis Ababa,Ordinary Saving Account,7556.28,634,39828.285,0.9999997320660635
CIF01002684,Customer_2685,Addis Ababa,Werazut Saving Account,771.36,2021,39808.676,0.9999999873647661
CIF01008852,Customer_8853,Addis Ababa,Werazut Saving Account,7222.54,444,39801.344,0.9999998724743375
CIF01003805,Customer_3806,Addis Ababa,Dekemezmur Saving Account,11237.81,2387,39795.164,0.9999999863873508
CIF01002394,Customer_2395,Addis Ababa,Hiruyan Saving Account,2463.1,2483,39792.996,0.9999999591004652
CIF01007104,Customer_7105,Addis Ababa,Werazut Saving Account,20289.77,1686,39780.51,0.9999999896819612
CIF01008287,Customer_8288,Amhara,Ordinary Saving Account,18105.19,3734,39775.062,0.999999983714293
CIF01005891,Customer_5892,Somali,Dekemezmur Saving Account,11572.75,1594,39761.742,0.9999998372764723
CIF01001925,Customer_1926,Addis Ababa,Ordinary Saving Account,6733.92,4779,39751.22,0.9999997615179421
CIF01003365,Customer_3366,Amhara,Special Saving Account,25870.2,1160,39751.145,0.9999997330668517
CIF01009601,Customer_9602,Sidama,Ordinary Saving Account,6423.19,1979,39739.6,0.9999999129511377
CIF01001727,Customer_1728,Addis Ababa,Dekemezmur Saving Account,3237.45,599,39738.727,0.9999998625578177
CIF01007176,Customer_7177,Addis Ababa,Asrat Bekurat Saving Account,1863.18,1028,39737.312,0.9999999849068353
CIF01006118,Customer_6119,Sidama,Ordinary Saving Account,7808.58,3772,39735.812,0.9999999840858522
CIF01006360,Customer_6361,Amhara,Janderebaw Saving Account,1369.12,1341,39734.78,0.9999999818585313
CIF01003685,Customer_3686,Oromia,Ordinary Saving Account,11226.78,437,39730.066,0.9999976123385728
CIF01003736,Customer_3737,Tigray,Blatena Saving Account,9195.98,491,39722.074,0.9999981166599812
CIF01000758,Customer_759,Addis Ababa,Prime Customer Deposit Account,5509.25,4999,39710.92,0.9999999800427417
CIF01009901,Customer_9902,Addis Ababa,Blatena Saving Account,2072.47,1097,39698.555,0.9999999788265355
CIF01005266,Customer_5267,SNNPR,Ahati Saving Account,3243.05,659,39695.81,0.999998593380567
CIF01001228,Customer_1229,SNNPR,Blatena Saving Account,10611.87,3453,39691.375,0.9999998638513284
CIF01003547,Customer_3548,Amhara,Special Saving Account,4506.56,2619,39685.574,0.9999998951715537
CIF01004663,Customer_4664,Amhara,Abew Saving Account,11007.48,4995,39679.13,0.9999999714279398
CIF01008574,Customer_8575,Addis Ababa,Dekemezmur Saving Account,19115.15,1747,39675.195,0.999999959076833
CIF01002231,Customer_2232,Addis Ababa,Special Saving Account,955.43,690,39675.027,0.9999998809750092
CIF01007154,Customer_7155,Addis Ababa,Ordinary Saving Account,1824.68,702,39670.793,0.9999994691503027
CIF01004958,Customer_4959,Harari,Ordinary Saving Account,1900.06,692,39660.305,0.9999997055425888
CIF01002088,Customer_2089,SNNPR,Abew Saving Account,6186.09,854,39652.91,0.9999998668352723
CIF01007376,Customer_7377,Addis Ababa,Ordinary Saving Account,8593.37,4765,39649.81,0.9999999577049317
CIF01005232,Customer_5233,Somali,Ordinary Saving Account,200.78,550,39646.883,0.9999984452544873
CIF01003027,Customer_3028,Addis Ababa,Ahadu Bereket Saving Account,7759.36,3965,39643.59,0.9999999884118899
CIF01001563,Customer_1564,Amhara,Sitota Saving Deposit,6947.25,563,39622.69,0.9999993874371298
CIF01003673,Customer_3674,Oromia,Ahati Saving Account,1650.46,2319,39618.336,0.9999999635491847
CIF01002221,Customer_2222,Oromia,Dekemezmur Saving Account,18023.3,442,39606.266,0.9999974227223084
CIF01008155,Customer_8156,Oromia,Ordinary Saving Account,5432.42,4431,39602.277,0.9999999717560851
CIF01000791,Customer_792,SNNPR,Dekemezmur Saving Account,11834.59,1242,39602.09,0.999999686591304
CIF01005606,Customer_5607,Dire Dawa,Ordinary Saving Account,25073.45,3424,39590.555,0.9999999922833199
CIF01004955,Customer_4956,SNNPR,Washera Saving Account,2754.12,1306,39588.66,0.9999995350207532
CIF01002199,Customer_2200,Gambela,Asrat Bekurat Saving Account,12573.87,4243,39574.934,0.9999999921292345
CIF01006060,Customer_6061,Oromia,Janderebaw Saving Account,2730.35,1143,39571.426,0.9999999756796468
CIF01000015,Customer_16,Dire Dawa,Equb Saving Account,3709.91,4703,39570.586,0.999999956881647
CIF01007010,Customer_7011,Afar,Ordinary Saving Account,21337.52,710,39565.35,0.9999999566910952
CIF01007325,Customer_7326,SNNPR,Special Saving Account,2434.37,674,39564.31,0.9999981214223769
CIF01000021,Customer_22,Addis Ababa,Ordinary Saving Account,17775.23,1295,39564.117,0.9999999879689029
CIF01002529,Customer_2530,Addis Ababa,Dekemezmur Saving Account,1777.1,742,39562.082,0.9999998088699887
CIF01000935,Customer_936,SNNPR,Special Saving Account,1352.32,1253,39561.184,0.999999766167033
CIF01007629,Customer_7630,Tigray,Special Saving Account,26868.9,629,39555.34,0.9999955373541677
CIF01004835,Customer_4836,Addis Ababa,Abew Saving Account,26427.56,1562,39553.03,0.99999991853262
CIF01003189,Customer_3190,Tigray,Ordinary Saving Account,4521.04,2499,39551.812,0.9999997054396628
CIF01007344,Customer_7345,Addis Ababa,Blatena Saving Account,7513.66,1861,39540.125,0.99999997280893
CIF01007022,Customer_7023,Amhara,Ordinary Saving Account,6053.65,3364,39536.496,0.9999999620210643
CIF01003160,Customer_3161,Amhara,Ahati Saving Account,5882.08,4291,39523.043,0.9999999581423136
CIF01008236,Customer_8237,Oromia,Werazut Saving Account,5794.75,4345,39516.4,0.9999999468672026
CIF01006287,Customer_6288,Amhara,Dekemezmur Saving Account,5106.21,4866,39512.875,0.9999999914382488
CIF01004563,Customer_4564,Sidama,Equb Saving Account,11082.64,2715,39496.367,0.999999936802354
CIF01009043,Customer_9044,Addis Ababa,Prime Customer Deposit Account,8707.92,1093,39494.39,0.9999998906889669
CIF01008895,Customer_8896,Oromia,Ordinary Saving Account,7865.41,528,39489.395,0.99999938585855
CIF01009291,Customer_9292,Dire Dawa,Equb Saving Account,10011.4,2517,39481.547,0.9999999848614638
CIF01003954,Customer_3955,Harari,Special Saving Account,24886.62,375,39479.57,0.9999976378167211
CIF01006394,Customer_6395,Addis Ababa,Ahadu Bereket Saving Account,6245.65,3373,39473.48,0.9999999673565583
CIF01008722,Customer_8723,Addis Ababa,Werazut Saving Account,25914.85,480,39467.438,0.9999996959699132
CIF01000222,Customer_223,Gambela,Special Saving Account,20556.91,799,39462.957,0.9999999850206309
CIF01002348,Customer_2349,Addis Ababa,Prime Customer Deposit Account,10079.04,1557,39442.73,0.9999999920994903
CIF01006034,Customer_6035,Oromia,Hiruyan Saving Account,6475.54,619,39438.145,0.9999999087473094
CIF01008200,Customer_8201,Oromia,Agape Saving Account,5268.57,3895,39432.28,0.9999999158738606
CIF01008597,Customer_8598,Oromia,Ordinary Saving Account,8766.66,2239,39420.82,0.9999999901199438
CIF01007984,Customer_7985,Harari,Special Saving Account,15019.53,2519,39405.35,0.9999999952971237
CIF01002117,Customer_2118,Oromia,Couples Saving Deposit,2311.05,2708,39397.1,0.9999999659671406
CIF01005099,Customer_5100,Amhara,Ahadu Bereket Saving Account,13008.45,1338,39389.395,0.9999999561091871
CIF01001578,Customer_1579,Sidama,Special Saving Account,5845.05,917,39372.71,0.9999998498320753
CIF01008131,Customer_8132,Tigray,Couples Saving Deposit,12353.52,2225,39348.99,0.9999999501916452
CIF01003256,Customer_3257,Addis Ababa,Special Saving Account,7922.11,1946,39326.2,0.9999999023329527
CIF01005936,Customer_5937,Oromia,Ordinary Saving Account,2729.9,671,39316.54,0.9999996813127431
CIF01008120,Customer_8121,SNNPR,Ordinary Saving Account,11317.19,5198,39315.29,0.9999998400568599
CIF01002559,Customer_2560,Addis Ababa,Tirufat Savings Account,13451.56,622,39312.348,0.9999870345629761
CIF01005863,Customer_5864,Amhara,Blatena Saving Account,10965.45,2416,39308.93,0.999999933011988
CIF01001671,Customer_1672,Addis Ababa,Equb Saving Account,4279.33,4932,39293.566,0.9999999050866203
CIF01006979,Customer_6980,Sidama,Prime Customer Deposit Account,6428.34,3719,39287.684,0.9999999345284153
CIF01008943,Customer_8944,Dire Dawa,Couples Saving Deposit,17061.94,4928,39273.062,0.999999991305239
CIF01002151,Customer_2152,Oromia,Ahadu Bereket Saving Account,22570.77,2974,39265.03,0.9999999463990095
CIF01004076,Customer_4077,Amhara,Prime Customer Deposit Account,5116.51,1353,39260.785,0.9999999512225134
CIF01000812,Customer_813,Amhara,Ordinary Saving Account,26399.04,2394,39257.492,0.9999999862819204
CIF01003536,Customer_3537,Addis Ababa,Equb Saving Account,7743.29,890,39245.24,0.9999999650166594
CIF01005926,Customer_5927,Amhara,Prime Customer Deposit Account,2555.7,3385,39242.92,0.9999999923488462
CIF01000253,Customer_254,Afar,Tirufat Savings Account,3968.72,5424,39224.277,0.9999998815295603
CIF01008707,Customer_8708,Addis Ababa,Abew Saving Account,13265.72,2380,39206.605,0.9999999218704515
CIF01006565,Customer_6566,Tigray,Werazut Saving Account,6524.42,695,39203.96,0.9999966282610104
CIF01002031,Customer_2032,Addis Ababa,Ordinary Saving Account,20136.17,2545,39203.293,0.9999999758679684
CIF01008702,Customer_8703,SNNPR,Janderebaw Saving Account,5587.01,2667,39193.562,0.9999997862755946
CIF01006938,Customer_6939,Amhara,Ordinary Saving Account,7067.7,1122,39193.43,0.9999998024315153
CIF01001968,Customer_1969,SNNPR,Ahati Saving Account,2848.91,4504,39184.062,0.9999997881014793
CIF01007531,Customer_7532,SNNPR,Couples Saving Deposit,3776.23,1835,39180.844,0.9999998339627938
CIF01006397,Customer_6398,Amhara,Dekemezmur Saving Account,9362.17,954,39177.176,0.9999999426928068
CIF01006284,Customer_6285,Sidama,Ordinary Saving Account,3126.38,1394,39160.246,0.9999999020714543
CIF01009077,Customer_9078,Oromia,Ordinary Saving Account,7886.87,631,39148.254,0.9999997562379211
CIF01003367,Customer_3368,Harari,Washera Saving Account,3998.48,1407,39147.883,0.9999999780769129
CIF01006811,Customer_6812,Oromia,Ordinary Saving Account,23512.12,2650,39141.65,0.999999964520332
CIF01004226,Customer_4227,Oromia,Ordinary Saving Account,8683.13,927,39141.574,0.9999999773455771
CIF01002214,Customer_2215,Addis Ababa,Agape Saving Account,3796.12,808,39126.88,0.9999999759224515
CIF01007959,Customer_7960,Addis Ababa,Werazut Saving Account,3762.59,2025,39115.766,0.9999999031893962
CIF01004882,Customer_4883,Sidama,Prime Customer Deposit Account,8235.69,3812,39111.74,0.9999998672003033
CIF01005437,Customer_5438,Amhara,Blatena Saving Account,12572.66,1734,39105.562,0.9999999950678591
CIF01009056,Customer_9057,Benishangul-Gumuz,Special Saving Account,4071.32,1335,39104.86,0.9999999797283017
CIF01008803,Customer_8804,Afar,Ordinary Saving Account,3879.41,453,39065.973,0.9999998355481163
CIF01000316,Customer_317,Addis Ababa,Hiruyan Saving Account,11212.55,1485,39046.363,0.9999999794153918
CIF01009781,Customer_9782,Amhara,Hiruyan Saving Account,10711.49,1086,39038.23,0.9999998194968477
CIF01001150,Customer_1151,Oromia,Janderebaw Saving Account,19436.01,743,39026.996,0.9999991720239346
CIF01000335,Customer_336,Addis Ababa,Ahati Saving Account,17502.24,1867,39017.336,0.999999978285719
CIF01004906,Customer_4907,Gambela,Dekemezmur Saving Account,16198.32,4516,39005.83,0.9999999807866166
CIF01001091,Customer_1092,Addis Ababa,Ordinary Saving Account,5308.65,2493,38990.07,0.9999999642143051
CIF01008154,Customer_8155,Benishangul-Gumuz,Ordinary Saving Account,10915.28,1824,38988.824,0.9999999341496016
CIF01000129,Customer_130,Addis Ababa,Tirufat Savings Account,24500.14,2865,38982.99,0.9999997193893585
CIF01008064,Customer_8065,Harari,Blatena Saving Account,5331.94,3895,38981.8,0.9999999807272623
CIF01002852,Customer_2853,Dire Dawa,Prime Customer Deposit Account,7258.89,3237,38971.36,0.9999999878935549
CIF01007026,Customer_7027,Addis Ababa,Ordinary Saving Account,9957.42,3620,38965.6,0.9999998980427285
CIF01000566,Customer_567,Benishangul-Gumuz,Blatena Saving Account,14410.39,587,38964.742,0.9999996253226171
CIF01008782,Customer_8783,Addis Ababa,Couples Saving Deposit,1558.68,2174,38948.855,0.9999999812579706
CIF01007761,Customer_7762,Addis Ababa,Special Saving Account,5965.45,607,38948.79,0.9999992184729128
CIF01003069,Customer_3070,Addis Ababa,Asrat Bekurat Saving Account,10604.62,4640,38935.887,0.9999999124148405
CIF01002589,Customer_2590,Oromia,Special Saving Account,13801.12,2646,38899.51,0.9999999905033984
CIF01009033,Customer_9034,Oromia,Hiruyan Saving Account,16227.81,683,38889.168,0.9999955390587068
CIF01001750,Customer_1751,Amhara,Ahadu Bereket Saving Account,5978.53,525,38869.6,0.9999999725731662
CIF01009739,Customer_9740,Oromia,Blatena Saving Account,7477.17,4037,38868.594,0.9999999642824532
CIF01006728,Customer_6729,SNNPR,Asrat Bekurat Saving Account,4431.2,3694,38864.645,0.9999999351238065
CIF01001915,Customer_1916,Dire Dawa,Equb Saving Account,16145.79,402,38858.176,0.9999999032782607
CIF01007193,Customer_7194,Sidama,Couples Saving Deposit,9186.64,4527,38850.414,0.9999999070400105
CIF01002985,Customer_2986,Afar,Asrat Bekurat Saving Account,10788.47,2316,38840.02,0.9999999903569109
CIF01002402,Customer_2403,Addis Ababa,Ordinary Saving Account,1589.94,4255,38834.95,0.9999999798068466
CIF01008523,Customer_8524,Oromia,Blatena Saving Account,10552.86,2341,38832.79,0.9999999810504768
CIF01009680,Customer_9681,Oromia,Blatena Saving Account,8524.5,388,38831.047,0.9999997256167605
CIF01009269,Customer_9270,Amhara,Ordinary Saving Account,21840.59,564,38826.64,0.9999999231739677
CIF01005015,Customer_5016,Oromia,Abew Saving Account,5854.29,3648,38825.06,0.9999999496942792
CIF01004828,Customer_4829,Amhara,Blatena Saving Account,6486.37,630,38822.48,0.9999996970555641
CIF01000181,Customer_182,Oromia,Agape Saving Account,9879.02,1371,38804.656,0.9999999207698494
CIF01000709,Customer_710,Tigray,Special Saving Account,23985.03,614,38791.39,0.999988798276756
CIF01008065,Customer_8066,Tigray,Abew Saving Account,7825.79,542,38786.297,0.999999014642953
CIF01004433,Customer_4434,Amhara,Special Saving Account,5725.69,1600,38782.996,0.9999999004838579
CIF01000703,Customer_704,Amhara,Ordinary Saving Account,12115.14,3428,38772.37,0.9999998917119095
CIF01008903,Customer_8904,Addis Ababa,Ordinary Saving Account,10033.01,2505,38752.285,0.9999998975297956
CIF01000286,Customer_287,Sidama,Ahati Saving Account,14628.12,2021,38743.24,0.9999998770888332
CIF01000916,Customer_917,Oromia,Dekemezmur Saving Account,2789.51,777,38734.316,0.9999999713061768
CIF01009320,Customer_9321,Harari,Agape Saving Account,7769.14,3752,38721.934,0.9999999694746995
CIF01008519,Customer_8520,Oromia,Blatena Saving Account,22397.38,1707,38717.86,0.9999999902549223
CIF01007469,Customer_7470,Addis Ababa,Ordinary Saving Account,24507.98,455,38704.79,0.99999852632209
CIF01000929,Customer_930,Addis Ababa,Abew Saving Account,14873.01,3801,38702.453,0.9999998217238859
CIF01001142,Customer_1143,Oromia,Dekemezmur Saving Account,5316.76,4182,38701.555,0.9999999477101859
CIF01002930,Customer_2931,Addis Ababa,Special Saving Account,22734.16,1569,38700.98,0.9999998519674845
CIF01001691,Customer_1692,Addis Ababa,Ordinary Saving Account,3751.7,650,38698.69,0.9999999642929233
CIF01007857,Customer_7858,Addis Ababa,Asrat Bekurat Saving Account,6549.69,870,38696.902,0.9999999771367291
CIF01000211,Customer_212,Addis Ababa,Werazut Saving Account,5030.31,2154,38683.195,0.9999999794472374
CIF01001011,Customer_1012,SNNPR,Dekemezmur Saving Account,6323.66,3159,38679.25,0.999999869573493
CIF01001169,Customer_1170,Oromia,Werazut Saving Account,6168.78,1125,38675.51,0.9999999584604526
CIF01000962,Customer_963,Addis Ababa,Asrat Bekurat Saving Account,19659.97,1026,38665.348,0.9999998702872386
CIF01000353,Customer_354,Addis Ababa,Special Saving Account,6861.59,566,38653.918,0.9999996588524782
CIF01000629,Customer_630,Sidama,Prime Customer Deposit Account,3304.17,2198,38649.566,0.9999998072037674
CIF01006587,Customer_6588,Oromia,Ordinary Saving Account,8978.62,2204,38648.945,0.9999999558886681
CIF01009303,Customer_9304,Afar,Ordinary Saving Account,7252.52,1422,38647.746,0.9999999374531051
CIF01004466,Customer_4467,Amhara,Prime Customer Deposit Account,13130.5,4623,38641.168,0.9999999340934788
CIF01005242,Customer_5243,Addis Ababa,Ordinary Saving Account,3368.97,1452,38634.906,0.999999937220777
CIF01003671,Customer_3672,Addis Ababa,Agape Saving Account,1843.89,1360,38628.883,0.9999999633716314
CIF01001275,Customer_1276,Addis Ababa,Hiruyan Saving Account,9441.07,2083,38627.934,0.9999998715078015
CIF01003120,Customer_3121,Harari,Special Saving Account,9184.27,2141,38616.09,0.9999998801675231
CIF01004192,Customer_4193,Dire Dawa,Ordinary Saving Account,25754.99,791,38615.266,0.9999999766379809
CIF01004964,Customer_4965,Amhara,Ordinary Saving Account,11591.3,5425,38613.473,0.9999999848128562
CIF01006157,Customer_6158,Oromia,Prime Customer Deposit Account,12475.47,3979,38611.13,0.9999998695638584
CIF01008719,Customer_8720,SNNPR,Dekemezmur Saving Account,9021.18,3805,38600.473,0.999999933176623
CIF01006114,Customer_6115,Benishangul-Gumuz,Blatena Saving Account,7412.56,4386,38599.707,0.9999999923052113
CIF01001687,Customer_1688,Oromia,Hiruyan Saving Account,14810.48,4165,38586.625,0.999999886493147
CIF01003344,Customer_3345,Amhara,Asrat Bekurat Saving Account,4925.2,564,38584.484,0.9999996586496829
CIF01008880,Customer_8881,Oromia,Blatena Saving Account,16224.94,5218,38581.6,0.9999999452193263
CIF01005894,Customer_5895,Addis Ababa,Ordinary Saving Account,2617.63,2141,38581.04,0.9999999818756392
CIF01006071,Customer_6072,Harari,Agape Saving Account,23528.23,847,38575.234,0.9999999902311404
CIF01006972,Customer_6973,Harari,Blatena Saving Account,25139.32,2054,38568.82,0.9999999525789505
CIF01002957,Customer_2958,Oromia,Tirufat Savings Account,9642.93,401,38563.035,0.9999974985459784
CIF01004919,Customer_4920,Addis Ababa,Ahadu Bereket Saving Account,12377.99,3809,38554.79,0.9999998909360454
CIF01007648,Customer_7649,Oromia,Ordinary Saving Account,2074.95,764,38549.297,0.9999999338472846
CIF01000753,Customer_754,Dire Dawa,Special Saving Account,5783.3,1004,38533.41,0.9999999551899554
CIF01008822,Customer_8823,Afar,Ordinary Saving Account,1383.4,1654,38533.184,0.9999999687940578
CIF01003932,Customer_3933,SNNPR,Blatena Saving Account,8824.91,5278,38526.848,0.9999999257579668
CIF01008071,Customer_8072,Sidama,Couples Saving Deposit,11458.61,1532,38515.42,0.9999998158156458
CIF01004870,Customer_4871,SNNPR,Blatena Saving Account,2814.2,1391,38468.324,0.9999997210881161
CIF01006936,Customer_6937,Dire Dawa,Ordinary Saving Account,9783.26,1717,38468.23,0.9999998964288169
CIF01004285,Customer_4286,Addis Ababa,Ordinary Saving Account,376.74,2335,38466.38,0.9999999436206836
CIF01002966,Customer_2967,Dire Dawa,Ordinary Saving Account,18068.07,2528,38441.91,0.9999999574977518
CIF01002875,Customer_2876,Amhara,Couples Saving Deposit,943.5,1199,38414.2,0.9999999754128109
CIF01009340,Customer_9341,Addis Ababa,Blatena Saving Account,22491.87,2997,38411.887,0.9999999922153274
CIF01004154,Customer_4155,Addis Ababa,Ordinary Saving Account,22365.6,1685,38399.098,0.999999962640607
CIF01003688,Customer_3689,Amhara,Dekemezmur Saving Account,5271.26,4152,38387.277,0.9999999942096718
CIF01009692,Customer_9693,Tigray,Couples Saving Deposit,4120.37,656,38387.062,0.9999982098283005
CIF01003013,Customer_3014,Benishangul-Gumuz,Special Saving Account,17395.86,2162,38376.984,0.9999999664817911
CIF01001518,Customer_1519,SNNPR,Janderebaw Saving Account,10483.48,2441,38374.93,0.9999999253764633
CIF01007191,Customer_7192,Addis Ababa,Prime Customer Deposit Account,25358.15,878,38370.855,0.9999999879751446
CIF01002045,Customer_2046,Tigray,Equb Saving Account,8110.81,3255,38367.227,0.9999999311384925
CIF01009350,Customer_9351,Addis Ababa,Ordinary Saving Account,1309.42,4434,38360.125,0.9999999710144236
CIF01006863,Customer_6864,Tigray,Werazut Saving Account,995.61,1630,38360.055,0.9999998378196563
CIF01008044,Customer_8045,Addis Ababa,Dekemezmur Saving Account,1432.04,2241,38352.477,0.9999999775594498
CIF01006492,Customer_6493,Addis Ababa,Abew Saving Account,6522.42,1191,38339.57,0.9999999596654258
CIF01005441,Customer_5442,SNNPR,Ahati Saving Account,22141.98,371,38326.2,0.9999950095869492
CIF01007427,Customer_7428,Addis Ababa,Prime Customer Deposit Account,8839.55,4027,38321.445,0.9999998856643331
CIF01007136,Customer_7137,Oromia,Ordinary Saving Account,19253.69,734,38318.402,0.9999863312331928
CIF01003909,Customer_3910,Harari,Ordinary Saving Account,2634.55,805,38312.984,0.999999982953074
CIF01003230,Customer_3231,Harari,Ordinary Saving Account,8725.72,1100,38306.086,0.9999999855721735
CIF01008524,Customer_8525,Tigray,Abew Saving Account,666.39,2088,38304.63,0.9999997712754526
CIF01002815,Customer_2816,Amhara,Special Saving Account,2273.54,768,38296.816,0.9999999301777809
CIF01003747,Customer_3748,Addis Ababa,Ordinary Saving Account,4356.04,728,38274.645,0.9999998229556972
CIF01005882,Customer_5883,Tigray,Ahati Saving Account,852.85,2346,38272.074,0.999999850024626
CIF01003880,Customer_3881,Addis Ababa,Prime Customer Deposit Account,17614.94,865,38257.965,0.9999999939568454
CIF01008211,Customer_8212,Oromia,Equb Saving Account,408.93,2020,38246.203,0.9999999783775289
CIF01000725,Customer_726,Sidama,Ordinary Saving Account,8616.44,2046,38244.965,0.9999999777011985
CIF01000279,Customer_280,Somali,Abew Saving Account,248.16,3850,38212.19,0.9999998827616183
CIF01003474,Customer_3475,Dire Dawa,Dekemezmur Saving Account,6963.89,1634,38202.984,0.9999999916736634
CIF01005540,Customer_5541,Oromia,Hiruyan Saving Account,5333.75,543,38198.953,0.9999999157700119
CIF01009730,Customer_9731,SNNPR,Ordinary Saving Account,26835.7,2068,38190.918,0.9999997871725779
CIF01003560,Customer_3561,Amhara,Abew Saving Account,1101.88,929,38182.824,0.9999999882267833
CIF01006937,Customer_6938,Tigray,Special Saving Account,1397.16,3636,38176.09,0.9999997225990153
CIF01004843,Customer_4844,Benishangul-Gumuz,Special Saving Account,21934.96,1273,38145.773,0.9999999787373679
CIF01007978,Customer_7979,Addis Ababa,Blatena Saving Account,308.38,685,38130.043,0.9999999611129533
CIF01009299,Customer_9300,Addis Ababa,Special Saving Account,2700.05,2224,38126.594,0.9999999864024414
CIF01006787,Customer_6788,Addis Ababa,Ordinary Saving Account,15559.94,1814,38096.336,0.9999999768586464
CIF01001963,Customer_1964,Addis Ababa,Ordinary Saving Account,11248.49,3403,38094.63,0.999999900467336
CIF01003373,Customer_3374,Tigray,Ahati Saving Account,3665.65,1854,38055.535,0.9999995783240658
CIF01005176,Customer_5177,Addis Ababa,Hiruyan Saving Account,21942.0,1679,38042.695,0.9999996921771891
CIF01003346,Customer_3347,Sidama,Blatena Saving Account,27426.67,1155,38032.305,0.9999999516027857
CIF01001049,Customer_1050,Oromia,Abew Saving Account,6638.26,3193,38031.15,0.9999999671009185
CIF01005248,Customer_5249,Sidama,Abew Saving Account,22232.43,3121,38031.04,0.9999998753594128
CIF01002182,Customer_2183,Addis Ababa,Ahati Saving Account,3098.98,2005,38029.86,0.9999999276865693
CIF01001618,Customer_1619,SNNPR,Ordinary Saving Account,5020.05,522,38028.957,0.9999985055661154
CIF01000787,Customer_788,Addis Ababa,Ahadu Bereket Saving Account,3131.58,2748,38023.06,0.999999979543462
CIF01007517,Customer_7518,Sidama,Janderebaw Saving Account,11204.52,3849,38018.836,0.9999998557391608
CIF01000820,Customer_821,Amhara,Sitota Saving Deposit,7610.41,3309,38009.848,0.9999999380466945
CIF01001974,Customer_1975,Amhara,Hiruyan Saving Account,9623.61,3812,37999.55,0.9999999583932964
CIF01004276,Customer_4277,Addis Ababa,Werazut Saving Account,1264.81,2890,37996.473,0.9999999281341966
CIF01005612,Customer_5613,Tigray,Asrat Bekurat Saving Account,26032.78,1589,37993.64,0.9999997886300218
CIF01006243,Customer_6244,Gambela,Couples Saving Deposit,22163.48,947,37980.934,0.9999999893301513
CIF01000496,Customer_497,Dire Dawa,Werazut Saving Account,436.47,3613,37968.62,0.9999999872754103
CIF01002774,Customer_2775,SNNPR,Ahati Saving Account,26598.92,926,37953.223,0.9999997302545928
CIF01008360,Customer_8361,Amhara,Werazut Saving Account,12932.1,732,37948.836,0.9999968775764123
CIF01005887,Customer_5888,Somali,Ordinary Saving Account,12779.19,452,37937.094,0.9999964940674037
CIF01008458,Customer_8459,Harari,Ordinary Saving Account,6398.9,4002,37935.656,0.9999999721139609
CIF01002569,Customer_2570,Addis Ababa,Prime Customer Deposit Account,16680.5,689,37929.94,0.9999999407369848
CIF01002414,Customer_2415,Sidama,Sitota Saving Deposit,10846.59,4707,37910.137,0.999999851285298
CIF01009015,Customer_9016,Amhara,Ordinary Saving Account,2669.75,2878,37898.293,0.9999999733691731
CIF01007884,Customer_7885,SNNPR,Dekemezmur Saving Account,2067.02,1354,37885.508,0.9999998627660214
CIF01004995,Customer_4996,SNNPR,Ordinary Saving Account,7573.13,1131,37876.555,0.9999998298715386
CIF01004820,Customer_4821,Amhara,Equb Saving Account,27308.59,456,37849.41,0.9999990699008843
CIF01003975,Customer_3976,Addis Ababa,Dekemezmur Saving Account,17900.03,1491,37839.58,0.9999999617981793
CIF01002377,Customer_2378,Tigray,Special Saving Account,852.89,3507,37838.72,0.9999997652467849
CIF01002905,Customer_2906,Addis Ababa,Dekemezmur Saving Account,3610.63,4525,37837.45,0.999999913408639
CIF01005939,Customer_5940,Addis Ababa,Ordinary Saving Account,968.71,5355,37835.926,0.9999999217002608
CIF01001679,Customer_1680,Addis Ababa,Werazut Saving Account,4400.6,485,37833.99,0.9999998588472437
CIF01007424,Customer_7425,Amhara,Asrat Bekurat Saving Account,11340.19,5131,37829.05,0.9999999863311237
CIF01009456,Customer_9457,Amhara,Ordinary Saving Account,7715.58,2069,37787.6,0.9999999897217456
CIF01006242,Customer_6243,Harari,Ahati Saving Account,26953.74,1870,37773.074,0.9999999756787216
CIF01007540,Customer_7541,Oromia,Prime Customer Deposit Account,2169.59,2903,37770.26,0.9999999742855739
CIF01005279,Customer_5280,Harari,Tirufat Savings Account,13792.28,3364,37768.137,0.999999814152677
CIF01002615,Customer_2616,Addis Ababa,Abew Saving Account,5729.29,489,37763.094,0.9999999401915101
CIF01006291,Customer_6292,Addis Ababa,Abew Saving Account,3966.61,4252,37759.156,0.9999999766567554
CIF01001370,Customer_1371,Addis Ababa,Ordinary Saving Account,6477.42,639,37758.402,0.9999980083476535
CIF01000381,Customer_382,Addis Ababa,Werazut Saving Account,8782.65,403,37756.043,0.9999998134461002
CIF01009736,Customer_9737,SNNPR,Special Saving Account,2734.67,1048,37737.586,0.99999985308703
CIF01009377,Customer_9378,Amhara,Blatena Saving Account,16927.3,1723,37736.86,0.9999999859466602
CIF01003937,Customer_3938,Gambela,Special Saving Account,3144.19,875,37733.297,0.9999999791429532
CIF01001260,Customer_1261,Oromia,Agape Saving Account,6810.11,4106,37721.316,0.9999999901289526
CIF01006234,Customer_6235,Addis Ababa,Special Saving Account,9913.61,4994,37706.69,0.9999999500995811
CIF01005620,Customer_5621,SNNPR,Werazut Saving Account,4868.5,3018,37671.094,0.9999997689270316
CIF01005735,Customer_5736,Harari,Blatena Saving Account,10773.57,1388,37656.176,0.9999999921014061
CIF01006542,Customer_6543,Sidama,Couples Saving Deposit,5968.31,470,37654.152,0.9999997822555736
CIF01004313,Customer_4314,Dire Dawa,Special Saving Account,8805.41,454,37648.004,0.9999992048519141
CIF01008497,Customer_8498,Addis Ababa,Werazut Saving Account,12094.17,4019,37631.5,0.9999999560568845
CIF01005576,Customer_5577,Amhara,Prime Customer Deposit Account,8869.58,3421,37629.73,0.9999999731618381
CIF01004010,Customer_4011,Dire Dawa,Special Saving Account,12982.34,4995,37628.156,0.999999991950303
CIF01003341,Customer_3342,Addis Ababa,Couples Saving Deposit,6035.13,2599,37620.395,0.9999999092749448
CIF01007339,Customer_7340,Oromia,Couples Saving Deposit,10617.25,1204,37617.297,0.9999999697785873
CIF01006875,Customer_6876,SNNPR,Special Saving Account,21697.42,2612,37611.72,0.9999999044435239
CIF01005849,Customer_5850,SNNPR,Tirufat Savings Account,4075.05,3734,37553.07,0.9999997358757566
CIF01004552,Customer_4553,SNNPR,Werazut Saving Account,1006.94,837,37550.793,0.9999996306985679
CIF01002870,Customer_2871,Amhara,Prime Customer Deposit Account,2652.55,3544,37507.727,0.9999999677582959
CIF01001012,Customer_1013,Addis Ababa,Blatena Saving Account,9380.11,5161,37505.418,0.9999999735867249
CIF01009177,Customer_9178,Amhara,Ordinary Saving Account,12444.99,3798,37497.13,0.9999999938223008
CIF01007649,Customer_7650,SNNPR,Werazut Saving Account,9511.33,2446,37489.246,0.9999997230476713
CIF01004088,Customer_4089,Addis Ababa,Equb Saving Account,3931.86,2051,37486.96,0.9999999222605322
CIF01008988,Customer_8989,SNNPR,Blatena Saving Account,4908.02,4201,37483.99,0.9999998501680496
CIF01003508,Customer_3509,Addis Ababa,Ordinary Saving Account,2243.87,4613,37479.64,0.9999999252978156
CIF01000530,Customer_531,Oromia,Special Saving Account,4200.44,771,37478.0,0.9999999709545349
CIF01006494,Customer_6495,Oromia,Washera Saving Account,15205.07,2081,37474.8,0.999999953071822
CIF01005389,Customer_5390,Sidama,Ahati Saving Account,18103.21,1673,37468.895,0.9999997971706783
CIF01008090,Customer_8091,Somali,Abew Saving Account,7000.28,582,37450.133,0.9999986543104974
CIF01006843,Customer_6844,Addis Ababa,Couples Saving Deposit,13224.17,496,37446.367,0.9999993846309164
CIF01005205,Customer_5206,Addis Ababa,Prime Customer Deposit Account,313.15,2253,37444.562,0.9999999139515502
CIF01008382,Customer_8383,Tigray,Tirufat Savings Account,8639.23,2637,37434.008,0.9999999066301101
CIF01009449,Customer_9450,Amhara,Abew Saving Account,1966.83,5372,37430.11,0.999999973028984
CIF01001083,Customer_1084,Benishangul-Gumuz,Dekemezmur Saving Account,16913.33,1132,37428.914,0.9999999742269929
CIF01006917,Customer_6918,Addis Ababa,Ordinary Saving Account,10143.03,759,37427.42,0.9999959154358431
CIF01009114,Customer_9115,Addis Ababa,Washera Saving Account,26095.92,802,37423.402,0.9999999626021222
CIF01009624,Customer_9625,Addis Ababa,Asrat Bekurat Saving Account,26182.78,896,37417.25,0.9999999301669975
CIF01003279,Customer_3280,Addis Ababa,Janderebaw Saving Account,21257.68,1076,37411.387,0.9999999915473937
CIF01002839,Customer_2840,Addis Ababa,Ahadu Bereket Saving Account,10899.81,417,37409.703,0.9999867285068624
CIF01009111,Customer_9112,Amhara,Ordinary Saving Account,26679.82,485,37406.902,0.9999998533598535
CIF01008378,Customer_8379,SNNPR,Ahadu Bereket Saving Account,18564.99,685,37397.133,0.9999986157410184
CIF01001102,Customer_1103,Tigray,Asrat Bekurat Saving Account,21753.74,2745,37388.754,0.9999999201501791
CIF01008417,Customer_8418,Dire Dawa,Special Saving Account,7391.09,3290,37388.04,0.999999940356024
CIF01000325,Customer_326,Oromia,Special Saving Account,643.52,2205,37383.223,0.9999999719268585
CIF01000785,Customer_786,Amhara,Washera Saving Account,2554.72,2713,37382.094,0.9999999178042801
CIF01001596,Customer_1597,SNNPR,Sitota Saving Deposit,18412.28,3366,37368.676,0.9999999286635775
CIF01008254,Customer_8255,Amhara,Werazut Saving Account,1355.54,3951,37367.57,0.9999999453125038
CIF01007982,Customer_7983,Amhara,Dekemezmur Saving Account,1553.62,3121,37359.67,0.9999999411317432
CIF01005785,Customer_5786,Amhara,Janderebaw Saving Account,9023.33,2375,37345.234,0.9999999481145985
CIF01008408,Customer_8409,SNNPR,Blatena Saving Account,4620.12,922,37336.918,0.9999997627427554
CIF01003905,Customer_3906,Dire Dawa,Hiruyan Saving Account,9700.61,701,37331.32,0.9999806540102663
CIF01008997,Customer_8998,Oromia,Tirufat Savings Account,17049.87,708,37317.742,0.9999993731067447
CIF01003577,Customer_3578,Sidama,Abew Saving Account,603.94,414,37308.95,0.9999983933340216
CIF01005483,Customer_5484,Afar,Blatena Saving Account,12317.26,1747,37306.258,0.9999999594217516
CIF01008140,Customer_8141,Amhara,Special Saving Account,9794.79,2630,37299.758,0.9999999148191024
CIF01002546,Customer_2547,Sidama,Hiruyan Saving Account,17876.58,2903,37285.066,0.9999998180532665
CIF01000727,Customer_728,SNNPR,Special Saving Account,1774.09,2470,37283.9,0.9999998441419636
CIF01000773,Customer_774,Amhara,Dekemezmur Saving Account,22682.84,389,37263.863,0.9999863972101313
CIF01009631,Customer_9632,Tigray,Special Saving Account,18401.94,1488,37260.4,0.9999998775678948
CIF01007109,Customer_7110,Amhara,Equb Saving Account,4179.61,1091,37255.867,0.9999999823823057
CIF01003723,Customer_3724,Addis Ababa,Abew Saving Account,960.66,2234,37233.543,0.9999999183376553
CIF01007967,Customer_7968,Addis Ababa,Tirufat Savings Account,7833.5,3096,37221.14,0.9999999666564889
CIF01001682,Customer_1683,Amhara,Werazut Saving Account,18714.29,2941,37218.18,0.9999999636558672
CIF01002410,Customer_2411,Oromia,Dekemezmur Saving Account,8536.13,597,37217.277,0.9999999240452992
CIF01000625,Customer_626,Oromia,Couples Saving Deposit,7533.78,5162,37212.223,0.9999999556825385
CIF01005210,Customer_5211,Addis Ababa,Ordinary Saving Account,10066.83,2384,37199.188,0.9999999669760593
CIF01003993,Customer_3994,Benishangul-Gumuz,Ordinary Saving Account,2506.36,981,37198.254,0.9999999885890022
CIF01005834,Customer_5835,Oromia,Special Saving Account,3796.36,3517,37184.246,0.9999999591432526
CIF01005356,Customer_5357,Addis Ababa,Ordinary Saving Account,15847.66,669,37183.113,0.9999994875879098
CIF01008308,Customer_8309,Addis Ababa,Ordinary Saving Account,5751.54,1993,37180.473,0.999999963854932
CIF01008863,Customer_8864,Oromia,Janderebaw Saving Account,11831.47,4943,37175.09,0.9999999854406096
CIF01000590,Customer_591,Harari,Ordinary Saving Account,17704.33,2753,37156.35,0.9999999912594472
CIF01005516,Customer_5517,Oromia,Asrat Bekurat Saving Account,12850.75,3607,37148.066,0.9999997122698141
CIF01001985,Customer_1986,Gambela,Prime Customer Deposit Account,4277.06,4444,37132.32,0.9999999115432401
CIF01003517,Customer_3518,Addis Ababa,Werazut Saving Account,3111.67,884,37100.176,0.9999999278185482
CIF01005363,Customer_5364,Amhara,Werazut Saving Account,22767.69,873,37095.79,0.9999999313091661
CIF01000636,Customer_637,Benishangul-Gumuz,Agape Saving Account,1139.84,2215,37095.05,0.9999999669627315
CIF01009061,Customer_9062,Oromia,Ahati Saving Account,7113.52,4334,37082.45,0.9999999157438391
CIF01009934,Customer_9935,SNNPR,Prime Customer Deposit Account,6230.84,1540,37076.117,0.9999998558403115
CIF01002781,Customer_2782,Sidama,Special Saving Account,10722.08,1263,37072.973,0.9999998124972312
CIF01002003,Customer_2004,SNNPR,Janderebaw Saving Account,5757.88,1089,37048.816,0.9999998959764792
CIF01005810,Customer_5811,SNNPR,Tirufat Savings Account,1480.01,3185,37047.08,0.9999998521528161
CIF01001707,Customer_1708,Oromia,Ordinary Saving Account,7321.73,5042,37044.26,0.9999999561582159
CIF01001978,Customer_1979,SNNPR,Couples Saving Deposit,1995.42,896,37040.4,0.9999998265416287
CIF01007963,Customer_7964,SNNPR,Ordinary Saving Account,4190.34,2494,37038.246,0.9999998654502161
CIF01001144,Customer_1145,Oromia,Werazut Saving Account,6097.37,2278,37037.242,0.9999999786299039
CIF01000130,Customer_131,Addis Ababa,Prime Customer Deposit Account,5982.56,3285,37032.504,0.9999999494590627
CIF01002889,Customer_2890,Benishangul-Gumuz,Dekemezmur Saving Account,9474.38,873,37019.62,0.9999999812974424
CIF01005652,Customer_5653,Addis Ababa,Ordinary Saving Account,9317.51,1721,37006.66,0.9999999403909434
CIF01002616,Customer_2617,Dire Dawa,Ordinary Saving Account,8378.67,4603,36987.266,0.9999999743062886
CIF01005629,Customer_5630,Tigray,Ordinary Saving Account,2416.53,3132,36980.844,0.9999999104072299
CIF01004133,Customer_4134,Amhara,Special Saving Account,2518.57,1766,36977.72,0.9999999333779761
CIF01001867,Customer_1868,Oromia,Special Saving Account,16615.4,752,36971.555,0.9999861598107715
CIF01001285,Customer_1286,Tigray,Ahati Saving Account,4503.25,1088,36971.52,0.9999997679815306
CIF01008545,Customer_8546,Addis Ababa,Special Saving Account,15461.29,3617,36969.406,0.9999999861912496
CIF01002244,Customer_2245,Dire Dawa,Ordinary Saving Account,822.28,2541,36969.332,0.9999999794258723
CIF01004066,Customer_4067,Amhara,Ahadu Bereket Saving Account,18367.74,1570,36956.98,0.9999999912077088
CIF01004142,Customer_4143,Addis Ababa,Asrat Bekurat Saving Account,2020.88,775,36956.887,0.9999999730332759
CIF01006355,Customer_6356,Addis Ababa,Special Saving Account,4421.46,1023,36955.08,0.9999999645342411
CIF01000221,Customer_222,Tigray,Special Saving Account,8041.69,4593,36945.062,0.9999998495812235
CIF01000126,Customer_127,Oromia,Ordinary Saving Account,8233.03,2504,36925.7,0.9999997860527214
CIF01000949,Customer_950,Addis Ababa,Equb Saving Account,5266.79,1681,36914.426,0.999999830493313
CIF01001927,Customer_1928,Sidama,Ordinary Saving Account,4197.75,1501,36867.562,0.9999999224416132
CIF01007019,Customer_7020,Oromia,Abew Saving Account,7254.11,3929,36863.92,0.9999999710601342
CIF01004910,Customer_4911,Sidama,Werazut Saving Account,18563.22,2039,36855.586,0.9999998250445532
CIF01004550,Customer_4551,Addis Ababa,Washera Saving Account,2575.9,1905,36837.934,0.9999999707691409
CIF01000136,Customer_137,Sidama,Blatena Saving Account,17511.36,1092,36829.418,0.9999998976653122
CIF01006042,Customer_6043,Addis Ababa,Equb Saving Account,16245.69,2122,36829.184,0.9999999623921537
CIF01002219,Customer_2220,Oromia,Ordinary Saving Account,12566.59,1516,36826.32,0.9999999824938531
CIF01008025,Customer_8026,Afar,Hiruyan Saving Account,4115.22,1089,36819.44,0.9999999696394772
CIF01000688,Customer_689,Addis Ababa,Tirufat Savings Account,6844.09,2476,36819.414,0.9999999787711429
CIF01008798,Customer_8799,Oromia,Dekemezmur Saving Account,16050.85,1021,36779.703,0.999999965418619
CIF01006318,Customer_6319,Addis Ababa,Hiruyan Saving Account,9742.38,3685,36770.047,0.9999999193548624
CIF01007591,Customer_7592,Oromia,Ahadu Bereket Saving Account,20580.03,658,36765.734,0.9999993062945495
CIF01004072,Customer_4073,SNNPR,Asrat Bekurat Saving Account,7311.25,1073,36758.152,0.9999998131876593
CIF01001539,Customer_1540,Amhara,Special Saving Account,9383.9,1163,36757.85,0.9999996186153257
CIF01006285,Customer_6286,Addis Ababa,Special Saving Account,16220.45,2040,36742.2,0.9999999606346393
CIF01008135,Customer_8136,Oromia,Abew Saving Account,3026.52,3328,36727.94,0.9999999636064525
CIF01007346,Customer_7347,Amhara,Equb Saving Account,3449.76,1692,36723.805,0.9999999907172291
CIF01005838,Customer_5839,SNNPR,Special Saving Account,4504.36,4296,36711.582,0.9999998812940988
CIF01004249,Customer_4250,Tigray,Ordinary Saving Account,7922.51,1558,36711.1,0.9999994836109718
CIF01006198,Customer_6199,Addis Ababa,Ordinary Saving Account,10809.71,4874,36711.043,0.9999999423216337
CIF01006833,Customer_6834,Addis Ababa,Ordinary Saving Account,1247.43,902,36704.742,0.999999984634176
CIF01000658,Customer_659,Addis Ababa,Special Saving Account,8260.85,4640,36698.31,0.9999997441628763
CIF01008374,Customer_8375,Amhara,Agape Saving Account,7987.97,1066,36679.3,0.9999999609320085
CIF01008462,Customer_8463,Amhara,Blatena Saving Account,2126.91,2551,36674.992,0.999999969164017
CIF01000408,Customer_409,SNNPR,Sitota Saving Deposit,15582.8,3414,36673.77,0.9999999166414061
CIF01007013,Customer_7014,Tigray,Special Saving Account,1625.34,1809,36662.04,0.9999998305602885
CIF01000489,Customer_490,Tigray,Werazut Saving Account,5105.98,2955,36653.52,0.9999997176454529
CIF01001272,Customer_1273,Addis Ababa,Sitota Saving Deposit,6195.08,2571,36639.15,0.9999999595569488
CIF01004327,Customer_4328,Tigray,Ahadu Bereket Saving Account,11414.82,726,36613.703,0.9999988258267414
CIF01009069,Customer_9070,Addis Ababa,Prime Customer Deposit Account,2815.72,3252,36605.05,0.9999999776147145
CIF01005844,Customer_5845,Harari,Ordinary Saving Account,1373.45,1006,36604.543,0.9999999751292858
CIF01001670,Customer_1671,Sidama,Ordinary Saving Account,19795.02,941,36598.1,0.9999998231472456
CIF01003379,Customer_3380,SNNPR,Blatena Saving Account,997.27,2943,36596.82,0.9999999088338968
CIF01003509,Customer_3510,Oromia,Ordinary Saving Account,3062.45,3078,36594.55,0.9999999668346669
CIF01004972,Customer_4973,Oromia,Ordinary Saving Account,4760.54,403,36579.594,0.9999999616214773
CIF01008657,Customer_8658,Addis Ababa,Blatena Saving Account,2243.58,1672,36579.344,0.9999999604140413
CIF01007130,Customer_7131,Gambela,Ordinary Saving Account,19230.53,3128,36558.24,0.9999999749045374
CIF01000049,Customer_50,SNNPR,Ordinary Saving Account,459.08,1161,36552.297,0.9999997844923165
CIF01007589,Customer_7590,Oromia,Abew Saving Account,7032.97,855,36546.375,0.999999985811175
CIF01005361,Customer_5362,Oromia,Dekemezmur Saving Account,5089.91,997,36539.367,0.9999999608253289
CIF01002782,Customer_2783,SNNPR,Abew Saving Account,5822.61,1184,36534.008,0.9999999085253747
CIF01004703,Customer_4704,Amhara,Couples Saving Deposit,21381.29,974,36530.234,0.9999996333896107
CIF01007818,Customer_7819,Oromia,Werazut Saving Account,4637.11,2478,36517.48,0.9999999854667321
CIF01007846,Customer_7847,Gambela,Ahati Saving Account,3030.64,3088,36516.85,0.9999999105415309
CIF01001378,Customer_1379,Addis Ababa,Ordinary Saving Account,10371.07,4211,36508.1,0.9999999834961071
CIF01008932,Customer_8933,Amhara,Special Saving Account,3747.83,2635,36494.273,0.9999999868757157
CIF01006441,Customer_6442,Dire Dawa,Equb Saving Account,7800.01,829,36491.53,0.999999988495451
CIF01001276,Customer_1277,Addis Ababa,Washera Saving Account,1571.08,680,36488.86,0.9999996573788953
CIF01005264,Customer_5265,Addis Ababa,Special Saving Account,12640.49,1561,36458.086,0.9999999447481814
CIF01000261,Customer_262,Gambela,Werazut Saving Account,18177.09,898,36449.9,0.9999999649744679
CIF01008000,Customer_8001,Oromia,Equb Saving Account,6108.72,2046,36443.434,0.9999999765813815
CIF01004629,Customer_4630,Dire Dawa,Equb Saving Account,7348.87,1128,36440.57,0.9999999888233774
CIF01008913,Customer_8914,Tigray,Equb Saving Account,4956.82,5407,36434.06,0.999999847635893
CIF01008576,Customer_8577,SNNPR,Ordinary Saving Account,7910.84,3365,36426.473,0.9999999006117287
CIF01002736,Customer_2737,Addis Ababa,Agape Saving Account,7729.79,1028,36425.664,0.9999999797634658
CIF01005688,Customer_5689,Tigray,Ordinary Saving Account,19945.7,542,36424.746,0.9999974654987922
CIF01001473,Customer_1474,SNNPR,Blatena Saving Account,13160.11,3276,36423.918,0.9999998988923913
CIF01005168,Customer_5169,Dire Dawa,Special Saving Account,9071.72,2437,36418.793,0.9999999741923531
CIF01003940,Customer_3941,Oromia,Couples Saving Deposit,7263.14,1134,36411.812,0.9999999424310473
CIF01006463,Customer_6464,Addis Ababa,Couples Saving Deposit,3003.66,489,36405.12,0.9999996387547162
CIF01004406,Customer_4407,Addis Ababa,Werazut Saving Account,541.0,1543,36398.363,0.9999999491996746
CIF01007701,Customer_7702,Tigray,Ordinary Saving Account,5025.67,2157,36389.977,0.9999999063518493
CIF01005506,Customer_5507,Sidama,Tirufat Savings Account,3344.49,4630,36386.395,0.9999998656139556
CIF01003852,Customer_3853,Amhara,Ordinary Saving Account,8999.47,4660,36372.07,0.9999999633652061
CIF01005353,Customer_5354,Harari,Janderebaw Saving Account,11480.56,1508,36363.746,0.9999999835275197
CIF01007144,Customer_7145,Amhara,Prime Customer Deposit Account,2554.98,1442,36335.645,0.9999999796621797
CIF01002483,Customer_2484,Addis Ababa,Ahati Saving Account,2539.08,3240,36327.11,0.9999999722370899
CIF01005420,Customer_5421,Oromia,Sitota Saving Deposit,19927.27,3348,36323.324,0.9999997695586831
CIF01009147,Customer_9148,Dire Dawa,Special Saving Account,10926.25,825,36310.805,0.9999999916808694
CIF01002216,Customer_2217,SNNPR,Dekemezmur Saving Account,6679.68,4960,36296.65,0.9999997546265225
CIF01006061,Customer_6062,Oromia,Blatena Saving Account,5845.47,968,36292.08,0.9999999484928286
CIF01009441,Customer_9442,Amhara,Ordinary Saving Account,11488.99,3576,36276.473,0.9999999543667445
CIF01008311,Customer_8312,Addis Ababa,Asrat Bekurat Saving Account,20887.62,1892,36273.445,0.9999999492085133
CIF01005215,Customer_5216,Sidama,Abew Saving Account,1361.7,4970,36272.207,0.9999998774172082
CIF01002489,Customer_2490,Amhara,Blatena Saving Account,15183.41,2125,36270.875,0.999999958548036
CIF01009998,Customer_9999,SNNPR,Special Saving Account,8391.93,5333,36266.723,0.9999998553192005
CIF01004208,Customer_4209,Oromia,Ordinary Saving Account,10930.67,2634,36266.617,0.9999999093816077
CIF01008741,Customer_8742,Addis Ababa,Special Saving Account,1568.02,428,36259.668,0.9999999502065575
CIF01003961,Customer_3962,Harari,Werazut Saving Account,19935.62,1599,36238.312,0.9999999625940043
CIF01004951,Customer_4952,Addis Ababa,Abew Saving Account,10706.61,4396,36227.66,0.9999999905481737
CIF01005739,Customer_5740,Dire Dawa,Werazut Saving Account,14119.72,808,36218.758,0.9999999759332278
CIF01005999,Customer_6000,Sidama,Janderebaw Saving Account,18636.15,2540,36204.754,0.9999998736695463
CIF01000185,Customer_186,Oromia,Ordinary Saving Account,19795.06,902,36201.805,0.9999997848656766
CIF01002102,Customer_2103,Addis Ababa,Ahati Saving Account,7869.88,4165,36181.496,0.9999999644868672
CIF01008336,Customer_8337,Gambela,Special Saving Account,9453.74,5333,36166.508,0.9999999738095191
CIF01002742,Customer_2743,Tigray,Ahati Saving Account,20417.97,550,36165.766,0.9999954194544274
CIF01003664,Customer_3665,Oromia,Agape Saving Account,1237.25,4516,36145.613,0.9999999468746296
CIF01002939,Customer_2940,Afar,Hiruyan Saving Account,7883.95,4489,36132.203,0.9999997798670295
CIF01001754,Customer_1755,Addis Ababa,Ahati Saving Account,6242.87,1127,36118.883,0.9999999779942828
CIF01007659,Customer_7660,Somali,Special Saving Account,9067.21,4955,36114.24,0.9999996853787403
CIF01003071,Customer_3072,Oromia,Prime Customer Deposit Account,7558.37,781,36113.633,0.9999999891047108
CIF01001961,Customer_1962,Addis Ababa,Equb Saving Account,3540.07,883,36104.746,0.9999999766005275
CIF01003637,Customer_3638,Addis Ababa,Special Saving Account,6049.38,5405,36103.918,0.99999998994439
CIF01009057,Customer_9058,Oromia,Dekemezmur Saving Account,9412.64,1486,36102.562,0.9999999105437496
CIF01004348,Customer_4349,Amhara,Ordinary Saving Account,18510.09,526,36095.777,0.9999655500632927
CIF01006550,Customer_6551,Tigray,Ordinary Saving Account,16550.29,677,36074.137,0.9999934855892401
CIF01001644,Customer_1645,Addis Ababa,Asrat Bekurat Saving Account,12515.01,2097,36071.12,0.9999998961868205
CIF01002042,Customer_2043,Tigray,Ordinary Saving Account,19891.92,3674,36047.9,0.9999999377931511
CIF01009579,Customer_9580,Gambela,Prime Customer Deposit Account,1039.15,874,36037.62,0.9999999917451147
CIF01000418,Customer_419,Dire Dawa,Agape Saving Account,1485.11,1261,36033.176,0.999999985913308
CIF01007971,Customer_7972,Oromia,Ordinary Saving Account,7358.63,749,36030.45,0.9999996297769559
CIF01006539,Customer_6540,Addis Ababa,Equb Saving Account,21588.53,1610,36021.32,0.9999999785091485
CIF01001183,Customer_1184,Tigray,Ordinary Saving Account,3901.4,1767,36014.48,0.9999998179989045
CIF01000210,Customer_211,Oromia,Ordinary Saving Account,8968.85,830,36002.08,0.9999999453160647
CIF01008928,Customer_8929,Addis Ababa,Equb Saving Account,3265.55,1085,35988.33,0.9999999840731546
CIF01009753,Customer_9754,Benishangul-Gumuz,Ordinary Saving Account,9945.34,4485,35976.777,0.9999999209685757
CIF01001875,Customer_1876,Addis Ababa,Ordinary Saving Account,10881.52,3069,35969.793,0.9999999507127693
CIF01006949,Customer_6950,Oromia,Ordinary Saving Account,15271.64,846,35963.977,0.999999975504629
CIF01000693,Customer_694,Addis Ababa,Dekemezmur Saving Account,14922.22,948,35962.957,0.999999953903781
CIF01002680,Customer_2681,Tigray,Abew Saving Account,15469.21,3780,35961.82,0.999999933948252
CIF01004894,Customer_4895,Benishangul-Gumuz,Prime Customer Deposit Account,12677.26,2138,35957.168,0.9999999687519262
CIF01003339,Customer_3340,Tigray,Ahati Saving Account,16817.47,427,35946.934,0.9999853764376873
CIF01005750,Customer_5751,Amhara,Hiruyan Saving Account,5226.58,4365,35946.12,0.9999999842625367
CIF01003221,Customer_3222,Addis Ababa,Asrat Bekurat Saving Account,17278.11,638,35921.227,0.9999907811250166
CIF01004477,Customer_4478,Addis Ababa,Washera Saving Account,15720.18,699,35910.543,0.9999985607164706
CIF01003312,Customer_3313,Tigray,Sitota Saving Deposit,16995.9,3144,35907.785,0.9999999082706306
CIF01001530,Customer_1531,Amhara,Special Saving Account,9574.14,675,35890.227,0.9999971636372048
CIF01005828,Customer_5829,Tigray,Blatena Saving Account,9234.86,4496,35889.633,0.9999997472418981
CIF01002025,Customer_2026,Amhara,Special Saving Account,1060.28,2191,35862.445,0.9999999797111081
CIF01006546,Customer_6547,Harari,Ahati Saving Account,4686.98,2073,35833.92,0.9999999702501163
CIF01009686,Customer_9687,Oromia,Equb Saving Account,4248.4,3183,35832.184,0.9999999736194833
CIF01003285,Customer_3286,Addis Ababa,Blatena Saving Account,9189.54,4870,35822.914,0.9999995372187612
CIF01002695,Customer_2696,Oromia,Ordinary Saving Account,9212.65,1199,35818.758,0.9999999650958796
CIF01000273,Customer_274,Tigray,Werazut Saving Account,4513.65,4997,35812.504,0.9999997199645396
CIF01005911,Customer_5912,Amhara,Ordinary Saving Account,6057.42,4656,35800.16,0.9999999568522099
CIF01009793,Customer_9794,Gambela,Special Saving Account,19233.29,619,35798.375,0.9999991848553432
CIF01005117,Customer_5118,Oromia,Special Saving Account,9225.72,5196,35794.297,0.999999970799772
CIF01009403,Customer_9404,Addis Ababa,Blatena Saving Account,15443.51,2058,35778.55,0.9999998882891108
CIF01001050,Customer_1051,Oromia,Ordinary Saving Account,2440.74,3387,35769.75,0.999999980010845
CIF01004909,Customer_4910,Somali,Asrat Bekurat Saving Account,4264.02,1618,35767.24,0.999999879747371
CIF01002418,Customer_2419,Oromia,Asrat Bekurat Saving Account,12413.33,4007,35763.727,0.9999999389149812
CIF01009161,Customer_9162,Oromia,Blatena Saving Account,20008.83,2476,35763.14,0.9999999053495895
CIF01006467,Customer_6468,Afar,Ahati Saving Account,26706.37,994,35755.645,0.9999996046374255
CIF01001947,Customer_1948,Addis Ababa,Dekemezmur Saving Account,2461.23,2961,35752.93,0.9999999735273204
CIF01006807,Customer_6808,Sidama,Equb Saving Account,1399.07,435,35749.336,0.9999983102009143
CIF01006601,Customer_6602,SNNPR,Ordinary Saving Account,5100.84,547,35745.547,0.9999993731869997
CIF01004509,Customer_4510,Addis Ababa,Ordinary Saving Account,15387.11,2491,35742.98,0.999999986202424
CIF01002927,Customer_2928,Addis Ababa,Werazut Saving Account,4761.82,518,35733.207,0.9999999544954729
CIF01004798,Customer_4799,Oromia,Abew Saving Account,870.9,4410,35731.613,0.9999999201874742
CIF01000535,Customer_536,Addis Ababa,Tirufat Savings Account,4182.78,1185,35729.273,0.9999999698721072
CIF01008637,Customer_8638,Somali,Ordinary Saving Account,18393.69,978,35728.816,0.9999995407195281
CIF01005063,Customer_5064,Amhara,Sitota Saving Deposit,20981.94,2801,35727.92,0.999999976114394
CIF01009655,Customer_9656,Oromia,Ordinary Saving Account,5108.63,1559,35709.7,0.9999999772320042
CIF01003791,Customer_3792,Harari,Special Saving Account,10612.72,4063,35702.438,0.9999999940254003
CIF01004006,Customer_4007,Harari,Ordinary Saving Account,5244.47,4756,35700.62,0.9999999768365974
CIF01006301,Customer_6302,Oromia,Dekemezmur Saving Account,10057.1,2217,35693.562,0.999999964665438
CIF01000646,Customer_647,SNNPR,Equb Saving Account,10481.05,2201,35683.39,0.9999999036095524
CIF01000471,Customer_472,Addis Ababa,Special Saving Account,6732.11,4429,35681.566,0.9999999814070099
CIF01006594,Customer_6595,Sidama,Janderebaw Saving Account,3601.62,3365,35664.883,0.9999998930275401
CIF01003749,Customer_3750,SNNPR,Asrat Bekurat Saving Account,341.98,2117,35661.68,0.9999996925474594
CIF01007943,Customer_7944,Oromia,Special Saving Account,8530.51,4848,35651.9,0.9999999537319911
CIF01005012,Customer_5013,Amhara,Agape Saving Account,2288.91,2129,35637.32,0.9999999811321533
CIF01001589,Customer_1590,Addis Ababa,Special Saving Account,6536.79,1353,35632.6,0.9999999260604301
CIF01003329,Customer_3330,Gambela,Asrat Bekurat Saving Account,3640.06,900,35628.977,0.9999999787514342
CIF01005800,Customer_5801,Addis Ababa,Special Saving Account,20290.77,3494,35628.434,0.9999999838364368
CIF01008907,Customer_8908,Amhara,Abew Saving Account,1854.37,613,35594.324,0.9999999554953996
CIF01008859,Customer_8860,Oromia,Special Saving Account,4076.77,3121,35591.625,0.9999999369731838
CIF01002847,Customer_2848,Oromia,Prime Customer Deposit Account,5007.43,677,35591.13,0.9999972526628361
CIF01006491,Customer_6492,Oromia,Blatena Saving Account,4322.37,3154,35590.22,0.9999999753865455
CIF01002855,Customer_2856,SNNPR,Ordinary Saving Account,3855.96,1550,35589.414,0.9999996992752117
CIF01005731,Customer_5732,Amhara,Werazut Saving Account,20461.24,1118,35589.414,0.9999997623760807
CIF01008432,Customer_8433,Dire Dawa,Ahati Saving Account,1968.14,3268,35588.93,0.9999999784882432
CIF01009879,Customer_9880,Oromia,Janderebaw Saving Account,20827.6,680,35587.062,0.9999864593987949
CIF01007689,Customer_7690,Amhara,Ordinary Saving Account,803.18,1173,35582.777,0.999999982098264
CIF01001952,Customer_1953,Addis Ababa,Werazut Saving Account,1933.56,1626,35581.016,0.9999999805479033
CIF01002507,Customer_2508,Tigray,Ordinary Saving Account,4537.05,406,35578.4,0.9999983303180829
CIF01001024,Customer_1025,Amhara,Special Saving Account,3680.23,5373,35568.38,0.9999999826160065
CIF01005480,Customer_5481,Addis Ababa,Janderebaw Saving Account,18086.76,1653,35560.938,0.9999998119534629
CIF01002793,Customer_2794,SNNPR,Special Saving Account,3847.53,1200,35558.68,0.9999998588150083
CIF01002232,Customer_2233,Harari,Asrat Bekurat Saving Account,4078.46,2245,35544.812,0.9999999648423904
CIF01002391,Customer_2392,SNNPR,Special Saving Account,7192.36,1267,35542.945,0.9999997129712419
CIF01009830,Customer_9831,Addis Ababa,Janderebaw Saving Account,9424.9,5285,35537.84,0.999999972339425
CIF01008556,Customer_8557,Addis Ababa,Werazut Saving Account,1541.8,4373,35527.57,0.9999999399012861
CIF01006849,Customer_6850,SNNPR,Asrat Bekurat Saving Account,9516.2,1351,35526.06,0.999999784595903
CIF01006170,Customer_6171,SNNPR,Janderebaw Saving Account,6483.73,1172,35517.566,0.9999999595459906
CIF01009534,Customer_9535,Oromia,Werazut Saving Account,19892.97,1700,35511.746,0.9999999759420081
CIF01007709,Customer_7710,SNNPR,Washera Saving Account,7293.63,4931,35503.074,0.9999998726235684
CIF01005991,Customer_5992,Oromia,Ordinary Saving Account,1908.3,372,35478.18,0.9999998874267555
CIF01009974,Customer_9975,Addis Ababa,Special Saving Account,4200.29,3254,35460.633,0.9999999555084509
CIF01009612,Customer_9613,SNNPR,Ahati Saving Account,19297.94,1856,35446.16,0.9999997611125409
CIF01003005,Customer_3006,Oromia,Werazut Saving Account,19073.81,2128,35442.344,0.9999999505933326
CIF01008800,Customer_8801,Addis Ababa,Special Saving Account,6752.93,1329,35442.29,0.9999995558046065
CIF01008358,Customer_8359,SNNPR,Ordinary Saving Account,8228.06,4442,35442.254,0.9999998239404083
CIF01000409,Customer_410,Addis Ababa,Ahadu Bereket Saving Account,2658.0,5231,35441.492,0.999999988682284
CIF01007645,Customer_7646,Addis Ababa,Werazut Saving Account,17229.98,2448,35436.484,0.9999996500675082
CIF01009293,Customer_9294,Oromia,Ordinary Saving Account,333.59,5331,35404.35,0.9999999734075893
CIF01007665,Customer_7666,Tigray,Werazut Saving Account,4479.38,1442,35395.047,0.9999996705051288
CIF01002921,Customer_2922,Harari,Ordinary Saving Account,13678.8,729,35392.64,0.9999995053761006
CIF01003290,Customer_3291,Tigray,Janderebaw Saving Account,12309.91,4232,35384.887,0.9999998987276535
CIF01000463,Customer_464,Gambela,Ahati Saving Account,1087.97,3417,35383.64,0.999999981077944
CIF01009735,Customer_9736,Addis Ababa,Werazut Saving Account,14635.7,1213,35380.29,0.9999999719274005
CIF01007651,Customer_7652,SNNPR,Ordinary Saving Account,18751.64,984,35376.4,0.9999998044011761
CIF01001738,Customer_1739,Addis Ababa,Equb Saving Account,2584.21,5202,35374.695,0.9999999339456352
CIF01005803,Customer_5804,Addis Ababa,Tirufat Savings Account,19149.43,1987,35354.652,0.9999998268684216
CIF01008224,Customer_8225,Addis Ababa,Dekemezmur Saving Account,2288.98,5421,35344.3,0.9999999384266438
CIF01008113,Customer_8114,Addis Ababa,Equb Saving Account,8862.33,3028,35331.754,0.9999999801084918
CIF01002745,Customer_2746,Addis Ababa,Ahati Saving Account,3427.66,2465,35324.875,0.9999999819516207
CIF01005570,Customer_5571,Sidama,Agape Saving Account,4151.94,1745,35316.992,0.9999997693210566
CIF01002800,Customer_2801,Oromia,Abew Saving Account,2201.08,1511,35316.875,0.9999998980164135
CIF01007030,Customer_7031,Addis Ababa,Ordinary Saving Account,729.89,1283,35313.17,0.999999991976836
CIF01004989,Customer_4990,Afar,Ordinary Saving Account,16715.86,3613,35300.914,0.9999999612047694
CIF01000349,Customer_350,Oromia,Janderebaw Saving Account,363.38,4801,35287.805,0.9999998554077731
CIF01007625,Customer_7626,Amhara,Blatena Saving Account,21382.1,2622,35287.402,0.9999999897902466
CIF01006730,Customer_6731,Addis Ababa,Ahadu Bereket Saving Account,3688.88,4676,35284.92,0.9999999351494051
CIF01004965,Customer_4966,Addis Ababa,Asrat Bekurat Saving Account,1902.33,2142,35283.35,0.9999998871514407
CIF01002172,Customer_2173,Addis Ababa,Werazut Saving Account,13491.98,884,35264.57,0.9999998516109239
CIF01008045,Customer_8046,Oromia,Ordinary Saving Account,2494.12,5219,35260.473,0.9999998877660367
CIF01002228,Customer_2229,Amhara,Abew Saving Account,628.3,1537,35250.844,0.9999999881202143
CIF01005668,Customer_5669,Dire Dawa,Werazut Saving Account,6519.88,1285,35244.426,0.9999999270746232
CIF01007868,Customer_7869,Addis Ababa,Werazut Saving Account,8100.54,4284,35243.105,0.9999999887191041
CIF01005859,Customer_5860,Addis Ababa,Abew Saving Account,6152.55,1795,35224.434,0.9999999682673509
CIF01000425,Customer_426,Addis Ababa,Ordinary Saving Account,3722.27,983,35219.133,0.9999999600998462
CIF01005204,Customer_5205,Addis Ababa,Dekemezmur Saving Account,12049.54,2996,35216.49,0.9999999528751691
CIF01008667,Customer_8668,Amhara,Blatena Saving Account,8317.46,4898,35214.414,0.9999999521629847
CIF01008867,Customer_8868,Addis Ababa,Ordinary Saving Account,7667.73,2661,35201.246,0.9999999623739079
CIF01008991,Customer_8992,Addis Ababa,Ordinary Saving Account,9368.71,1362,35197.42,0.9999999742172521
CIF01009977,Customer_9978,SNNPR,Prime Customer Deposit Account,21639.42,972,35188.71,0.9999999239415778
CIF01005368,Customer_5369,Amhara,Special Saving Account,5088.93,5676,35159.266,0.9999999699103412
CIF01000774,Customer_775,Harari,Ordinary Saving Account,19939.73,3099,35156.38,0.9999999367083967
CIF01005214,Customer_5215,Amhara,Equb Saving Account,2225.31,2567,35152.08,0.9999999507111994
CIF01001896,Customer_1897,Oromia,Dekemezmur Saving Account,1797.53,1168,35150.176,0.999999972356309
CIF01000801,Customer_802,Oromia,Werazut Saving Account,13904.42,1773,35145.26,0.9999995844407285
CIF01009701,Customer_9702,Addis Ababa,Ordinary Saving Account,2170.88,5547,35132.47,0.9999998400359769
CIF01009193,Customer_9194,Tigray,Janderebaw Saving Account,12000.6,2957,35125.312,0.9999998980039173
CIF01003935,Customer_3936,Oromia,Ordinary Saving Account,1125.23,2025,35120.39,0.999999968660385
CIF01000225,Customer_226,Addis Ababa,Washera Saving Account,1543.86,497,35117.605,0.999999109403513
CIF01007674,Customer_7675,Oromia,Blatena Saving Account,19725.32,639,35095.816,0.9999998277757093
CIF01000087,Customer_88,SNNPR,Asrat Bekurat Saving Account,2568.72,3930,35093.758,0.9999997377694024
CIF01009562,Customer_9563,Somali,Asrat Bekurat Saving Account,11968.02,2392,35093.27,0.9999998356983425
CIF01000748,Customer_749,Dire Dawa,Ordinary Saving Account,16539.2,1108,35084.11,0.9999999809919246
CIF01006123,Customer_6124,Addis Ababa,Abew Saving Account,5818.68,3778,35079.156,0.999999975578172
CIF01000794,Customer_795,Addis Ababa,Ahati Saving Account,3947.08,621,35073.984,0.9999998997025926
CIF01009048,Customer_9049,Somali,Special Saving Account,17126.34,868,35068.77,0.9999998096933418
CIF01006722,Customer_6723,Amhara,Special Saving Account,16376.32,534,35065.39,0.9999989628649294
CIF01004025,Customer_4026,Oromia,Ordinary Saving Account,3546.58,1122,35064.047,0.9999999653827557
CIF01002352,Customer_2353,SNNPR,Hiruyan Saving Account,2549.33,973,35063.773,0.9999997976330915
CIF01004914,Customer_4915,Dire Dawa,Prime Customer Deposit Account,996.19,3162,35058.793,0.9999999563780148
CIF01009493,Customer_9494,Addis Ababa,Dekemezmur Saving Account,18032.15,2447,35055.3,0.9999999801638395
CIF01000917,Customer_918,Addis Ababa,Ordinary Saving Account,10946.04,2235,35047.043,0.9999999408981582
CIF01009124,Customer_9125,Addis Ababa,Blatena Saving Account,6335.14,1711,35022.418,0.9999999866466829
CIF01009418,Customer_9419,Addis Ababa,Equb Saving Account,464.02,1538,34999.555,0.9999999779386406
CIF01006444,Customer_6445,Sidama,Ordinary Saving Account,19332.17,1330,34998.332,0.9999996715230615
CIF01004257,Customer_4258,Afar,Werazut Saving Account,2424.68,658,34986.31,0.9999997600746833
CIF01008005,Customer_8006,SNNPR,Ahati Saving Account,10637.77,626,34982.66,0.999991495760192
CIF01006160,Customer_6161,Addis Ababa,Equb Saving Account,21245.09,3368,34972.535,0.9999999592412042
CIF01004214,Customer_4215,Dire Dawa,Ahati Saving Account,14198.64,3128,34968.79,0.9999999900841009
CIF01008306,Customer_8307,SNNPR,Ordinary Saving Account,1791.23,378,34968.508,0.9999976199322974
CIF01001479,Customer_1480,SNNPR,Ahati Saving Account,3451.64,4492,34965.676,0.9999998783137461
CIF01001861,Customer_1862,Benishangul-Gumuz,Special Saving Account,16987.66,1978,34957.117,0.9999999403808313
CIF01002919,Customer_2920,Tigray,Tirufat Savings Account,1434.92,672,34951.113,0.9999994721752169
CIF01003404,Customer_3405,Addis Ababa,Blatena Saving Account,9115.85,2670,34948.832,0.9999995969365342
CIF01004328,Customer_4329,Addis Ababa,Ordinary Saving Account,5084.66,2532,34945.336,0.9999999941101747
CIF01001735,Customer_1736,Addis Ababa,Ordinary Saving Account,3308.99,2653,34893.004,0.9999999562666516
CIF01008126,Customer_8127,Afar,Abew Saving Account,5672.72,2310,34855.996,0.9999999783574411
CIF01009932,Customer_9933,Sidama,Dekemezmur Saving Account,1589.21,3368,34850.047,0.9999998636920978
CIF01002968,Customer_2969,Addis Ababa,Agape Saving Account,18586.27,976,34847.688,0.999999855664391
CIF01000361,Customer_362,Oromia,Tirufat Savings Account,17073.03,1956,34846.324,0.9999999546331183
CIF01001063,Customer_1064,SNNPR,Abew Saving Account,9492.06,1771,34845.867,0.9999997518896777
CIF01008394,Customer_8395,Amhara,Couples Saving Deposit,16139.23,2692,34845.39,0.9999999322868826
CIF01008401,Customer_8402,SNNPR,Tirufat Savings Account,757.78,3911,34833.855,0.9999996855686047
CIF01002562,Customer_2563,Dire Dawa,Ordinary Saving Account,5774.47,1463,34828.797,0.9999998550020598
CIF01004095,Customer_4096,Amhara,Ordinary Saving Account,8519.46,5624,34823.41,0.9999999746161126
CIF01009158,Customer_9159,Addis Ababa,Ordinary Saving Account,2535.22,1127,34817.2,0.999999989153631
CIF01005072,Customer_5073,Addis Ababa,Tirufat Savings Account,19013.38,3330,34813.906,0.999999980826855
CIF01004111,Customer_4112,Afar,Abew Saving Account,4293.03,2604,34805.926,0.9999999490388286
CIF01000887,Customer_888,Addis Ababa,Special Saving Account,2679.88,954,34805.223,0.9999999763765796
CIF01008527,Customer_8528,Addis Ababa,Sitota Saving Deposit,1572.18,517,34802.316,0.9999998402208088
CIF01001522,Customer_1523,SNNPR,Abew Saving Account,8881.53,1270,34795.977,0.9999998859107765
CIF01002376,Customer_2377,Addis Ababa,Ordinary Saving Account,11807.06,3087,34788.62,0.999999970276225
CIF01008953,Customer_8954,Sidama,Werazut Saving Account,19338.33,1135,34783.598,0.9999996196071242
CIF01005662,Customer_5663,SNNPR,Special Saving Account,476.77,4664,34782.492,0.9999998047990551
CIF01002320,Customer_2321,Addis Ababa,Ahati Saving Account,6319.43,3511,34761.89,0.9999999795280552
CIF01007564,Customer_7565,Amhara,Ordinary Saving Account,10918.51,2127,34751.96,0.9999999865999902
CIF01006854,Customer_6855,Amhara,Ordinary Saving Account,1355.04,825,34742.07,0.9999999786544818
CIF01008500,Customer_8501,Addis Ababa,Equb Saving Account,5812.44,545,34732.547,0.9999998125100383
CIF01008383,Customer_8384,Harari,Prime Customer Deposit Account,15285.54,546,34727.97,0.9999919901423696
CIF01006552,Customer_6553,SNNPR,Dekemezmur Saving Account,1918.86,3145,34723.375,0.9999998414303843
CIF01002986,Customer_2987,Amhara,Equb Saving Account,12753.66,1607,34715.797,0.9999999395864626
CIF01008683,Customer_8684,Addis Ababa,Tirufat Savings Account,7184.69,4002,34715.41,0.9999999733228293
CIF01003944,Customer_3945,Benishangul-Gumuz,Special Saving Account,6781.12,2703,34697.88,0.9999998404383833
CIF01009561,Customer_9562,Harari,Janderebaw Saving Account,1770.41,2368,34696.87,0.9999999521205875
CIF01008307,Customer_8308,Addis Ababa,Couples Saving Deposit,970.85,761,34695.22,0.9999998841690375
CIF01000035,Customer_36,Addis Ababa,Ordinary Saving Account,600.6,1552,34683.984,0.9999999803034237
CIF01009862,Customer_9863,SNNPR,Janderebaw Saving Account,4820.5,3615,34682.445,0.9999998038393655
CIF01004966,Customer_4967,Addis Ababa,Ahadu Bereket Saving Account,2599.89,923,34681.848,0.9999999668069486
CIF01004173,Customer_4174,Oromia,Ordinary Saving Account,3281.63,2953,34673.758,0.9999998022294019
CIF01004040,Customer_4041,Sidama,Equb Saving Account,806.81,413,34658.08,0.9999988963990418
CIF01002984,Customer_2985,Somali,Abew Saving Account,16661.56,1033,34653.375,0.9999996794517072
CIF01002527,Customer_2528,Oromia,Asrat Bekurat Saving Account,18151.73,693,34645.504,0.9999997246671105
CIF01001153,Customer_1154,Oromia,Tirufat Savings Account,1689.64,415,34635.69,0.9999987323145619
CIF01000700,Customer_701,SNNPR,Ordinary Saving Account,5112.7,1359,34630.668,0.9999998684986255
CIF01006687,Customer_6688,Oromia,Washera Saving Account,18313.67,3269,34622.934,0.9999999135133463
CIF01004633,Customer_4634,Oromia,Sitota Saving Deposit,279.72,731,34615.145,0.9999992707625256
CIF01004781,Customer_4782,Gambela,Ordinary Saving Account,1482.3,1138,34606.68,0.9999999783984546
CIF01000677,Customer_678,Benishangul-Gumuz,Equb Saving Account,1616.83,532,34606.656,0.9999997978259385
CIF01009884,Customer_9885,Tigray,Ordinary Saving Account,1826.3,4283,34605.562,0.9999999013338408
CIF01008656,Customer_8657,Oromia,Sitota Saving Deposit,2533.35,2657,34602.5,0.9999999073063331
CIF01000271,Customer_272,Addis Ababa,Special Saving Account,9509.91,3625,34598.953,0.9999999474125137
CIF01007632,Customer_7633,Dire Dawa,Dekemezmur Saving Account,13894.45,967,34598.89,0.99999989443791
CIF01009082,Customer_9083,Addis Ababa,Ordinary Saving Account,1246.84,2630,34595.926,0.9999999457732198
CIF01002166,Customer_2167,SNNPR,Ordinary Saving Account,6268.78,1112,34592.53,0.9999997672771819
CIF01008899,Customer_8900,Addis Ababa,Ordinary Saving Account,2049.91,1723,34587.53,0.9999999796066565
CIF01004741,Customer_4742,Harari,Washera Saving Account,5394.0,1370,34585.08,0.9999999846199263
CIF01006450,Customer_6451,Oromia,Dekemezmur Saving Account,12992.68,1476,34565.69,0.9999999446358068
CIF01009885,Customer_9886,Addis Ababa,Special Saving Account,1099.99,743,34565.684,0.9999999355562351
CIF01009743,Customer_9744,Oromia,Werazut Saving Account,4314.44,1698,34561.863,0.9999999629507765
CIF01005497,Customer_5498,Addis Ababa,Ahati Saving Account,2067.49,1762,34549.594,0.9999999479226609
CIF01006434,Customer_6435,Sidama,Dekemezmur Saving Account,20133.69,436,34541.137,0.9999940813092303
CIF01008821,Customer_8822,Oromia,Ordinary Saving Account,6570.85,1426,34536.848,0.9999999789727292
CIF01003867,Customer_3868,Amhara,Ordinary Saving Account,18379.23,3110,34533.973,0.9999997395000347
CIF01009537,Customer_9538,Benishangul-Gumuz,Special Saving Account,2902.51,3730,34517.75,0.9999999490793928
CIF01002771,Customer_2772,Amhara,Ordinary Saving Account,8528.3,5195,34516.52,0.9999999492562391
CIF01003294,Customer_3295,Amhara,Blatena Saving Account,12916.18,671,34505.746,0.9999969184991601
CIF01003553,Customer_3554,Addis Ababa,Blatena Saving Account,4676.46,652,34503.86,0.9999993128510573
CIF01004138,Customer_4139,Addis Ababa,Ordinary Saving Account,13169.98,1502,34498.863,0.9999998255592171
CIF01006899,Customer_6900,Addis Ababa,Special Saving Account,9268.72,3208,34498.19,0.9999999275654147
CIF01002753,Customer_2754,Addis Ababa,Equb Saving Account,18465.33,779,34488.094,0.9999998309975272
CIF01008075,Customer_8076,Amhara,Ordinary Saving Account,268.53,4542,34485.57,0.999999967179187
CIF01001880,Customer_1881,Addis Ababa,Ordinary Saving Account,1594.78,562,34481.29,0.9999999234071669
CIF01003741,Customer_3742,Addis Ababa,Ahati Saving Account,6613.32,5004,34478.43,0.9999999261645994
CIF01006560,Customer_6561,Amhara,Prime Customer Deposit Account,6433.87,4447,34478.234,0.9999999955168457
CIF01000691,Customer_692,Oromia,Hiruyan Saving Account,5269.61,1604,34477.52,0.9999999878442131
CIF01009073,Customer_9074,Tigray,Prime Customer Deposit Account,6228.99,1634,34454.2,0.9999999412880763
CIF01001437,Customer_1438,Oromia,Dekemezmur Saving Account,12452.45,1806,34441.008,0.9999999149880848
CIF01007914,Customer_7915,Oromia,Asrat Bekurat Saving Account,7458.94,1299,34427.176,0.9999999851084143
CIF01006422,Customer_6423,Amhara,Special Saving Account,1431.16,3336,34412.547,0.9999999854929975
CIF01000356,Customer_357,Addis Ababa,Equb Saving Account,1535.83,621,34407.793,0.999999742783034
CIF01007259,Customer_7260,Afar,Ahati Saving Account,11210.81,632,34401.215,0.9999992120710697
CIF01000223,Customer_224,Addis Ababa,Special Saving Account,16641.69,596,34398.895,0.999999238909588
CIF01000955,Customer_956,Dire Dawa,Ordinary Saving Account,7497.89,773,34391.35,0.9999999820606339
CIF01007441,Customer_7442,Oromia,Blatena Saving Account,7842.58,4307,34389.64,0.9999999671894266
CIF01006576,Customer_6577,Addis Ababa,Ordinary Saving Account,10470.28,1025,34389.516,0.9999999887612608
CIF01003927,Customer_3928,Afar,Janderebaw Saving Account,2187.29,629,34383.684,0.999999466306535
CIF01008481,Customer_8482,Addis Ababa,Sitota Saving Deposit,5146.41,1343,34379.457,0.9999999595908969
CIF01000297,Customer_298,Dire Dawa,Special Saving Account,1772.0,1198,34370.785,0.999999947949511
CIF01000732,Customer_733,Addis Ababa,Ordinary Saving Account,20501.78,1561,34366.562,0.9999999933922323
CIF01004675,Customer_4676,Tigray,Equb Saving Account,12334.61,3199,34360.47,0.9999999374844443
CIF01008433,Customer_8434,Oromia,Ahati Saving Account,10496.04,3347,34354.906,0.9999999431066454
CIF01001911,Customer_1912,Addis Ababa,Hiruyan Saving Account,20128.82,1330,34346.52,0.9999998987664438
CIF01008345,Customer_8346,Oromia,Dekemezmur Saving Account,5709.89,3262,34342.746,0.9999999802275175
CIF01001454,Customer_1455,Tigray,Dekemezmur Saving Account,13045.49,1839,34341.39,0.9999999387147758
CIF01001140,Customer_1141,Dire Dawa,Hiruyan Saving Account,11614.42,1332,34340.246,0.9999999740331935
CIF01004181,Customer_4182,Harari,Dekemezmur Saving Account,6602.87,3625,34326.258,0.9999999756340753
CIF01009842,Customer_9843,Oromia,Werazut Saving Account,3032.49,1162,34303.695,0.9999999689726661
CIF01003104,Customer_3105,Amhara,Ordinary Saving Account,6609.85,3901,34300.375,0.9999998969602943
CIF01003683,Customer_3684,Oromia,Special Saving Account,5090.13,3596,34292.9,0.9999999876304534
CIF01001453,Customer_1454,Addis Ababa,Werazut Saving Account,5661.88,1047,34275.336,0.9999999942980073
CIF01002044,Customer_2045,Oromia,Ordinary Saving Account,15121.83,2286,34267.766,0.9999999816144939
CIF01000765,Customer_766,Afar,Ordinary Saving Account,1917.05,444,34267.605,0.9999997502326661
CIF01007853,Customer_7854,SNNPR,Ordinary Saving Account,19398.68,1108,34261.133,0.9999999191186136
CIF01008316,Customer_8317,Dire Dawa,Special Saving Account,13562.77,1870,34256.703,0.999999763323489
CIF01007556,Customer_7557,Addis Ababa,Equb Saving Account,19817.58,2753,34255.35,0.999999976361171
CIF01000544,Customer_545,Benishangul-Gumuz,Ordinary Saving Account,11172.74,4403,34248.195,0.9999999873046997
CIF01003424,Customer_3425,Addis Ababa,Prime Customer Deposit Account,15487.04,2284,34247.605,0.9999997650592068
CIF01003049,Customer_3050,Addis Ababa,Special Saving Account,7451.98,926,34232.227,0.9999998852929791
CIF01000495,Customer_496,Oromia,Ordinary Saving Account,10799.89,790,34214.332,0.9999999876981615
CIF01006439,Customer_6440,Amhara,Hiruyan Saving Account,5144.63,3614,34214.277,0.9999999289578602
CIF01001640,Customer_1641,Benishangul-Gumuz,Werazut Saving Account,20992.93,2338,34208.81,0.9999999470004394
CIF01000735,Customer_736,Addis Ababa,Ordinary Saving Account,4205.84,2934,34194.35,0.999999973469093
CIF01002836,Customer_2837,Benishangul-Gumuz,Ordinary Saving Account,10757.41,2394,34186.664,0.9999999751127173
CIF01001399,Customer_1400,Addis Ababa,Ordinary Saving Account,1542.5,1126,34182.86,0.9999999167990448
CIF01008386,Customer_8387,Oromia,Special Saving Account,15001.0,1009,34175.375,0.9999998382004507
CIF01008119,Customer_8120,Amhara,Agape Saving Account,8165.62,1250,34163.87,0.999999871017575
CIF01002558,Customer_2559,Addis Ababa,Werazut Saving Account,7736.3,2885,34162.715,0.9999999691734319
CIF01007151,Customer_7152,Oromia,Ahati Saving Account,8017.43,673,34155.133,0.9999999078197509
CIF01004044,Customer_4045,Sidama,Sitota Saving Deposit,5414.91,629,34151.52,0.9999993002933283
CIF01007466,Customer_7467,Addis Ababa,Ahadu Bereket Saving Account,298.12,577,34116.223,0.9999998912894486
CIF01003623,Customer_3624,SNNPR,Blatena Saving Account,876.69,606,34105.047,0.9999991775701245
CIF01004496,Customer_4497,Dire Dawa,Couples Saving Deposit,19828.85,2447,34102.81,0.999999975134001
CIF01004993,Customer_4994,Amhara,Hiruyan Saving Account,4376.0,636,34100.227,0.9999999447900264
CIF01003926,Customer_3927,Oromia,Hiruyan Saving Account,869.85,3377,34075.12,0.999999981129157
CIF01009009,Customer_9010,Amhara,Ordinary Saving Account,1826.68,746,34072.617,0.999999971020058
CIF01005166,Customer_5167,Dire Dawa,Ordinary Saving Account,7546.93,4795,34067.72,0.9999999658641279
CIF01003142,Customer_3143,Oromia,Hiruyan Saving Account,15407.56,803,34058.844,0.9999998859123166
CIF01000416,Customer_417,Amhara,Prime Customer Deposit Account,5864.37,3988,34055.695,0.9999999672812927
CIF01003797,Customer_3798,Sidama,Ahati Saving Account,7457.09,3929,34045.332,0.999999923299303
CIF01006648,Customer_6649,Amhara,Ordinary Saving Account,4415.66,2503,34041.293,0.9999999871156954
CIF01007181,Customer_7182,Harari,Agape Saving Account,15452.19,929,34038.293,0.999999991838105
CIF01000524,Customer_525,Amhara,Werazut Saving Account,2554.88,735,34037.938,0.9999999519124708
CIF01009498,Customer_9499,Gambela,Washera Saving Account,15108.16,3340,34034.84,0.9999999888583523
CIF01002040,Customer_2041,Somali,Tirufat Savings Account,736.69,1010,34024.008,0.9999999329718137
CIF01004865,Customer_4866,SNNPR,Ordinary Saving Account,685.11,1076,34021.082,0.9999998919412524
CIF01005076,Customer_5077,Addis Ababa,Werazut Saving Account,1754.27,1063,34000.863,0.9999998559593696
CIF01005463,Customer_5464,Sidama,Ordinary Saving Account,2720.91,1067,33999.01,0.9999998674480535
CIF01001741,Customer_1742,Oromia,Abew Saving Account,10044.98,4159,33993.773,0.9999999897579989
CIF01002550,Customer_2551,Sidama,Agape Saving Account,2666.62,1047,33987.7,0.9999999255787551
CIF01006395,Customer_6396,Amhara,Ordinary Saving Account,3915.79,3275,33982.027,0.9999999750148267
CIF01007845,Customer_7846,Addis Ababa,Hiruyan Saving Account,9520.76,766,33978.88,0.999999898612051
CIF01001037,Customer_1038,Oromia,Sitota Saving Deposit,5511.28,935,33975.83,0.9999999912497385
CIF01003445,Customer_3446,Benishangul-Gumuz,Prime Customer Deposit Account,3014.24,514,33974.473,0.9999999678816419
CIF01003619,Customer_3620,Addis Ababa,Special Saving Account,5686.58,631,33953.895,0.9999991422887806
CIF01002141,Customer_2142,Tigray,Hiruyan Saving Account,10017.41,2282,33927.727,0.999999920748703
CIF01005145,Customer_5146,Addis Ababa,Sitota Saving Deposit,562.86,1860,33914.1,0.9999999682263506
CIF01000008,Customer_9,Oromia,Special Saving Account,2747.89,3342,33897.555,0.9999999401105604
CIF01002347,Customer_2348,Addis Ababa,Ordinary Saving Account,13954.37,3771,33897.105,0.9999999781404434
CIF01001268,Customer_1269,Amhara,Dekemezmur Saving Account,3280.68,3049,33886.22,0.9999999807130359
CIF01005458,Customer_5459,Addis Ababa,Hiruyan Saving Account,949.06,3108,33871.27,0.9999999164096055
CIF01004932,Customer_4933,Harari,Blatena Saving Account,1560.72,1737,33867.164,0.9999999587900482
CIF01002759,Customer_2760,Gambela,Ordinary Saving Account,11236.89,1517,33866.24,0.9999999735675156
CIF01003051,Customer_3052,Addis Ababa,Asrat Bekurat Saving Account,18986.55,1570,33864.73,0.9999999110748844
CIF01009728,Customer_9729,Addis Ababa,Werazut Saving Account,2906.47,3161,33857.25,0.9999999595828314
CIF01004738,Customer_4739,Addis Ababa,Washera Saving Account,9257.33,3652,33857.125,0.9999999811533541
CIF01000108,Customer_109,Harari,Agape Saving Account,272.57,618,33848.574,0.9999998886735881
CIF01008026,Customer_8027,Addis Ababa,Abew Saving Account,4156.89,1306,33837.824,0.9999999630333396
CIF01004063,Customer_4064,Oromia,Ahati Saving Account,15874.96,1799,33834.156,0.9999999942139863
CIF01009656,Customer_9657,Addis Ababa,Werazut Saving Account,16717.32,369,33833.906,0.999999078370139
CIF01001497,Customer_1498,Addis Ababa,Ordinary Saving Account,7021.0,1137,33815.32,0.9999999942310975
CIF01007587,Customer_7588,Sidama,Ordinary Saving Account,20373.96,389,33793.668,0.9999940388893004
CIF01004973,Customer_4974,Addis Ababa,Equb Saving Account,18436.6,2378,33787.26,0.9999998175200449
CIF01003660,Customer_3661,Oromia,Special Saving Account,9545.37,1670,33782.22,0.9999999861968571
CIF01002532,Customer_2533,Oromia,Special Saving Account,3324.96,447,33778.656,0.9999997670211876
CIF01005721,Customer_5722,Afar,Janderebaw Saving Account,4030.6,804,33775.13,0.999999972687528
CIF01007393,Customer_7394,Oromia,Equb Saving Account,1858.11,5076,33773.625,0.9999999709934047
CIF01000704,Customer_705,Addis Ababa,Asrat Bekurat Saving Account,2564.48,448,33767.87,0.9999996558848104
CIF01007616,Customer_7617,Oromia,Hiruyan Saving Account,14900.4,1924,33767.74,0.9999999899180189
CIF01007099,Customer_7100,Addis Ababa,Special Saving Account,21555.75,2720,33763.703,0.999999984825293
CIF01009678,Customer_9679,SNNPR,Janderebaw Saving Account,13593.28,1247,33757.54,0.9999998550755272
CIF01006336,Customer_6337,Oromia,Ordinary Saving Account,6645.52,4748,33756.676,0.9999999715570039
CIF01006533,Customer_6534,Oromia,Werazut Saving Account,5339.28,2925,33754.746,0.999999988880725
CIF01004617,Customer_4618,Addis Ababa,Ordinary Saving Account,11782.39,1118,33753.066,0.9999999702070879
CIF01001469,Customer_1470,Tigray,Special Saving Account,1018.63,1265,33751.117,0.9999999076639358
CIF01008662,Customer_8663,Tigray,Sitota Saving Deposit,5820.53,4697,33707.43,0.9999999633839542
CIF01000046,Customer_47,Oromia,Ordinary Saving Account,8460.31,1149,33683.715,0.9999999911675407
CIF01000400,Customer_401,SNNPR,Ahadu Bereket Saving Account,5382.94,3937,33675.875,0.9999999661542731
CIF01005275,Customer_5276,Oromia,Dekemezmur Saving Account,947.71,2448,33657.1,0.9999999726190639
CIF01006944,Customer_6945,Addis Ababa,Special Saving Account,6426.94,2928,33626.258,0.9999997980733829
CIF01000469,Customer_470,Amhara,Ordinary Saving Account,11145.04,1397,33625.504,0.9999999669410857
CIF01004757,Customer_4758,Amhara,Equb Saving Account,3786.61,638,33622.582,0.9999993888605878
CIF01000504,Customer_505,Amhara,Hiruyan Saving Account,12429.29,702,33617.805,0.9999989010717169
CIF01001996,Customer_1997,Oromia,Blatena Saving Account,3012.57,602,33617.258,0.9999985879637704
CIF01009797,Customer_9798,Addis Ababa,Ahadu Bereket Saving Account,2093.3,4925,33602.508,0.999999964257303
CIF01000601,Customer_602,Oromia,Hiruyan Saving Account,13684.36,1873,33591.457,0.9999999892152939
CIF01009393,Customer_9394,Oromia,Special Saving Account,2983.27,1128,33590.918,0.9999998649941475
CIF01004474,Customer_4475,Dire Dawa,Werazut Saving Account,5152.79,1981,33565.06,0.9999999685164179
CIF01001626,Customer_1627,Oromia,Ordinary Saving Account,3529.58,657,33552.145,0.9999997056497307
CIF01008624,Customer_8625,Addis Ababa,Dekemezmur Saving Account,19131.19,3429,33545.01,0.9999999714799525
CIF01007224,Customer_7225,Afar,Special Saving Account,2980.66,2009,33539.824,0.9999999671266311
CIF01004785,Customer_4786,Afar,Werazut Saving Account,19330.53,1721,33525.5,0.9999999545462547
CIF01002198,Customer_2199,Addis Ababa,Ordinary Saving Account,4878.1,1145,33524.51,0.9999999910664633
CIF01008076,Customer_8077,Addis Ababa,Ordinary Saving Account,14702.01,2828,33503.547,0.9999999859522106
CIF01009349,Customer_9350,SNNPR,Ahati Saving Account,9730.08,2191,33488.85,0.9999997582844962
CIF01006012,Customer_6013,Oromia,Abew Saving Account,1001.55,739,33475.125,0.9999998752211607
CIF01003219,Customer_3220,SNNPR,Ahati Saving Account,6236.87,4183,33463.367,0.9999999360321555
CIF01004488,Customer_4489,Amhara,Dekemezmur Saving Account,10636.74,1266,33459.758,0.9999999782142723
CIF01006124,Customer_6125,Addis Ababa,Blatena Saving Account,8423.32,3638,33457.5,0.9999999653379875
CIF01002149,Customer_2150,Benishangul-Gumuz,Tirufat Savings Account,12711.92,1755,33455.26,0.9999999928481826
CIF01001236,Customer_1237,Dire Dawa,Janderebaw Saving Account,2116.64,4659,33453.547,0.9999999545932171
CIF01003400,Customer_3401,Oromia,Werazut Saving Account,467.14,4060,33450.137,0.9999999813651722
CIF01000763,Customer_764,Gambela,Agape Saving Account,4966.34,942,33444.29,0.9999999957180121
CIF01006298,Customer_6299,Addis Ababa,Abew Saving Account,9652.19,2193,33444.26,0.9999997775242582
CIF01007079,Customer_7080,Amhara,Prime Customer Deposit Account,17075.14,1628,33432.383,0.9999999561559548
CIF01003838,Customer_3839,Addis Ababa,Blatena Saving Account,2272.74,1008,33426.555,0.9999999720421432
CIF01006832,Customer_6833,Amhara,Abew Saving Account,14419.52,2385,33425.203,0.9999999221116899
CIF01009738,Customer_9739,Sidama,Abew Saving Account,4033.87,1242,33409.98,0.9999999538511132
CIF01007779,Customer_7780,Tigray,Tirufat Savings Account,1151.62,2065,33405.895,0.9999998657761753
CIF01003430,Customer_3431,Afar,Janderebaw Saving Account,12235.23,1145,33402.477,0.9999999683919975
CIF01006861,Customer_6862,Amhara,Ahati Saving Account,701.41,4013,33399.223,0.9999999494097204
CIF01002801,Customer_2802,Benishangul-Gumuz,Ahadu Bereket Saving Account,4220.18,706,33398.652,0.9999997800989127
CIF01001327,Customer_1328,Tigray,Werazut Saving Account,10891.35,1836,33394.703,0.9999998114105542
CIF01006729,Customer_6730,Addis Ababa,Prime Customer Deposit Account,3241.01,1510,33390.594,0.9999999562698004
CIF01007285,Customer_7286,Sidama,Ordinary Saving Account,4602.07,3509,33369.992,0.9999999576009093
CIF01006764,Customer_6765,Somali,Equb Saving Account,3649.91,675,33357.633,0.9999992488898293
CIF01009160,Customer_9161,Afar,Special Saving Account,8311.2,2560,33316.336,0.999999980693001
CIF01008526,Customer_8527,Oromia,Ordinary Saving Account,537.83,501,33315.3,0.9999998884532404
CIF01004094,Customer_4095,Addis Ababa,Blatena Saving Account,15577.69,3350,33310.324,0.9999999878021321
CIF01002560,Customer_2561,Addis Ababa,Blatena Saving Account,4645.52,1321,33309.51,0.999999976177229
CIF01009344,Customer_9345,Addis Ababa,Ahati Saving Account,836.0,452,33304.79,0.9999999701871123
CIF01005435,Customer_5436,Tigray,Ahati Saving Account,1244.72,630,33303.086,0.9999996360832352
CIF01005574,Customer_5575,Dire Dawa,Ordinary Saving Account,1133.52,1090,33302.152,0.9999999449020799
CIF01000299,Customer_300,SNNPR,Ordinary Saving Account,16730.36,1975,33295.91,0.9999999642987586
CIF01005754,Customer_5755,Addis Ababa,Ordinary Saving Account,15715.43,777,33286.457,0.9999999800118924
CIF01006224,Customer_6225,Oromia,Janderebaw Saving Account,4315.95,1450,33284.875,0.9999999206116504
CIF01001632,Customer_1633,Oromia,Ordinary Saving Account,15123.1,1343,33279.22,0.9999999939885469
CIF01001463,Customer_1464,Addis Ababa,Ordinary Saving Account,17884.52,474,33261.266,0.9999979434824742
CIF01006831,Customer_6832,Sidama,Asrat Bekurat Saving Account,5889.79,648,33261.21,0.9999996992658827
CIF01001982,Customer_1983,Harari,Ahadu Bereket Saving Account,2721.89,562,33249.79,0.9999999419914631
CIF01006226,Customer_6227,Benishangul-Gumuz,Prime Customer Deposit Account,887.61,750,33245.234,0.9999995628437405
CIF01002678,Customer_2679,Oromia,Werazut Saving Account,8654.69,4363,33244.188,0.9999999245992449
CIF01003698,Customer_3699,Addis Ababa,Ordinary Saving Account,14150.43,769,33242.137,0.999999965736997
CIF01008786,Customer_8787,Addis Ababa,Ordinary Saving Account,9172.85,1915,33230.465,0.9999999690870215
CIF01008152,Customer_8153,Oromia,Ordinary Saving Account,5225.16,1773,33219.527,0.9999999896958017
CIF01009327,Customer_9328,Addis Ababa,Equb Saving Account,4665.32,765,33212.637,0.9999997738451704
CIF01003385,Customer_3386,Oromia,Ordinary Saving Account,7311.47,4914,33209.17,0.9999999813126491
CIF01009323,Customer_9324,SNNPR,Special Saving Account,13201.46,2166,33200.316,0.9999999265803209
CIF01008633,Customer_8634,Oromia,Blatena Saving Account,2195.27,1845,33199.445,0.9999999831791168
CIF01008373,Customer_8374,Harari,Ahati Saving Account,5380.9,733,33194.11,0.9999999812799033
CIF01007211,Customer_7212,Addis Ababa,Tirufat Savings Account,14208.68,2192,33194.05,0.9999999929815906
CIF01006614,Customer_6615,Addis Ababa,Dekemezmur Saving Account,7591.67,823,33177.656,0.9999999430171246
CIF01000886,Customer_887,Addis Ababa,Prime Customer Deposit Account,8191.68,829,33171.047,0.9999999869594522
CIF01009803,Customer_9804,Amhara,Werazut Saving Account,8454.38,3566,33163.63,0.9999999537857974
CIF01002373,Customer_2374,Addis Ababa,Blatena Saving Account,2991.8,2821,33163.484,0.9999999844768375
CIF01009207,Customer_9208,Amhara,Dekemezmur Saving Account,1198.28,4949,33160.863,0.9999999720412066
CIF01003029,Customer_3030,Addis Ababa,Tirufat Savings Account,675.46,4252,33157.73,0.999999921744606
CIF01008293,Customer_8294,SNNPR,Ahati Saving Account,3960.96,4860,33157.41,0.9999999491536248
CIF01000707,Customer_708,Amhara,Prime Customer Deposit Account,1348.2,2372,33152.312,0.9999999452375964
CIF01007541,Customer_7542,Addis Ababa,Ahati Saving Account,19030.25,523,33147.805,0.9999973929987677
CIF01004093,Customer_4094,SNNPR,Ordinary Saving Account,1188.95,1888,33147.285,0.99999993974286
CIF01009369,Customer_9370,Addis Ababa,Couples Saving Deposit,1048.35,727,33145.49,0.9999991980712775
CIF01009969,Customer_9970,Tigray,Ordinary Saving Account,8278.62,3769,33132.6,0.9999999379808083
CIF01000520,Customer_521,Addis Ababa,Ordinary Saving Account,3475.43,1304,33131.64,0.9999999612992382
CIF01009586,Customer_9587,Amhara,Ahadu Bereket Saving Account,3387.9,4309,33117.67,0.9999999737225405
CIF01004305,Customer_4306,Addis Ababa,Werazut Saving Account,4480.74,2746,33115.66,0.9999999672926019
CIF01003651,Customer_3652,Harari,Blatena Saving Account,21378.76,371,33113.96,0.9999984817645657
CIF01002147,Customer_2148,SNNPR,Ordinary Saving Account,3001.18,4635,33110.254,0.999999904245349
CIF01009559,Customer_9560,Oromia,Abew Saving Account,2410.71,705,33102.438,0.9999997992618374
CIF01009509,Customer_9510,Oromia,Werazut Saving Account,12572.33,373,33097.918,0.9999988862134559
CIF01009848,Customer_9849,Oromia,Werazut Saving Account,1433.95,780,33094.895,0.9999999752514888
CIF01001177,Customer_1178,Harari,Ordinary Saving Account,15277.2,573,33091.164,0.9999942793584901
CIF01009995,Customer_9996,SNNPR,Werazut Saving Account,8863.18,3603,33086.617,0.9999997917794817
CIF01004069,Customer_4070,Oromia,Ordinary Saving Account,7037.96,1999,33077.207,0.9999999856602153
CIF01006519,Customer_6520,Addis Ababa,Ahati Saving Account,11545.26,1066,33076.58,0.999999992205412
CIF01009773,Customer_9774,Amhara,Werazut Saving Account,16443.2,1355,33071.492,0.9999997620325247
CIF01001984,Customer_1985,Amhara,Washera Saving Account,15185.35,784,33062.703,0.9999999596691534
CIF01007519,Customer_7520,Oromia,Werazut Saving Account,20029.71,1987,33055.855,0.99999998597909
CIF01004397,Customer_4398,Addis Ababa,Couples Saving Deposit,1813.22,644,33042.656,0.9999999609525745
CIF01007119,Customer_7120,SNNPR,Ordinary Saving Account,11968.75,689,33038.31,0.9999967816685584
CIF01007035,Customer_7036,Tigray,Hiruyan Saving Account,651.52,2653,33029.9,0.9999999030928947
CIF01007032,Customer_7033,Gambela,Agape Saving Account,5091.08,4901,33029.168,0.9999999804304477
CIF01001004,Customer_1005,Sidama,Ahati Saving Account,4055.47,664,33029.0,0.9999994196342179
CIF01005948,Customer_5949,Oromia,Special Saving Account,5540.55,1045,33028.76,0.9999999838014344
CIF01005542,Customer_5543,Addis Ababa,Dekemezmur Saving Account,18743.59,1365,33018.586,0.9999999751867801
CIF01002247,Customer_2248,Amhara,Hiruyan Saving Account,11083.74,2051,33007.203,0.9999999724692422
CIF01001848,Customer_1849,Tigray,Sitota Saving Deposit,3321.07,5101,32974.867,0.999999894245227
CIF01000914,Customer_915,Oromia,Hiruyan Saving Account,20317.09,826,32974.535,0.9999999679402486
CIF01006812,Customer_6813,Addis Ababa,Special Saving Account,3249.12,1437,32972.355,0.9999998178572637
CIF01008669,Customer_8670,Amhara,Abew Saving Account,2356.65,696,32970.75,0.9999998513326945
CIF01006129,Customer_6130,Oromia,Blatena Saving Account,16791.04,976,32958.44,0.9999998923672759
CIF01008709,Customer_8710,Amhara,Dekemezmur Saving Account,20308.26,391,32953.582,0.9999960265705741
CIF01002751,Customer_2752,Addis Ababa,Ahati Saving Account,3755.19,4234,32946.715,0.9999998352391773
CIF01004156,Customer_4157,Addis Ababa,Abew Saving Account,7112.2,4337,32935.99,0.9999999606352412
CIF01000180,Customer_181,Amhara,Ahadu Bereket Saving Account,7425.79,2037,32931.47,0.9999999599589224
CIF01003359,Customer_3360,Oromia,Ahadu Bereket Saving Account,13714.57,669,32928.145,0.9999951543609342
CIF01006754,Customer_6755,Amhara,Ahati Saving Account,19073.88,915,32927.18,0.9999999753804477
CIF01000027,Customer_28,Dire Dawa,Agape Saving Account,7918.05,2812,32925.2,0.9999999874856663
CIF01004056,Customer_4057,Harari,Abew Saving Account,644.38,634,32925.016,0.9999997539633655
CIF01004457,Customer_4458,Amhara,Dekemezmur Saving Account,8938.25,3731,32906.414,0.9999999712078086
CIF01001509,Customer_1510,Oromia,Tirufat Savings Account,11152.18,2323,32904.156,0.9999999438979148
CIF01002399,Customer_2400,Addis Ababa,Ordinary Saving Account,18329.05,993,32901.71,0.9999998918806653
CIF01007135,Customer_7136,Dire Dawa,Ahadu Bereket Saving Account,4608.06,801,32896.496,0.9999999743352419
CIF01005981,Customer_5982,Oromia,Hiruyan Saving Account,6603.32,4035,32892.73,0.9999999577401071
CIF01009075,Customer_9076,SNNPR,Ordinary Saving Account,9312.9,2497,32888.77,0.9999998276438857
CIF01007935,Customer_7936,Addis Ababa,Special Saving Account,16533.5,1985,32880.098,0.999999928577828
CIF01005369,Customer_5370,Addis Ababa,Janderebaw Saving Account,6264.95,1169,32875.785,0.9999999846874172
CIF01006912,Customer_6913,Gambela,Hiruyan Saving Account,8844.5,421,32869.57,0.9999999284508638
CIF01008228,Customer_8229,Afar,Ahati Saving Account,3123.88,4729,32866.547,0.99999998096876
CIF01006167,Customer_6168,Addis Ababa,Washera Saving Account,8650.42,4038,32861.824,0.999999992380952
CIF01005188,Customer_5189,Sidama,Ahati Saving Account,12191.98,1981,32858.883,0.9999999841165255
CIF01001115,Customer_1116,SNNPR,Hiruyan Saving Account,2338.6,2887,32855.52,0.9999999532016246
CIF01002066,Customer_2067,SNNPR,Ordinary Saving Account,4769.9,3565,32852.91,0.9999999498189319
CIF01005591,Customer_5592,Amhara,Special Saving Account,9647.1,2303,32851.797,0.9999999398975662
CIF01008053,Customer_8054,Addis Ababa,Agape Saving Account,3965.01,4759,32842.49,0.9999999521699697
CIF01001067,Customer_1068,Dire Dawa,Ordinary Saving Account,5678.57,1096,32839.89,0.9999999622512098
CIF01006504,Customer_6505,Oromia,Ordinary Saving Account,311.98,415,32837.086,0.9999999096635777
CIF01000082,Customer_83,Amhara,Ordinary Saving Account,5477.01,1120,32820.074,0.9999999573106935
CIF01000317,Customer_318,Addis Ababa,Couples Saving Deposit,7518.38,2069,32798.375,0.9999999905171749
CIF01003054,Customer_3055,Addis Ababa,Ordinary Saving Account,14468.71,2366,32789.996,0.9999999751864845
CIF01001590,Customer_1591,Tigray,Ahati Saving Account,4583.23,657,32788.234,0.9999994434908175
CIF01000171,Customer_172,SNNPR,Couples Saving Deposit,6122.77,4874,32784.555,0.9999999341130791
CIF01008731,Customer_8732,SNNPR,Tirufat Savings Account,21529.58,2753,32778.785,0.9999999448147924
CIF01003465,Customer_3466,Amhara,Ordinary Saving Account,3248.6,1253,32769.28,0.9999999750254458
CIF01000312,Customer_313,Addis Ababa,Werazut Saving Account,2410.16,2555,32767.242,0.9999999774308682
CIF01005977,Customer_5978,Amhara,Ordinary Saving Account,19923.18,1421,32755.656,0.9999996778992932
CIF01001944,Customer_1945,Addis Ababa,Ahati Saving Account,14845.35,505,32735.78,0.9999992383302451
CIF01000940,Customer_941,Tigray,Ordinary Saving Account,1320.92,4183,32735.654,0.9999998705038234
CIF01006347,Customer_6348,Amhara,Special Saving Account,16623.91,2850,32734.674,0.9999999779526443
CIF01006769,Customer_6770,Amhara,Special Saving Account,16572.35,1426,32729.004,0.9999994268597153
CIF01009670,Customer_9671,Addis Ababa,Special Saving Account,4361.38,583,32723.355,0.9999998240416724
CIF01005495,Customer_5496,Benishangul-Gumuz,Janderebaw Saving Account,2936.91,3429,32716.625,0.999999985612041
CIF01003915,Customer_3916,Dire Dawa,Ordinary Saving Account,2891.8,1138,32708.922,0.9999999502751602
CIF01005427,Customer_5428,Benishangul-Gumuz,Sitota Saving Deposit,10472.33,1861,32700.209,0.9999999295821079
CIF01002582,Customer_2583,Dire Dawa,Agape Saving Account,13558.22,3312,32680.799,0.999999989899682
CIF01008079,Customer_8080,Oromia,Ordinary Saving Account,16413.57,1662,32676.102,0.9999999417549791
CIF01005706,Customer_5707,Benishangul-Gumuz,Dekemezmur Saving Account,8333.13,2084,32675.611,0.9999999402880742
CIF01007824,Customer_7825,Addis Ababa,Hiruyan Saving Account,12733.9,453,32662.514,0.9999913390424211
CIF01006535,Customer_6536,Amhara,Ahadu Bereket Saving Account,3773.67,4143,32660.82,0.9999999902795825
CIF01000947,Customer_948,Oromia,Equb Saving Account,6697.92,950,32654.078,0.9999999799084107
CIF01002187,Customer_2188,Amhara,Ordinary Saving Account,4660.27,2702,32653.04,0.999999982621009
CIF01009451,Customer_9452,Oromia,Ordinary Saving Account,19109.03,2282,32648.656,0.9999999802250112
CIF01008415,Customer_8416,Oromia,Blatena Saving Account,17642.66,2689,32640.152,0.9999998610657785
CIF01003794,Customer_3795,Somali,Ordinary Saving Account,5330.16,1022,32639.615,0.9999999192855599
CIF01006940,Customer_6941,Addis Ababa,Werazut Saving Account,6725.78,2009,32633.879,0.9999999646400358
CIF01008725,Customer_8726,Oromia,Sitota Saving Deposit,1237.67,422,32631.629,0.9999998772577547
CIF01006634,Customer_6635,Tigray,Prime Customer Deposit Account,10042.45,3104,32623.1,0.9999999023529353
CIF01006207,Customer_6208,Addis Ababa,Equb Saving Account,16825.11,846,32614.75,0.9999998515679243
CIF01003669,Customer_3670,Oromia,Ordinary Saving Account,8639.09,797,32613.986,0.9999998626901285
CIF01001199,Customer_1200,Harari,Dekemezmur Saving Account,1899.42,4319,32613.785,0.9999999807293493
CIF01004250,Customer_4251,Addis Ababa,Washera Saving Account,414.94,4715,32611.951,0.9999999842034502
CIF01006367,Customer_6368,Addis Ababa,Janderebaw Saving Account,2466.47,1300,32611.797,0.9999998966328307
CIF01004132,Customer_4133,SNNPR,Ordinary Saving Account,13290.45,530,32611.299,0.9999960295302888
CIF01005398,Customer_5399,Tigray,Prime Customer Deposit Account,9028.31,3395,32609.252,0.9999998822176058
CIF01008604,Customer_8605,Amhara,Ordinary Saving Account,5262.79,3950,32607.393,0.9999999636621735
CIF01003642,Customer_3643,Oromia,Ahadu Bereket Saving Account,3111.32,4481,32607.17,0.999999974947438
CIF01007698,Customer_7699,Amhara,Agape Saving Account,7694.5,4164,32594.01,0.9999999747837283
CIF01003713,Customer_3714,Amhara,Janderebaw Saving Account,12487.74,1891,32591.453,0.9999998318185398
CIF01002058,Customer_2059,Addis Ababa,Abew Saving Account,1218.83,3594,32584.742,0.9999999710940928
CIF01005689,Customer_5690,Harari,Abew Saving Account,6265.35,2763,32581.367,0.9999999535216667
CIF01008027,Customer_8028,Tigray,Janderebaw Saving Account,1663.86,3141,32581.102,0.9999998934733847
CIF01000880,Customer_881,Oromia,Sitota Saving Deposit,9292.86,1997,32581.01,0.9999998974014409
CIF01002311,Customer_2312,Somali,Blatena Saving Account,1381.98,5330,32579.547,0.999999935038703
CIF01005009,Customer_5010,Gambela,Prime Customer Deposit Account,6771.28,821,32564.639,0.9999999678314285
CIF01005327,Customer_5328,SNNPR,Ahati Saving Account,598.83,666,32563.857,0.9999993028562042
CIF01009115,Customer_9116,Tigray,Special Saving Account,3428.62,1287,32562.281,0.9999998823007449
CIF01007438,Customer_7439,Amhara,Agape Saving Account,8971.78,3662,32544.887,0.9999999278811672
CIF01001118,Customer_1119,Dire Dawa,Washera Saving Account,2586.4,1325,32540.756,0.9999999865749032
CIF01000833,Customer_834,Addis Ababa,Ahati Saving Account,3017.32,3592,32520.729,0.9999999688320912
CIF01009714,Customer_9715,Tigray,Special Saving Account,13045.39,2978,32518.55,0.9999999121160623
CIF01003581,Customer_3582,Amhara,Abew Saving Account,9697.01,601,32515.777,0.9999973720575096
CIF01009690,Customer_9691,Oromia,Tirufat Savings Account,681.27,2846,32514.69,0.9999999806947751
CIF01006380,Customer_6381,Harari,Ordinary Saving Account,18009.25,1071,32511.293,0.9999999763551769
CIF01000607,Customer_608,SNNPR,Abew Saving Account,8616.52,1894,32509.592,0.9999998485983248
CIF01002553,Customer_2554,Addis Ababa,Janderebaw Saving Account,2449.8,4523,32499.19,0.9999999000340285
CIF01007138,Customer_7139,Oromia,Ordinary Saving Account,12061.45,1431,32496.484,0.9999999742599699
CIF01009942,Customer_9943,SNNPR,Asrat Bekurat Saving Account,1503.19,3693,32487.426,0.9999999320894275
CIF01004547,Customer_4548,Addis Ababa,Janderebaw Saving Account,1459.55,2648,32482.895,0.9999999818018713
CIF01003977,Customer_3978,Addis Ababa,Janderebaw Saving Account,6985.82,781,32479.307,0.9999999900203972
CIF01002152,Customer_2153,Amhara,Tirufat Savings Account,3073.08,4773,32455.545,0.999999980852632
CIF01002426,Customer_2427,Afar,Ahadu Bereket Saving Account,16920.65,1445,32451.842,0.9999999671379851
CIF01002929,Customer_2930,SNNPR,Blatena Saving Account,3640.95,724,32445.637,0.9999993230595619
CIF01008753,Customer_8754,Addis Ababa,Werazut Saving Account,6679.82,565,32423.4,0.9999999868969718
CIF01003094,Customer_3095,SNNPR,Ahati Saving Account,7934.85,2124,32405.162,0.9999999273957444
CIF01004105,Customer_4106,Sidama,Tirufat Savings Account,11121.99,1395,32404.06,0.9999997979148194
CIF01008755,Customer_8756,Amhara,Ordinary Saving Account,9789.91,423,32399.49,0.9999986366693884
CIF01000281,Customer_282,Addis Ababa,Ordinary Saving Account,13336.42,3363,32382.143,0.999999968508091
CIF01003417,Customer_3418,Addis Ababa,Ordinary Saving Account,8576.19,4375,32366.377,0.9999999559052082
CIF01003599,Customer_3600,Addis Ababa,Ordinary Saving Account,9530.39,904,32356.906,0.999999890705896
CIF01004334,Customer_4335,Amhara,Ordinary Saving Account,675.87,2018,32353.857,0.9999999766974047
CIF01008399,Customer_8400,SNNPR,Tirufat Savings Account,5206.51,2841,32352.572,0.9999999219974439
CIF01007545,Customer_7546,SNNPR,Equb Saving Account,5944.35,2021,32336.86,0.9999999427822214
CIF01009345,Customer_9346,Oromia,Agape Saving Account,2386.32,1644,32335.701,0.9999999628398304
CIF01006537,Customer_6538,Benishangul-Gumuz,Dekemezmur Saving Account,16306.02,1945,32331.28,0.9999999740457735
CIF01006083,Customer_6084,Addis Ababa,Agape Saving Account,6047.43,2867,32330.225,0.9999999680729222
CIF01006693,Customer_6694,Addis Ababa,Couples Saving Deposit,2969.73,2664,32322.793,0.9999999400926445
CIF01002851,Customer_2852,Benishangul-Gumuz,Hiruyan Saving Account,3704.05,1301,32315.857,0.999999992000247
CIF01002859,Customer_2860,Oromia,Werazut Saving Account,6356.98,4514,32291.082,0.9999999752420721
CIF01005615,Customer_5616,Addis Ababa,Abew Saving Account,8264.8,1859,32288.281,0.9999999816672819
CIF01002265,Customer_2266,Addis Ababa,Dekemezmur Saving Account,6960.72,2898,32286.121,0.9999999880565075
CIF01002100,Customer_2101,Gambela,Tirufat Savings Account,5736.61,3559,32263.754,0.9999999848567174
CIF01001811,Customer_1812,Harari,Special Saving Account,13906.69,1239,32258.742,0.9999999879724518
CIF01000673,Customer_674,Oromia,Tirufat Savings Account,2489.96,1389,32246.168,0.9999999755540042
CIF01004129,Customer_4130,Oromia,Prime Customer Deposit Account,18879.55,1287,32237.762,0.999999979431268
CIF01002578,Customer_2579,Amhara,Ordinary Saving Account,20528.38,1277,32228.291,0.9999999771246214
CIF01000828,Customer_829,Addis Ababa,Blatena Saving Account,1827.71,821,32224.365,0.9999999384542431
CIF01005511,Customer_5512,SNNPR,Abew Saving Account,7765.43,2730,32213.76,0.9999998755813883
CIF01004434,Customer_4435,Tigray,Couples Saving Deposit,14460.67,1069,32209.887,0.999999847163529
CIF01007637,Customer_7638,Oromia,Abew Saving Account,4624.49,686,32202.16,0.999999786889694
CIF01004113,Customer_4114,Sidama,Ahadu Bereket Saving Account,10381.77,2440,32191.232,0.9999998919088539
CIF01002639,Customer_2640,Amhara,Dekemezmur Saving Account,14252.04,1057,32179.934,0.9999999803696483
CIF01006834,Customer_6835,Addis Ababa,Special Saving Account,5465.99,2887,32178.7,0.9999999605469199
CIF01008733,Customer_8734,SNNPR,Equb Saving Account,2777.36,4587,32164.877,0.9999999349197297
CIF01001237,Customer_1238,Amhara,Abew Saving Account,21250.18,1021,32131.93,0.9999996666131669
CIF01003336,Customer_3337,Afar,Ordinary Saving Account,14369.31,1053,32131.518,0.9999999962555723
CIF01003679,Customer_3680,Addis Ababa,Equb Saving Account,3479.72,2455,32125.531,0.9999999449677334
CIF01005270,Customer_5271,SNNPR,Equb Saving Account,2046.37,2210,32118.85,0.9999998940774911
CIF01003407,Customer_3408,Benishangul-Gumuz,Ahati Saving Account,810.85,3308,32117.512,0.9999999571220352
CIF01001833,Customer_1834,Oromia,Hiruyan Saving Account,7212.45,3742,32117.45,0.9999998202807049
CIF01001196,Customer_1197,SNNPR,Special Saving Account,15036.23,2119,32112.123,0.9999998099551225
CIF01001358,Customer_1359,Addis Ababa,Werazut Saving Account,14501.96,562,32111.19,0.9999940431259966
CIF01008283,Customer_8284,Addis Ababa,Abew Saving Account,5348.7,1983,32102.266,0.99999998030172
CIF01000728,Customer_729,Amhara,Asrat Bekurat Saving Account,1365.48,2686,32094.617,0.9999999526603598
CIF01009696,Customer_9697,Addis Ababa,Equb Saving Account,949.77,4408,32091.666,0.999999919472941
CIF01003144,Customer_3145,Addis Ababa,Couples Saving Deposit,3900.26,804,32074.22,0.9999999734526857
CIF01000545,Customer_546,Addis Ababa,Ahati Saving Account,8887.12,3788,32073.498,0.9999998857625092
CIF01006703,Customer_6704,Oromia,Blatena Saving Account,14736.72,2008,32071.934,0.9999999738197078
CIF01001156,Customer_1157,Addis Ababa,Special Saving Account,8200.09,544,32068.209,0.9999998536283835
CIF01000721,Customer_722,Benishangul-Gumuz,Ahadu Bereket Saving Account,1577.49,3649,32059.283,0.9999999772980604
CIF01002094,Customer_2095,Addis Ababa,Asrat Bekurat Saving Account,3446.77,2598,32053.828,0.9999999448982732
CIF01000432,Customer_433,Amhara,Ahati Saving Account,15151.38,392,32048.354,0.9999889036448771
CIF01006506,Customer_6507,SNNPR,Dekemezmur Saving Account,3484.56,1369,32039.668,0.9999999126161617
CIF01007332,Customer_7333,Sidama,Ordinary Saving Account,11688.93,1276,32031.566,0.9999998703354173
CIF01009410,Customer_9411,Oromia,Werazut Saving Account,1946.14,2004,32031.475,0.9999999889295691
CIF01000858,Customer_859,SNNPR,Ahati Saving Account,2678.38,4096,32019.465,0.9999998564221264
CIF01007899,Customer_7900,SNNPR,Blatena Saving Account,12375.96,450,32018.12,0.9999969738863239
CIF01005771,Customer_5772,SNNPR,Ordinary Saving Account,6822.74,2050,32012.11,0.9999999155013233
CIF01008805,Customer_8806,Amhara,Ordinary Saving Account,9567.58,1625,32002.432,0.9999999626554003
CIF01000635,Customer_636,Afar,Ordinary Saving Account,6940.82,3362,32002.389,0.9999999690421283
CIF01001614,Customer_1615,Benishangul-Gumuz,Ordinary Saving Account,1695.97,536,31995.303,0.9999998197910726
CIF01007509,Customer_7510,SNNPR,Blatena Saving Account,8470.93,1303,31990.73,0.9999998921075895
CIF01004936,Customer_4937,Amhara,Ordinary Saving Account,19589.89,1258,31974.508,0.9999998618487527
CIF01002828,Customer_2829,Dire Dawa,Ordinary Saving Account,487.44,1369,31964.834,0.999999975023772
CIF01007358,Customer_7359,Oromia,Hiruyan Saving Account,6851.25,1211,31964.572,0.9999999924193704
CIF01002294,Customer_2295,Tigray,Werazut Saving Account,5754.98,1634,31960.855,0.9999998654145671
CIF01002441,Customer_2442,SNNPR,Ordinary Saving Account,4720.3,1994,31960.062,0.9999998918464491
CIF01004724,Customer_4725,Amhara,Washera Saving Account,3687.81,4061,31954.2,0.999999988888041
CIF01001627,Customer_1628,Addis Ababa,Ordinary Saving Account,3890.33,3092,31953.309,0.9999999787556566
CIF01004672,Customer_4673,Harari,Special Saving Account,16369.83,2513,31950.387,0.9999999756292514
CIF01003335,Customer_3336,SNNPR,Ahati Saving Account,16527.15,2268,31946.264,0.9999999695240764
CIF01004203,Customer_4204,Tigray,Janderebaw Saving Account,898.03,2098,31922.463,0.999999859865243
CIF01007255,Customer_7256,Addis Ababa,Ordinary Saving Account,9804.78,1587,31914.06,0.9999996067569937
CIF01000609,Customer_610,Amhara,Special Saving Account,2572.77,3159,31913.518,0.9999999850068917
CIF01000323,Customer_324,Amhara,Janderebaw Saving Account,4770.24,1987,31898.152,0.9999999831264877
CIF01005889,Customer_5890,Addis Ababa,Hiruyan Saving Account,9063.93,4205,31883.172,0.9999999004920571
CIF01006716,Customer_6717,Somali,Blatena Saving Account,5347.67,3379,31881.326,0.9999999007535575
CIF01004205,Customer_4206,Addis Ababa,Ahadu Bereket Saving Account,2917.96,2929,31871.006,0.9999999811031269
CIF01003826,Customer_3827,Oromia,Special Saving Account,18567.17,1013,31869.97,0.9999999883577616
CIF01004405,Customer_4406,Dire Dawa,Ordinary Saving Account,4100.28,1409,31858.799,0.9999999723680913
CIF01004346,Customer_4347,Gambela,Ordinary Saving Account,15153.22,3109,31855.162,0.9999999416509852
CIF01000459,Customer_460,Addis Ababa,Ahati Saving Account,2266.0,1621,31851.756,0.9999999691378293
CIF01008593,Customer_8594,Addis Ababa,Ordinary Saving Account,11241.69,3276,31846.826,0.9999999722753367
CIF01001824,Customer_1825,Oromia,Dekemezmur Saving Account,2283.52,2548,31844.596,0.9999999860289019
CIF01007209,Customer_7210,Tigray,Dekemezmur Saving Account,1888.27,555,31842.502,0.9999989443238935
CIF01009228,Customer_9229,Benishangul-Gumuz,Special Saving Account,9891.19,1061,31834.055,0.9999999109481782
CIF01007440,Customer_7441,SNNPR,Sitota Saving Deposit,3292.75,3603,31805.863,0.9999999377819863
CIF01008484,Customer_8485,Tigray,Prime Customer Deposit Account,6503.23,1767,31796.398,0.999999925141799
CIF01007169,Customer_7170,Oromia,Ahati Saving Account,19080.29,1817,31793.363,0.9999998069898679
CIF01006004,Customer_6005,SNNPR,Blatena Saving Account,2073.27,1586,31782.57,0.9999998381232822
CIF01000890,Customer_891,Oromia,Abew Saving Account,15334.65,3102,31780.715,0.9999999181888528
CIF01005413,Customer_5414,Addis Ababa,Special Saving Account,13259.53,679,31773.354,0.9999997255320113
CIF01005445,Customer_5446,Oromia,Tirufat Savings Account,20262.5,1044,31766.908,0.9999997226791192
CIF01005031,Customer_5032,Gambela,Blatena Saving Account,17330.39,1015,31763.035,0.9999999766321631
CIF01009536,Customer_9537,Oromia,Abew Saving Account,13545.37,839,31759.852,0.9999998768532091
CIF01000172,Customer_173,Amhara,Werazut Saving Account,3893.8,3732,31747.773,0.9999999735970226
CIF01008512,Customer_8513,Addis Ababa,Blatena Saving Account,1366.58,3487,31745.648,0.9999999368171986
CIF01008670,Customer_8671,Amhara,Abew Saving Account,265.88,5501,31737.602,0.9999999276088279
CIF01006612,Customer_6613,Oromia,Ordinary Saving Account,2379.68,2876,31736.32,0.9999999726788386
CIF01004141,Customer_4142,Addis Ababa,Agape Saving Account,1399.93,378,31734.027,0.9999999487289741
CIF01008561,Customer_8562,Tigray,Equb Saving Account,4675.5,1393,31732.014,0.9999999075525975
CIF01005038,Customer_5039,Oromia,Hiruyan Saving Account,16227.76,1002,31717.838,0.9999999881802483
CIF01005921,Customer_5922,Amhara,Sitota Saving Deposit,4526.62,1243,31692.938,0.9999999326649379
CIF01006036,Customer_6037,Oromia,Abew Saving Account,10327.28,891,31687.256,0.9999998440864207
CIF01001631,Customer_1632,Oromia,Special Saving Account,3750.65,594,31682.1,0.9999999267724446
CIF01001872,Customer_1873,SNNPR,Werazut Saving Account,9632.29,458,31679.893,0.9999987008723581
CIF01008414,Customer_8415,Harari,Washera Saving Account,4854.52,962,31664.84,0.9999999769225566
CIF01007121,Customer_7122,Tigray,Ordinary Saving Account,637.64,2982,31659.635,0.9999999481992867
CIF01004635,Customer_4636,Addis Ababa,Ordinary Saving Account,18697.15,446,31657.072,0.9999976399046883
CIF01006405,Customer_6406,Addis Ababa,Werazut Saving Account,12463.58,745,31644.145,0.999989422302025
CIF01005761,Customer_5762,Addis Ababa,Hiruyan Saving Account,2831.88,1774,31640.781,0.9999999844159673
CIF01004235,Customer_4236,Amhara,Special Saving Account,6467.53,1964,31616.934,0.9999999910732774
CIF01003018,Customer_3019,Afar,Special Saving Account,9709.57,3217,31593.125,0.999999990174763
CIF01002571,Customer_2572,Addis Ababa,Special Saving Account,4491.89,2166,31592.672,0.999999966720335
CIF01007975,Customer_7976,Addis Ababa,Special Saving Account,970.72,3501,31589.318,0.9999999851369259
CIF01004891,Customer_4892,Dire Dawa,Ordinary Saving Account,7327.97,1103,31587.604,0.9999999875729529
CIF01000582,Customer_583,Tigray,Ordinary Saving Account,6001.92,3750,31584.104,0.9999999116782592
CIF01007956,Customer_7957,Harari,Ahati Saving Account,4010.4,502,31581.986,0.9999997053980838
CIF01003462,Customer_3463,Harari,Blatena Saving Account,3119.67,1013,31570.633,0.999999981325499
CIF01006000,Customer_6001,Amhara,Ordinary Saving Account,3062.12,732,31565.666,0.9999999663189398
CIF01001413,Customer_1414,Addis Ababa,Ordinary Saving Account,4676.49,1374,31556.592,0.9999999728060244
CIF01000550,Customer_551,Addis Ababa,Ordinary Saving Account,6043.04,4010,31551.61,0.9999999428919587
CIF01000621,Customer_622,SNNPR,Equb Saving Account,10882.56,1718,31540.047,0.9999998090182095
CIF01009460,Customer_9461,SNNPR,Ordinary Saving Account,19854.94,1240,31538.209,0.999999848391966
CIF01005433,Customer_5434,Afar,Ordinary Saving Account,921.94,2615,31516.283,0.9999999941896791
CIF01008650,Customer_8651,Afar,Blatena Saving Account,17113.32,2837,31512.186,0.9999999928601311
CIF01009127,Customer_9128,Addis Ababa,Special Saving Account,10460.2,524,31490.088,0.9999997221234852
CIF01002896,Customer_2897,Oromia,Blatena Saving Account,1195.44,613,31482.662,0.9999998980032512
CIF01004931,Customer_4932,Dire Dawa,Ordinary Saving Account,14799.78,1004,31479.826,0.9999999689847913
CIF01002380,Customer_2381,Somali,Equb Saving Account,926.41,1249,31478.912,0.9999998936234167
CIF01003345,Customer_3346,Harari,Ordinary Saving Account,2338.64,5266,31475.67,0.9999999870134251
CIF01007810,Customer_7811,SNNPR,Tirufat Savings Account,1217.93,4574,31475.184,0.999999904624854
CIF01009385,Customer_9386,Addis Ababa,Ordinary Saving Account,16857.08,799,31463.74,0.99999995504979
CIF01006082,Customer_6083,Addis Ababa,Ordinary Saving Account,4159.35,3759,31462.186,0.9999999773560843
CIF01005017,Customer_5018,Benishangul-Gumuz,Ahati Saving Account,4034.3,2637,31448.635,0.9999999847011345
CIF01005617,Customer_5618,Amhara,Washera Saving Account,827.18,4941,31441.188,0.9999999171058935
CIF01009543,Customer_9544,Oromia,Ahati Saving Account,1836.56,4282,31433.152,0.9999999757179888
CIF01003885,Customer_3886,Afar,Sitota Saving Deposit,3384.14,2702,31411.42,0.9999999860727717
CIF01007041,Customer_7042,SNNPR,Ordinary Saving Account,1787.17,2149,31401.521,0.9999999127944215
CIF01002731,Customer_2732,Addis Ababa,Sitota Saving Deposit,2884.79,524,31392.51,0.9999998236759853
CIF01003965,Customer_3966,Sidama,Tirufat Savings Account,7716.02,1181,31391.188,0.999999862882562
CIF01002368,Customer_2369,Amhara,Dekemezmur Saving Account,4102.72,1206,31373.938,0.9999999877436855
CIF01002523,Customer_2524,Amhara,Sitota Saving Deposit,3802.48,1253,31372.738,0.9999999889510632
CIF01003368,Customer_3369,Oromia,Ordinary Saving Account,7797.22,4210,31365.375,0.9999999733354015
CIF01008548,Customer_8549,Sidama,Blatena Saving Account,2309.27,1686,31358.084,0.9999999352240088
CIF01001635,Customer_1636,Oromia,Washera Saving Account,876.4,1700,31353.785,0.9999999885794294
CIF01008888,Customer_8889,Addis Ababa,Ahadu Bereket Saving Account,10363.77,379,31350.256,0.999998861611655
CIF01007090,Customer_7091,Sidama,Tirufat Savings Account,12058.86,486,31346.473,0.9999974940550235
CIF01008801,Customer_8802,Oromia,Ordinary Saving Account,11975.93,1059,31344.38,0.9999999770872211
CIF01003093,Customer_3094,Gambela,Special Saving Account,3092.22,4682,31336.916,0.9999999458376081
CIF01007776,Customer_7777,Amhara,Special Saving Account,10259.82,2400,31335.318,0.9999999363150748
CIF01000717,Customer_718,Addis Ababa,Hiruyan Saving Account,5533.64,4890,31331.695,0.9999999757780956
CIF01000999,Customer_1000,Tigray,Ordinary Saving Account,2799.29,491,31323.291,0.9999993794213958
CIF01007921,Customer_7922,SNNPR,Special Saving Account,7333.53,2032,31315.928,0.9999999325630208
CIF01005600,Customer_5601,Oromia,Abew Saving Account,12857.05,463,31310.32,0.9999992031475614
CIF01007240,Customer_7241,SNNPR,Ordinary Saving Account,4697.91,373,31270.654,0.9999995028223096
CIF01006669,Customer_6670,SNNPR,Dekemezmur Saving Account,5986.09,2199,31260.709,0.9999999216080965
CIF01008198,Customer_8199,Addis Ababa,Abew Saving Account,5299.48,3874,31254.33,0.9999999939733606
CIF01004296,Customer_4297,Oromia,Ahati Saving Account,15517.78,2562,31242.084,0.9999999965282058
CIF01009354,Customer_9355,Oromia,Agape Saving Account,20584.94,999,31241.105,0.999999800946234
CIF01000605,Customer_606,Addis Ababa,Asrat Bekurat Saving Account,4910.07,2224,31207.33,0.9999999729623089
CIF01005784,Customer_5785,Oromia,Ordinary Saving Account,3532.5,695,31198.312,0.9999999436667567
CIF01001804,Customer_1805,Sidama,Agape Saving Account,1027.43,1167,31191.73,0.999999935830285
CIF01003168,Customer_3169,Dire Dawa,Special Saving Account,7802.92,737,31182.17,0.9999999271089142
CIF01005680,Customer_5681,Addis Ababa,Washera Saving Account,11341.97,3366,31178.092,0.9999999497378426
CIF01005674,Customer_5675,Addis Ababa,Ahati Saving Account,11623.9,2047,31164.809,0.9999998078378826
CIF01002268,Customer_2269,SNNPR,Ordinary Saving Account,1551.93,3927,31164.365,0.9999999217125485
CIF01006515,Customer_6516,Addis Ababa,Sitota Saving Deposit,16525.63,1614,31155.936,0.9999999415941155
CIF01001642,Customer_1643,Addis Ababa,Abew Saving Account,12896.56,485,31132.7,0.9999997340590646
CIF01003823,Customer_3824,Dire Dawa,Special Saving Account,8607.97,1270,31114.166,0.9999999095469394
CIF01002970,Customer_2971,Afar,Ordinary Saving Account,3397.47,4515,31090.861,0.9999999564677263
CIF01006999,Customer_7000,Amhara,Tirufat Savings Account,5006.09,4630,31079.738,0.9999999288529542
CIF01002129,Customer_2130,Amhara,Sitota Saving Deposit,1160.91,2254,31078.27,0.9999999754667742
CIF01004524,Customer_4525,Addis Ababa,Werazut Saving Account,8064.44,2745,31067.506,0.999999989106051
CIF01008137,Customer_8138,Addis Ababa,Ordinary Saving Account,12993.13,581,31064.639,0.9999968101605524
CIF01006371,Customer_6372,Oromia,Special Saving Account,2662.98,5529,31040.598,0.9999999787285696
CIF01007923,Customer_7924,Oromia,Equb Saving Account,9130.73,1620,31040.125,0.999999987170716
CIF01007490,Customer_7491,SNNPR,Blatena Saving Account,3134.23,4318,31039.812,0.9999998761786992
CIF01007851,Customer_7852,Sidama,Ordinary Saving Account,4913.95,1034,31035.682,0.9999999434538315
CIF01003772,Customer_3773,Amhara,Ahati Saving Account,21161.97,1233,31029.387,0.9999999410721424
CIF01006472,Customer_6473,Amhara,Ordinary Saving Account,1548.0,1413,31027.56,0.9999999844309229
CIF01007918,Customer_7919,Dire Dawa,Ordinary Saving Account,1263.84,786,31021.39,0.9999999876843609
CIF01003580,Customer_3581,Sidama,Ordinary Saving Account,1434.79,3104,31013.43,0.9999998698019529
CIF01001052,Customer_1053,Afar,Ordinary Saving Account,1242.7,443,31006.3,0.9999999667272312
CIF01008465,Customer_8466,Sidama,Special Saving Account,3713.25,2392,31001.615,0.9999998460140622
CIF01002481,Customer_2482,Amhara,Janderebaw Saving Account,2303.22,2169,30999.59,0.9999999305159698
CIF01008377,Customer_8378,Addis Ababa,Abew Saving Account,9719.42,560,30995.459,0.9999977915221863
CIF01007483,Customer_7484,Sidama,Blatena Saving Account,401.22,3859,30986.367,0.9999999384310043
CIF01003569,Customer_3570,SNNPR,Couples Saving Deposit,4419.01,2112,30983.32,0.9999998964217794
CIF01003332,Customer_3333,SNNPR,Special Saving Account,12108.09,434,30981.084,0.9999873733526325
CIF01004419,Customer_4420,SNNPR,Janderebaw Saving Account,11830.5,3711,30978.15,0.9999999232595033
CIF01007189,Customer_7190,Gambela,Werazut Saving Account,18380.31,2752,30975.693,0.9999999793361545
CIF01006852,Customer_6853,Addis Ababa,Prime Customer Deposit Account,14448.17,1019,30963.824,0.9999999770254301
CIF01007915,Customer_7916,Addis Ababa,Ordinary Saving Account,12862.83,1371,30954.803,0.9999999823938813
CIF01000784,Customer_785,Addis Ababa,Ordinary Saving Account,12077.3,976,30942.863,0.9999999562490302
CIF01007968,Customer_7969,Addis Ababa,Ordinary Saving Account,4887.72,4206,30918.723,0.9999999834967266
CIF01009109,Customer_9110,Oromia,Ordinary Saving Account,11169.29,1016,30905.5,0.9999996747895613
CIF01002951,Customer_2952,Amhara,Tirufat Savings Account,7874.72,1505,30897.7,0.9999999917376797
CIF01009035,Customer_9036,Oromia,Ordinary Saving Account,146.21,687,30893.336,0.9999998048557234
CIF01000098,Customer_99,SNNPR,Abew Saving Account,1361.86,3685,30876.566,0.9999999506545199
CIF01000143,Customer_144,Oromia,Ordinary Saving Account,11519.65,381,30871.969,0.9999918162003796
CIF01004924,Customer_4925,Oromia,Abew Saving Account,10950.45,3339,30868.758,0.9999999801702888
CIF01004195,Customer_4196,Oromia,Ahati Saving Account,11213.13,799,30862.318,0.9999998826179783
CIF01000714,Customer_715,Addis Ababa,Hiruyan Saving Account,11935.19,855,30854.422,0.9999997650068823
CIF01001958,Customer_1959,Addis Ababa,Ordinary Saving Account,2858.72,5614,30853.887,0.9999999773871523
CIF01000937,Customer_938,Addis Ababa,Ordinary Saving Account,6791.71,1024,30829.521,0.9999999613802409
CIF01009530,Customer_9531,Amhara,Ordinary Saving Account,4635.6,1203,30824.746,0.9999999872051338
CIF01006500,Customer_6501,Addis Ababa,Special Saving Account,6318.72,790,30821.615,0.999999971748243
CIF01003573,Customer_3574,Addis Ababa,Werazut Saving Account,782.75,595,30819.559,0.9999998764815122
CIF01003598,Customer_3599,Addis Ababa,Abew Saving Account,18252.23,2748,30815.938,0.9999999055421016
CIF01006211,Customer_6212,Tigray,Abew Saving Account,1605.06,1445,30796.723,0.9999998984892914
CIF01003506,Customer_3507,Oromia,Equb Saving Account,10345.1,509,30795.578,0.9999998234760467
CIF01003289,Customer_3290,SNNPR,Ordinary Saving Account,7387.71,556,30790.955,0.9999991964837162
CIF01003298,Customer_3299,Addis Ababa,Asrat Bekurat Saving Account,1787.6,809,30768.217,0.9999999600433604
CIF01002271,Customer_2272,Addis Ababa,Werazut Saving Account,9129.12,4114,30760.79,0.9999999530076182
CIF01007961,Customer_7962,Oromia,Blatena Saving Account,19453.04,1484,30753.664,0.9999999631360743
CIF01000276,Customer_277,Amhara,Special Saving Account,2809.15,2366,30752.146,0.9999999726901475
CIF01003331,Customer_3332,Amhara,Werazut Saving Account,10170.03,3337,30750.402,0.9999999821522986
CIF01002647,Customer_2648,Tigray,Hiruyan Saving Account,6729.39,2660,30738.648,0.999999871846583
CIF01006889,Customer_6890,Amhara,Tirufat Savings Account,3187.04,539,30736.275,0.999999955056285
CIF01009919,Customer_9920,Addis Ababa,Special Saving Account,111.32,1594,30731.402,0.9999999620800543
CIF01008110,Customer_8111,Amhara,Ordinary Saving Account,5261.62,2265,30725.176,0.9999999768676452
CIF01006717,Customer_6718,Addis Ababa,Prime Customer Deposit Account,14646.35,1083,30720.932,0.9999999499301934
CIF01008452,Customer_8453,SNNPR,Equb Saving Account,12904.91,947,30719.79,0.9999999003154234
CIF01009103,Customer_9104,Somali,Sitota Saving Deposit,5506.69,4207,30714.352,0.9999999276377355
CIF01009105,Customer_9106,Oromia,Special Saving Account,3882.71,3196,30696.781,0.9999999532858841
CIF01002937,Customer_2938,Amhara,Werazut Saving Account,21270.13,2853,30695.885,0.9999999035849454
CIF01007471,Customer_7472,Addis Ababa,Ordinary Saving Account,10939.86,1518,30681.25,0.9999997643423846
CIF01007352,Customer_7353,Addis Ababa,Special Saving Account,9710.48,2091,30680.873,0.9999998191924329
CIF01009192,Customer_9193,SNNPR,Ordinary Saving Account,5060.07,2386,30676.143,0.9999999556425825
CIF01005087,Customer_5088,Afar,Ordinary Saving Account,914.79,375,30671.125,0.9999997386163099
CIF01007970,Customer_7971,Amhara,Dekemezmur Saving Account,12804.85,1818,30669.746,0.9999999642688046
CIF01000446,Customer_447,Tigray,Ahati Saving Account,6037.43,4248,30666.02,0.99999988600118
CIF01008301,Customer_8302,Oromia,Blatena Saving Account,782.3,827,30665.576,0.9999999647050758
CIF01002442,Customer_2443,Oromia,Werazut Saving Account,3427.87,5009,30661.62,0.9999999847299788
CIF01001849,Customer_1850,Oromia,Prime Customer Deposit Account,4885.37,531,30655.44,0.9999999815265824
CIF01002923,Customer_2924,Addis Ababa,Prime Customer Deposit Account,522.75,502,30655.229,0.9999998211845693
CIF01003966,Customer_3967,Amhara,Special Saving Account,1474.11,879,30651.865,0.9999999753635466
CIF01004511,Customer_4512,Oromia,Hiruyan Saving Account,493.34,4065,30647.715,0.99999996736
CIF01009136,Customer_9137,Oromia,Ahadu Bereket Saving Account,1822.94,4490,30634.557,0.9999999895884334
CIF01005571,Customer_5572,Oromia,Dekemezmur Saving Account,7669.16,2337,30621.748,0.9999999419863992
CIF01001975,Customer_1976,Addis Ababa,Tirufat Savings Account,3145.95,872,30620.873,0.9999999754622203
CIF01004754,Customer_4755,SNNPR,Ordinary Saving Account,4477.8,1052,30610.07,0.9999998778339247
CIF01004425,Customer_4426,Oromia,Dekemezmur Saving Account,8282.61,1550,30606.016,0.9999999672082629
CIF01003387,Customer_3388,Addis Ababa,Ordinary Saving Account,9266.46,1057,30604.35,0.999999811534332
CIF01005700,Customer_5701,Addis Ababa,Ordinary Saving Account,2907.05,1216,30599.162,0.9999999723890315
CIF01005200,Customer_5201,Addis Ababa,Equb Saving Account,7466.56,1401,30598.904,0.9999999394205857
CIF01008520,Customer_8521,Oromia,Ordinary Saving Account,6758.04,1367,30585.953,0.9999998420514308
CIF01005751,Customer_5752,Sidama,Ahati Saving Account,10804.26,778,30584.787,0.9999999163400023
CIF01005650,Customer_5651,Tigray,Werazut Saving Account,6441.22,1022,30584.76,0.9999999116053238
CIF01006841,Customer_6842,Addis Ababa,Special Saving Account,2409.23,490,30567.537,0.9999998788184303
CIF01002978,Customer_2979,Amhara,Ordinary Saving Account,762.39,2269,30566.574,0.9999999679787602
CIF01008675,Customer_8676,SNNPR,Tirufat Savings Account,2378.03,806,30566.062,0.9999999162369076
CIF01001693,Customer_1694,Sidama,Hiruyan Saving Account,5913.91,1647,30565.498,0.9999999040386868
CIF01004976,Customer_4977,Afar,Hiruyan Saving Account,5804.2,4444,30563.832,0.9999999898620681
CIF01008460,Customer_8461,Benishangul-Gumuz,Blatena Saving Account,4811.98,4075,30559.227,0.9999999812907169
CIF01008180,Customer_8181,Oromia,Special Saving Account,12033.38,1171,30551.96,0.9999999692650804
CIF01005505,Customer_5506,Addis Ababa,Ordinary Saving Account,11372.01,467,30549.65,0.9999927986572775
CIF01001318,Customer_1319,Oromia,Special Saving Account,4708.33,3893,30526.01,0.9999999839005742
CIF01008739,Customer_8740,Harari,Ordinary Saving Account,5167.04,910,30521.01,0.9999999138812324
CIF01007981,Customer_7982,Somali,Special Saving Account,1648.01,742,30512.787,0.9999993292170241
CIF01006389,Customer_6390,Tigray,Abew Saving Account,3960.4,2585,30503.25,0.9999999539576249
CIF01007523,Customer_7524,Tigray,Ordinary Saving Account,6033.76,517,30498.766,0.9999993392130339
CIF01009283,Customer_9284,Addis Ababa,Dekemezmur Saving Account,2918.08,3082,30493.324,0.999999925911495
CIF01003100,Customer_3101,Tigray,Ordinary Saving Account,12761.24,1017,30488.18,0.9999998537752611
CIF01004831,Customer_4832,Addis Ababa,Ahati Saving Account,2788.51,2762,30483.592,0.9999999605137984
CIF01002687,Customer_2688,SNNPR,Ordinary Saving Account,12539.49,495,30477.885,0.9999940702129901
CIF01007245,Customer_7246,Amhara,Abew Saving Account,6762.18,1443,30476.398,0.9999999862156896
CIF01006592,Customer_6593,Addis Ababa,Hiruyan Saving Account,13173.11,3693,30471.516,0.9999999595496342
CIF01008245,Customer_8246,Addis Ababa,Ordinary Saving Account,3333.59,1401,30453.064,0.9999999480497472
CIF01006484,Customer_6485,Tigray,Couples Saving Deposit,2116.61,2226,30441.016,0.9999999452184843
CIF01003774,Customer_3775,Addis Ababa,Couples Saving Deposit,12481.26,430,30439.867,0.9999975935414146
CIF01006315,Customer_6316,Addis Ababa,Equb Saving Account,2506.65,2187,30429.732,0.9999999786606624
CIF01002093,Customer_2094,Amhara,Special Saving Account,1076.43,1479,30423.805,0.999999989065039
CIF01002657,Customer_2658,Addis Ababa,Couples Saving Deposit,12869.34,2352,30419.07,0.9999999704448572
CIF01007128,Customer_7129,Addis Ababa,Ordinary Saving Account,2764.97,617,30408.846,0.9999999538002055
CIF01001546,Customer_1547,Addis Ababa,Dekemezmur Saving Account,8575.6,3929,30401.176,0.9999999797376413
CIF01008472,Customer_8473,SNNPR,Dekemezmur Saving Account,7278.39,1711,30396.94,0.9999999099065379
CIF01009055,Customer_9056,Addis Ababa,Special Saving Account,9979.13,3625,30380.807,0.9999998112713949
CIF01000116,Customer_117,SNNPR,Abew Saving Account,11267.64,1592,30379.848,0.9999998923544973
CIF01006008,Customer_6009,Dire Dawa,Abew Saving Account,13729.88,1861,30378.234,0.9999996891355429
CIF01001200,Customer_1201,Benishangul-Gumuz,Blatena Saving Account,1038.13,5220,30359.482,0.9999999188515573
CIF01007867,Customer_7868,SNNPR,Werazut Saving Account,9779.72,2105,30357.174,0.9999997158256181
CIF01006383,Customer_6384,Amhara,Asrat Bekurat Saving Account,4734.09,4530,30355.11,0.9999999572520113
CIF01001020,Customer_1021,Afar,Abew Saving Account,12445.24,2193,30348.55,0.9999998256036131
CIF01000248,Customer_249,Tigray,Ordinary Saving Account,6526.18,1043,30348.146,0.9999999359654786
CIF01006817,Customer_6818,Addis Ababa,Ordinary Saving Account,12648.95,817,30343.82,0.9999992947822522
CIF01009049,Customer_9050,Amhara,Special Saving Account,8293.73,2430,30336.752,0.9999999921295347
CIF01002167,Customer_2168,Addis Ababa,Ahadu Bereket Saving Account,4976.15,876,30335.648,0.9999999930155845
CIF01000461,Customer_462,Addis Ababa,Equb Saving Account,8647.12,1081,30320.578,0.999999956131281
CIF01006858,Customer_6859,Sidama,Werazut Saving Account,5984.86,2240,30318.385,0.9999999529332526
CIF01003782,Customer_3783,Amhara,Special Saving Account,13949.03,1876,30311.312,0.9999997953878327
CIF01007110,Customer_7111,Addis Ababa,Special Saving Account,6836.98,670,30300.217,0.9999999387673395
CIF01008864,Customer_8865,Oromia,Ahadu Bereket Saving Account,7534.87,2522,30288.596,0.999999989292696
CIF01009064,Customer_9065,Amhara,Ordinary Saving Account,2085.98,1773,30286.168,0.9999999917185421
CIF01007452,Customer_7453,Sidama,Dekemezmur Saving Account,4987.24,736,30284.14,0.9999996528340844
CIF01006636,Customer_6637,Sidama,Ahadu Bereket Saving Account,8282.16,616,30277.717,0.9999984152801658
CIF01002249,Customer_2250,Addis Ababa,Dekemezmur Saving Account,4897.96,4046,30277.07,0.9999999879315252
CIF01002996,Customer_2997,Sidama,Janderebaw Saving Account,6192.94,2982,30271.572,0.999999921591341
CIF01002940,Customer_2941,Addis Ababa,Prime Customer Deposit Account,3063.53,3887,30266.21,0.9999999785291331
CIF01003556,Customer_3557,Oromia,Ahati Saving Account,1292.81,3758,30263.547,0.9999999790234031
CIF01009066,Customer_9067,SNNPR,Abew Saving Account,9435.57,1005,30232.4,0.9999997539380051
CIF01007430,Customer_7431,Addis Ababa,Ordinary Saving Account,10171.92,849,30226.244,0.9999999457233962
CIF01003911,Customer_3912,Oromia,Prime Customer Deposit Account,9630.52,1400,30223.424,0.999999980039175
CIF01006698,Customer_6699,Amhara,Ordinary Saving Account,4175.41,2491,30220.78,0.9999999804599854
CIF01003576,Customer_3577,Addis Ababa,Blatena Saving Account,7268.48,633,30219.014,0.9999992330437644
CIF01000710,Customer_711,Gambela,Agape Saving Account,9582.29,1617,30213.564,0.9999999717341702
CIF01006436,Customer_6437,Tigray,Tirufat Savings Account,4017.04,1008,30193.596,0.999999896817483
CIF01006189,Customer_6190,Oromia,Agape Saving Account,13365.64,2851,30192.254,0.9999999673833821
CIF01002723,Customer_2724,Addis Ababa,Special Saving Account,7855.51,771,30184.834,0.9999998002823148
CIF01007146,Customer_7147,Oromia,Ordinary Saving Account,227.01,774,30183.367,0.9999999713042477
CIF01006049,Customer_6050,Oromia,Werazut Saving Account,8956.56,550,30181.375,0.9999999579709997
CIF01007043,Customer_7044,Addis Ababa,Special Saving Account,3784.94,798,30172.68,0.9999999862662918
CIF01009212,Customer_9213,SNNPR,Hiruyan Saving Account,17070.16,2259,30171.791,0.9999999222881355
CIF01001793,Customer_1794,Addis Ababa,Hiruyan Saving Account,2516.78,1874,30166.516,0.9999999863231912
CIF01003604,Customer_3605,SNNPR,Ordinary Saving Account,1754.54,4105,30158.56,0.9999999612775874
CIF01003733,Customer_3734,Addis Ababa,Ordinary Saving Account,1956.54,720,30152.45,0.9999994797111753
CIF01004083,Customer_4084,SNNPR,Tirufat Savings Account,7960.18,4248,30134.107,0.9999999010860012
CIF01007611,Customer_7612,Addis Ababa,Blatena Saving Account,3220.54,891,30130.967,0.9999999912295109
CIF01008792,Customer_8793,SNNPR,Tirufat Savings Account,302.46,783,30128.227,0.999999872461982
CIF01004950,Customer_4951,Oromia,Special Saving Account,12005.15,1442,30120.03,0.9999998821368475
CIF01001647,Customer_1648,Benishangul-Gumuz,Ordinary Saving Account,12394.83,1006,30110.002,0.9999999670621573
CIF01004043,Customer_4044,Addis Ababa,Ahadu Bereket Saving Account,3448.5,4729,30107.89,0.9999999471724731
CIF01005343,Customer_5344,Addis Ababa,Dekemezmur Saving Account,9796.07,3870,30106.768,0.9999998421532705
CIF01009059,Customer_9060,Somali,Ahati Saving Account,12550.59,399,30104.943,0.9999962386033653
CIF01009674,Customer_9675,Harari,Ordinary Saving Account,17908.07,1474,30102.502,0.9999999648109633
CIF01000413,Customer_414,Oromia,Special Saving Account,16284.02,2746,30098.1,0.9999999878949796
CIF01009961,Customer_9962,Sidama,Ordinary Saving Account,11646.41,412,30097.072,0.9999962157809392
CIF01007706,Customer_7707,SNNPR,Ordinary Saving Account,2468.02,3859,30096.764,0.9999999519150308
CIF01002050,Customer_2051,Addis Ababa,Ordinary Saving Account,6271.08,2132,30091.523,0.9999999835315008
CIF01007593,Customer_7594,Benishangul-Gumuz,Ordinary Saving Account,9505.27,761,30088.787,0.999999055869439
CIF01008086,Customer_8087,Addis Ababa,Abew Saving Account,9369.54,2951,30085.857,0.999999982458904
CIF01004534,Customer_4535,Addis Ababa,Prime Customer Deposit Account,1796.44,1398,30082.32,0.999999949638546
CIF01002341,Customer_2342,Oromia,Special Saving Account,10492.32,479,30077.186,0.9999999342302276
CIF01005292,Customer_5293,Addis Ababa,Ahadu Bereket Saving Account,576.02,1221,30071.506,0.9999999812794585
CIF01008535,Customer_8536,Amhara,Ahati Saving Account,1084.46,3760,30065.3,0.9999999188920782
CIF01005959,Customer_5960,Addis Ababa,Ahadu Bereket Saving Account,1517.64,733,30063.588,0.999999576048432
CIF01005796,Customer_5797,Oromia,Prime Customer Deposit Account,3866.02,1454,30062.008,0.9999999503028116
CIF01000684,Customer_685,Benishangul-Gumuz,Prime Customer Deposit Account,10013.55,602,30057.508,0.9999998043910966
CIF01004438,Customer_4439,Dire Dawa,Blatena Saving Account,5516.34,1678,30040.13,0.9999999757456156
CIF01008571,Customer_8572,Oromia,Special Saving Account,5183.69,1154,30030.992,0.9999999705660179
CIF01007890,Customer_7891,Addis Ababa,Werazut Saving Account,13605.65,1846,30022.361,0.9999999315800365
CIF01006120,Customer_6121,Amhara,Special Saving Account,10939.83,442,30020.715,0.9999994522189012
CIF01003858,Customer_3859,Sidama,Dekemezmur Saving Account,8479.12,1613,30009.764,0.9999999224869227
CIF01000523,Customer_524,Amhara,Ordinary Saving Account,16059.39,2649,30009.607,0.9999999911340579
CIF01003832,Customer_3833,Gambela,Blatena Saving Account,10817.43,466,29971.725,0.9999997882923577
CIF01007903,Customer_7904,Addis Ababa,Blatena Saving Account,11577.48,2261,29966.736,0.9999999378840679
CIF01003687,Customer_3688,Harari,Hiruyan Saving Account,8032.63,1153,29964.39,0.9999999639263957
CIF01002106,Customer_2107,Addis Ababa,Agape Saving Account,12223.24,1389,29962.62,0.9999999844564651
CIF01003456,Customer_3457,Oromia,Hiruyan Saving Account,4496.85,4282,29962.59,0.9999999879206872
CIF01000318,Customer_319,Addis Ababa,Ahati Saving Account,16915.68,1569,29953.436,0.9999998774441433
CIF01005577,Customer_5578,Afar,Ahati Saving Account,3805.35,1480,29945.152,0.9999999526708108
CIF01000802,Customer_803,SNNPR,Ahati Saving Account,2425.97,2628,29939.303,0.9999999474461719
CIF01002492,Customer_2493,Amhara,Ordinary Saving Account,8057.77,471,29931.686,0.9999984505849767
CIF01005725,Customer_5726,Amhara,Washera Saving Account,2386.16,5107,29930.912,0.9999999810929506
CIF01001248,Customer_1249,Amhara,Ordinary Saving Account,4204.29,2264,29929.785,0.9999999204666984
CIF01009248,Customer_9249,Gambela,Equb Saving Account,884.61,810,29922.033,0.9999999557313539
CIF01006799,Customer_6800,Addis Ababa,Abew Saving Account,1772.2,818,29897.36,0.9999999542406685
CIF01000921,Customer_922,Oromia,Werazut Saving Account,5498.17,968,29888.79,0.9999999815377411
CIF01007948,Customer_7949,Oromia,Ordinary Saving Account,6206.3,1789,29883.043,0.9999999758661057
CIF01001606,Customer_1607,Amhara,Blatena Saving Account,10062.52,2822,29856.346,0.9999998157351138
CIF01002404,Customer_2405,Addis Ababa,Tirufat Savings Account,3356.22,1825,29850.568,0.9999999715302842
CIF01009837,Customer_9838,Addis Ababa,Dekemezmur Saving Account,9900.11,2050,29823.37,0.9999999351378206
CIF01001242,Customer_1243,Addis Ababa,Special Saving Account,4301.5,1523,29821.562,0.9999999702857845
CIF01009615,Customer_9616,Addis Ababa,Werazut Saving Account,482.61,2863,29814.678,0.9999999605418757
CIF01000218,Customer_219,Addis Ababa,Werazut Saving Account,1988.58,714,29809.701,0.9999999712706528
CIF01006109,Customer_6110,Oromia,Ordinary Saving Account,513.69,4730,29809.143,0.9999999727947232
CIF01005397,Customer_5398,Oromia,Prime Customer Deposit Account,8434.2,4492,29807.322,0.9999999897557402
CIF01006091,Customer_6092,Benishangul-Gumuz,Werazut Saving Account,9597.23,1564,29804.197,0.9999999884369549
CIF01000187,Customer_188,Oromia,Abew Saving Account,678.37,734,29801.557,0.999999741133881
CIF01009116,Customer_9117,Sidama,Sitota Saving Deposit,8160.74,2273,29796.043,0.9999999574954981
CIF01006011,Customer_6012,Addis Ababa,Ordinary Saving Account,593.06,2529,29795.307,0.99999997009301
CIF01006526,Customer_6527,SNNPR,Janderebaw Saving Account,4550.27,989,29792.666,0.9999999495931783
CIF01002690,Customer_2691,Dire Dawa,Ahadu Bereket Saving Account,5095.07,1021,29778.03,0.9999999168295393
CIF01003360,Customer_3361,Harari,Special Saving Account,7991.16,758,29771.246,0.9999997022440418
CIF01003831,Customer_3832,Addis Ababa,Hiruyan Saving Account,19568.02,1511,29767.486,0.999999848529742
CIF01009800,Customer_9801,SNNPR,Agape Saving Account,9992.65,488,29751.176,0.9999978642738329
CIF01002119,Customer_2120,Amhara,Ordinary Saving Account,6644.38,489,29733.646,0.999999963849632
CIF01007560,Customer_7561,Amhara,Couples Saving Deposit,442.96,1745,29732.451,0.9999999837963838
CIF01002131,Customer_2132,Somali,Werazut Saving Account,39.36,793,29727.12,0.9999998237981762
CIF01008534,Customer_8535,Oromia,Agape Saving Account,267.19,1113,29725.713,0.9999999672596185
CIF01004704,Customer_4705,Addis Ababa,Janderebaw Saving Account,2586.57,1164,29721.418,0.9999999853625814
CIF01007973,Customer_7974,Addis Ababa,Ordinary Saving Account,5164.21,2891,29715.504,0.9999999799677168
CIF01001855,Customer_1856,Amhara,Equb Saving Account,6795.48,449,29710.248,0.9999995932971235
CIF01007337,Customer_7338,Amhara,Dekemezmur Saving Account,19533.02,1092,29709.355,0.9999998887593419
CIF01000298,Customer_299,Oromia,Ordinary Saving Account,6665.41,1424,29698.408,0.9999999779534208
CIF01008998,Customer_8999,Addis Ababa,Ahati Saving Account,15961.36,2725,29696.1,0.9999999701633242
CIF01003040,Customer_3041,Addis Ababa,Ordinary Saving Account,2038.7,629,29685.318,0.9999999403253634
CIF01001253,Customer_1254,Tigray,Ahati Saving Account,4513.69,381,29665.89,0.9999994679971679
CIF01007163,Customer_7164,Tigray,Special Saving Account,8685.77,576,29658.443,0.9999981444976626
CIF01000287,Customer_288,Somali,Ahadu Bereket Saving Account,878.46,411,29646.562,0.9999993302444552
CIF01007726,Customer_7727,Tigray,Dekemezmur Saving Account,11156.08,2923,29631.373,0.9999999167697851
CIF01003126,Customer_3127,Amhara,Werazut Saving Account,9733.35,447,29627.14,0.9999936269577456
CIF01009162,Customer_9163,Amhara,Ordinary Saving Account,900.08,3574,29620.854,0.9999999662582328
CIF01005861,Customer_5862,Oromia,Asrat Bekurat Saving Account,1583.33,1292,29618.916,0.9999999791716043
CIF01008879,Customer_8880,SNNPR,Dekemezmur Saving Account,1660.88,844,29609.246,0.9999999281122979
CIF01002626,Customer_2627,Addis Ababa,Blatena Saving Account,1448.58,398,29594.613,0.9999999054246037
CIF01009535,Customer_9536,Tigray,Ordinary Saving Account,6255.65,733,29591.666,0.9999989684262184
CIF01009234,Customer_9235,Oromia,Ordinary Saving Account,7021.91,1746,29588.604,0.9999999877166611
CIF01000641,Customer_642,Amhara,Dekemezmur Saving Account,847.54,4101,29585.773,0.9999999182814077
CIF01000269,Customer_270,Addis Ababa,Werazut Saving Account,2454.99,1195,29567.139,0.9999999487748821
CIF01006850,Customer_6851,Addis Ababa,Special Saving Account,13752.55,2710,29557.102,0.9999999767857984
CIF01004418,Customer_4419,Oromia,Abew Saving Account,6887.66,603,29546.88,0.9999999653252586
CIF01000016,Customer_17,Addis Ababa,Special Saving Account,12813.04,2812,29540.406,0.9999999688964042
CIF01001269,Customer_1270,Dire Dawa,Abew Saving Account,2600.62,3637,29539.271,0.9999999665166712
CIF01001408,Customer_1409,Somali,Special Saving Account,9625.09,1479,29520.541,0.9999999267810091
CIF01000502,Customer_503,Addis Ababa,Ordinary Saving Account,11637.34,485,29516.26,0.9999998214915012
CIF01006201,Customer_6202,Amhara,Werazut Saving Account,13697.2,1158,29504.643,0.9999999823233886
CIF01002787,Customer_2788,SNNPR,Dekemezmur Saving Account,8843.86,1198,29498.863,0.9999998171329211
CIF01007317,Customer_7318,Amhara,Special Saving Account,517.76,4650,29487.863,0.9999999518532044
CIF01005485,Customer_5486,Oromia,Janderebaw Saving Account,11285.05,447,29487.115,0.9999980598012629
CIF01007450,Customer_7451,Oromia,Ahadu Bereket Saving Account,4250.96,1719,29483.62,0.9999999849198642
CIF01008058,Customer_8059,Tigray,Blatena Saving Account,1072.83,3470,29477.654,0.9999998922213463
CIF01002142,Customer_2143,Amhara,Ahati Saving Account,2437.66,785,29475.95,0.9999999785757894
CIF01001800,Customer_1801,SNNPR,Hiruyan Saving Account,4532.82,2445,29463.252,0.9999999298487787
CIF01002078,Customer_2079,Oromia,Ahadu Bereket Saving Account,1853.34,3972,29462.164,0.9999999769056348
CIF01003554,Customer_3555,Addis Ababa,Asrat Bekurat Saving Account,8397.44,1274,29455.766,0.9999999047086867
CIF01000291,Customer_292,Oromia,Werazut Saving Account,5267.44,366,29454.576,0.9996488591468489
CIF01006115,Customer_6116,Tigray,Hiruyan Saving Account,8276.3,1263,29449.947,0.9999999396001965
CIF01009613,Customer_9614,Oromia,Ordinary Saving Account,3033.88,3008,29396.61,0.9999999667865942
CIF01004631,Customer_4632,Oromia,Blatena Saving Account,1226.56,1843,29385.486,0.9999999831026339
CIF01001412,Customer_1413,Addis Ababa,Ordinary Saving Account,2469.46,714,29384.025,0.9999999279036053
CIF01001129,Customer_1130,Oromia,Special Saving Account,4554.25,440,29383.703,0.9999996440753703
CIF01005563,Customer_5564,Addis Ababa,Ordinary Saving Account,2499.36,427,29372.22,0.999999687287228
CIF01002892,Customer_2893,Addis Ababa,Prime Customer Deposit Account,1555.39,843,29351.621,0.9999999796882708
CIF01002063,Customer_2064,Addis Ababa,Ahadu Bereket Saving Account,15061.17,931,29349.836,0.9999997854891456
CIF01008761,Customer_8762,Harari,Abew Saving Account,12467.18,2384,29346.844,0.9999997902942008
CIF01008161,Customer_8162,Oromia,Special Saving Account,4235.06,1766,29343.494,0.9999999810546597
CIF01006345,Customer_6346,Amhara,Ordinary Saving Account,10124.3,479,29336.646,0.9999993127743028
CIF01003393,Customer_3394,Amhara,Prime Customer Deposit Account,2853.73,1082,29325.824,0.999999984790102
CIF01005080,Customer_5081,Oromia,Special Saving Account,12069.08,1118,29309.855,0.9999997816284467
CIF01004340,Customer_4341,Amhara,Janderebaw Saving Account,1427.98,3894,29308.072,0.9999999845703356
CIF01004645,Customer_4646,SNNPR,Ahati Saving Account,3597.73,1520,29306.494,0.9999998873750968
CIF01003709,Customer_3710,Oromia,Agape Saving Account,6043.73,2257,29304.344,0.9999999954067313
CIF01004990,Customer_4991,Addis Ababa,Dekemezmur Saving Account,3680.54,2362,29303.98,0.9999999742819765
CIF01007350,Customer_7351,Addis Ababa,Special Saving Account,347.81,2532,29280.1,0.9999999534808263
CIF01001500,Customer_1501,Tigray,Prime Customer Deposit Account,2968.86,513,29275.213,0.999999074718135
CIF01000510,Customer_511,SNNPR,Agape Saving Account,5114.52,1026,29268.447,0.9999998966905317
CIF01007296,Customer_7297,Addis Ababa,Abew Saving Account,11048.63,2310,29245.418,0.9999999683738207
CIF01000726,Customer_727,Oromia,Janderebaw Saving Account,7080.08,1357,29242.627,0.9999999890389216
CIF01005944,Customer_5945,Oromia,Blatena Saving Account,5308.18,1707,29240.63,0.9999999926317635
CIF01008416,Customer_8417,Addis Ababa,Ordinary Saving Account,5324.4,2831,29236.71,0.9999999454718865
CIF01002651,Customer_2652,Addis Ababa,Asrat Bekurat Saving Account,6776.67,4046,29202.748,0.9999999892905559
CIF01007886,Customer_7887,Addis Ababa,Ordinary Saving Account,5271.77,426,29177.215,0.9999999810393093
CIF01000100,Customer_101,Addis Ababa,Werazut Saving Account,2929.92,1802,29171.133,0.9999999667634194
CIF01007609,Customer_7610,Amhara,Blatena Saving Account,756.26,824,29148.783,0.9999999871658515
CIF01008623,Customer_8624,Addis Ababa,Ordinary Saving Account,3454.19,4710,29147.361,0.99999995855033
CIF01000993,Customer_994,Oromia,Ahadu Bereket Saving Account,7033.87,488,29137.246,0.9999999639339927
CIF01007147,Customer_7148,Somali,Blatena Saving Account,2254.16,4499,29135.23,0.9999999328214199
CIF01001698,Customer_1699,Afar,Hiruyan Saving Account,1541.79,436,29120.488,0.9999997512596156
CIF01001770,Customer_1771,Oromia,Ordinary Saving Account,6139.08,3047,29115.037,0.999999915795539
CIF01002750,Customer_2751,Oromia,Werazut Saving Account,6758.73,1822,29102.996,0.999999971431779
CIF01002407,Customer_2408,Oromia,Agape Saving Account,1136.12,4086,29100.652,0.9999999660058465
CIF01007364,Customer_7365,Addis Ababa,Abew Saving Account,4292.84,705,29085.879,0.9999997831296179
CIF01003631,Customer_3632,Addis Ababa,Couples Saving Deposit,3483.12,5257,29083.605,0.9999999875719169
CIF01007120,Customer_7121,Oromia,Ordinary Saving Account,9471.68,2928,29074.168,0.9999999125412439
CIF01009463,Customer_9464,Gambela,Ahati Saving Account,6444.67,384,29058.127,0.9999992398110565
CIF01002519,Customer_2520,Oromia,Special Saving Account,5801.49,3111,29042.191,0.9999999519263051
CIF01008095,Customer_8096,Somali,Ordinary Saving Account,2266.08,4588,29036.137,0.9999999568439896
CIF01006997,Customer_6998,Afar,Special Saving Account,4009.79,4515,29034.508,0.9999999852113983
CIF01007300,Customer_7301,Afar,Special Saving Account,2910.55,506,29033.428,0.9999999534546025
CIF01002579,Customer_2580,Addis Ababa,Dekemezmur Saving Account,2796.98,731,29028.27,0.9999997185465304
CIF01007987,Customer_7988,Oromia,Tirufat Savings Account,7879.79,957,29021.574,0.9999999775015461
CIF01009576,Customer_9577,Amhara,Dekemezmur Saving Account,6465.88,2068,29014.922,0.9999999937092057
CIF01002223,Customer_2224,Addis Ababa,Ordinary Saving Account,12199.11,1879,29007.838,0.9999998776721996
CIF01009408,Customer_9409,Amhara,Ordinary Saving Account,8872.8,471,29006.777,0.9999997074461867
CIF01002556,Customer_2557,Addis Ababa,Tirufat Savings Account,3554.36,456,29005.604,0.9999999830202116
CIF01004590,Customer_4591,SNNPR,Ordinary Saving Account,11198.17,2625,29004.645,0.9999999385216682
CIF01007081,Customer_7082,Addis Ababa,Ordinary Saving Account,3201.4,4181,28994.986,0.9999999650840531
CIF01005233,Customer_5234,Addis Ababa,Equb Saving Account,7167.93,1291,28979.479,0.9999999851062631
CIF01007112,Customer_7113,Gambela,Ordinary Saving Account,2472.9,1298,28965.941,0.9999999885391567
CIF01008937,Customer_8938,Oromia,Couples Saving Deposit,1258.3,2234,28963.928,0.9999999412134147
CIF01002034,Customer_2035,Oromia,Ordinary Saving Account,11156.23,2600,28960.408,0.9999999896175319
CIF01009072,Customer_9073,Harari,Dekemezmur Saving Account,3009.32,4829,28954.213,0.9999999822465363
CIF01001490,Customer_1491,Oromia,Hiruyan Saving Account,5301.72,468,28937.113,0.9999999578837262
CIF01004035,Customer_4036,Tigray,Washera Saving Account,1383.53,1875,28935.994,0.9999999255276466
CIF01007278,Customer_7279,Addis Ababa,Ordinary Saving Account,5940.57,485,28918.252,0.999999896507858
CIF01000720,Customer_721,Oromia,Ordinary Saving Account,5972.45,385,28905.229,0.9999998881238589
CIF01003042,Customer_3043,Benishangul-Gumuz,Ahati Saving Account,8534.95,509,28903.516,0.9999998100845738
CIF01005677,Customer_5678,Tigray,Werazut Saving Account,8943.28,1987,28897.25,0.9999998146887349
CIF01001436,Customer_1437,Addis Ababa,Special Saving Account,3358.92,609,28882.58,0.9999998894859248
CIF01008156,Customer_8157,Addis Ababa,Ahadu Bereket Saving Account,3418.4,3999,28877.924,0.9999999875717897
CIF01007858,Customer_7859,Addis Ababa,Werazut Saving Account,975.69,3800,28877.82,0.9999999713685449
CIF01006032,Customer_6033,Somali,Prime Customer Deposit Account,5506.38,2354,28860.309,0.9999997973790788
CIF01004015,Customer_4016,Dire Dawa,Dekemezmur Saving Account,5614.08,1891,28855.973,0.9999999620264918
CIF01006613,Customer_6614,Addis Ababa,Special Saving Account,4268.29,711,28851.078,0.9999992193929411
CIF01000164,Customer_165,Afar,Dekemezmur Saving Account,744.72,4626,28837.559,0.9999999754077472
CIF01003007,Customer_3008,Amhara,Agape Saving Account,1221.23,3897,28802.928,0.9999999300319939
CIF01005528,Customer_5529,Addis Ababa,Special Saving Account,1421.36,967,28799.006,0.9999999087852832
CIF01002538,Customer_2539,Oromia,Hiruyan Saving Account,1837.2,374,28795.152,0.9999999094320133
CIF01000125,Customer_126,Benishangul-Gumuz,Ordinary Saving Account,8565.86,3237,28794.32,0.9999999776071081
CIF01003118,Customer_3119,Addis Ababa,Hiruyan Saving Account,5927.11,594,28793.434,0.9999999745294146
CIF01000206,Customer_207,SNNPR,Couples Saving Deposit,12632.86,2937,28783.84,0.9999999419219103
CIF01007205,Customer_7206,Somali,Ahadu Bereket Saving Account,5986.67,1389,28782.752,0.9999999403647752
CIF01008347,Customer_8348,SNNPR,Agape Saving Account,2815.79,527,28778.623,0.9999995609153477
CIF01001018,Customer_1019,Addis Ababa,Agape Saving Account,5546.29,368,28776.162,0.9994273841793337
CIF01006659,Customer_6660,Addis Ababa,Asrat Bekurat Saving Account,7924.51,1224,28775.129,0.9999999870203582
CIF01002076,Customer_2077,Addis Ababa,Ahadu Bereket Saving Account,966.82,3840,28774.977,0.9999999760664128
CIF01004670,Customer_4671,Addis Ababa,Hiruyan Saving Account,8093.35,788,28772.232,0.999999983161718
CIF01000234,Customer_235,Oromia,Janderebaw Saving Account,5131.14,3979,28769.127,0.9999999582704029
CIF01007455,Customer_7456,Addis Ababa,Washera Saving Account,2814.09,668,28765.855,0.9999999418058975
CIF01004746,Customer_4747,Harari,Dekemezmur Saving Account,4918.01,1366,28759.16,0.9999999816841473
CIF01008941,Customer_8942,Benishangul-Gumuz,Equb Saving Account,3519.25,515,28758.457,0.9999999668108104
CIF01006801,Customer_6802,Addis Ababa,Washera Saving Account,2717.4,631,28748.635,0.9999999629629452
CIF01008470,Customer_8471,Addis Ababa,Prime Customer Deposit Account,9468.08,512,28748.387,0.9999985821086215
CIF01000575,Customer_576,Tigray,Dekemezmur Saving Account,10369.89,2561,28747.838,0.9999999032255167
CIF01007359,Customer_7360,Dire Dawa,Equb Saving Account,4851.7,402,28743.924,0.9999999319971129
CIF01004899,Customer_4900,Addis Ababa,Dekemezmur Saving Account,3352.9,767,28715.693,0.9999999692745399
CIF01009687,Customer_9688,Oromia,Werazut Saving Account,5092.79,1573,28709.543,0.9999999467655616
CIF01009330,Customer_9331,Addis Ababa,Ordinary Saving Account,2937.47,452,28707.238,0.9999998526423672
CIF01005969,Customer_5970,Tigray,Ahadu Bereket Saving Account,8679.06,1166,28704.486,0.9999999295366843
CIF01005024,Customer_5025,Somali,Couples Saving Deposit,1439.16,2233,28695.484,0.999999929234802
CIF01004892,Customer_4893,Oromia,Ordinary Saving Account,6968.68,2557,28693.459,0.9999999915535033
CIF01005053,Customer_5054,Oromia,Prime Customer Deposit Account,7813.33,1318,28687.078,0.9999999659039447
CIF01009565,Customer_9566,Oromia,Werazut Saving Account,2638.37,475,28681.596,0.9999998971643563
CIF01008660,Customer_8661,Addis Ababa,Ahadu Bereket Saving Account,10461.46,1218,28679.432,0.9999999739774246
CIF01005553,Customer_5554,Benishangul-Gumuz,Ahadu Bereket Saving Account,6477.58,4307,28662.025,0.9999999686194313
CIF01008968,Customer_8969,Addis Ababa,Ordinary Saving Account,11003.18,1563,28657.21,0.9999999593577938
CIF01006824,Customer_6825,Addis Ababa,Prime Customer Deposit Account,6737.88,2440,28655.965,0.9999999934418875
CIF01001894,Customer_1895,Addis Ababa,Blatena Saving Account,7300.17,1835,28654.465,0.999999953018494
CIF01001591,Customer_1592,Oromia,Janderebaw Saving Account,12658.82,2980,28650.688,0.9999999944570366
CIF01001163,Customer_1164,Oromia,Special Saving Account,531.13,1153,28636.463,0.9999999920774195
CIF01009194,Customer_9195,Amhara,Tirufat Savings Account,4434.78,1795,28634.607,0.9999999742099388
CIF01002359,Customer_2360,Oromia,Ordinary Saving Account,4649.05,3030,28618.436,0.9999999759601909
CIF01009873,Customer_9874,Amhara,Equb Saving Account,2714.33,1299,28615.549,0.9999999840324771
CIF01001942,Customer_1943,Dire Dawa,Special Saving Account,8494.49,1606,28611.85,0.999999987156616
CIF01002719,Customer_2720,Addis Ababa,Ordinary Saving Account,13528.39,1460,28598.55,0.9999998392592032
CIF01000301,Customer_302,Addis Ababa,Janderebaw Saving Account,10846.91,423,28587.09,0.9999994828661273
CIF01002541,Customer_2542,SNNPR,Blatena Saving Account,3423.74,511,28571.922,0.9999998816671214
CIF01000427,Customer_428,Amhara,Agape Saving Account,4738.97,4310,28571.87,0.9999999921289721
CIF01009924,Customer_9925,Addis Ababa,Ordinary Saving Account,1155.61,967,28568.72,0.9999999634888581
CIF01008094,Customer_8095,Amhara,Ahati Saving Account,1260.66,4639,28554.156,0.9999999707014795
CIF01006679,Customer_6680,Oromia,Dekemezmur Saving Account,3446.33,3203,28549.543,0.9999999761322546
CIF01000155,Customer_156,Oromia,Werazut Saving Account,2424.41,2908,28520.771,0.9999999805388043
CIF01001193,Customer_1194,Oromia,Tirufat Savings Account,8796.21,1259,28513.47,0.9999999557412407
CIF01007132,Customer_7133,Oromia,Hiruyan Saving Account,203.79,1805,28505.621,0.9999999900289916
CIF01006289,Customer_6290,Amhara,Abew Saving Account,4863.18,1615,28505.5,0.9999999657613975
CIF01001267,Customer_1268,Oromia,Janderebaw Saving Account,1724.72,724,28501.54,0.999999962458891
CIF01005758,Customer_5759,SNNPR,Werazut Saving Account,7690.5,2795,28486.785,0.9999999319534778
CIF01008089,Customer_8090,Tigray,Dekemezmur Saving Account,5308.92,699,28460.725,0.9999997217681512
CIF01003748,Customer_3749,Oromia,Special Saving Account,5583.37,708,28419.06,0.9999999396055995
CIF01001809,Customer_1810,Harari,Ordinary Saving Account,2435.58,684,28413.973,0.9999996860257514
CIF01008277,Customer_8278,Addis Ababa,Tirufat Savings Account,2170.25,4406,28413.133,0.9999999714870228
CIF01001654,Customer_1655,Amhara,Ordinary Saving Account,4562.1,632,28410.64,0.9999992309943683
CIF01004213,Customer_4214,Tigray,Abew Saving Account,7004.0,749,28406.979,0.9999994894955037
CIF01000497,Customer_498,Afar,Prime Customer Deposit Account,7525.98,1021,28401.486,0.9999999834139346
CIF01002083,Customer_2084,SNNPR,Special Saving Account,5922.46,681,28397.146,0.9999995646760634
CIF01002876,Customer_2877,Addis Ababa,Tirufat Savings Account,11072.98,939,28392.45,0.9999999906714679
CIF01002547,Customer_2548,Addis Ababa,Prime Customer Deposit Account,7123.69,3441,28391.611,0.9999998364188337
CIF01004637,Customer_4638,Addis Ababa,Werazut Saving Account,540.33,4711,28373.43,0.9999999091680587
CIF01005354,Customer_5355,Benishangul-Gumuz,Couples Saving Deposit,1567.91,2975,28371.871,0.9999999497172906
CIF01009461,Customer_9462,Addis Ababa,Agape Saving Account,2911.6,953,28370.99,0.999999983166458
CIF01000516,Customer_517,Dire Dawa,Tirufat Savings Account,6034.78,3210,28370.652,0.9999999845936813
CIF01007185,Customer_7186,Harari,Tirufat Savings Account,11824.57,1027,28368.873,0.9999998824267528
CIF01003914,Customer_3915,Harari,Werazut Saving Account,4416.88,742,28363.738,0.9999990740536687
CIF01006883,Customer_6884,Addis Ababa,Sitota Saving Deposit,2139.56,513,28358.652,0.9999995279517685
CIF01002726,Customer_2727,Oromia,Ahati Saving Account,761.98,860,28356.477,0.9999999802548063
CIF01000099,Customer_100,Oromia,Ordinary Saving Account,1465.43,4110,28355.486,0.9999999695369093
CIF01003117,Customer_3118,Addis Ababa,Blatena Saving Account,1060.68,2801,28349.506,0.9999999745394144
CIF01002213,Customer_2214,Addis Ababa,Ordinary Saving Account,4728.14,1246,28338.33,0.9999999702663844
CIF01000426,Customer_427,Amhara,Ordinary Saving Account,1722.61,3175,28326.088,0.9999999859457125
CIF01003785,Customer_3786,Amhara,Ahati Saving Account,5118.38,1024,28323.35,0.9999999649294368
CIF01000499,Customer_500,Oromia,Blatena Saving Account,8450.99,3250,28322.127,0.9999998326261954
CIF01002706,Customer_2707,Addis Ababa,Ordinary Saving Account,4987.65,474,28315.477,0.9999997893766581
CIF01009858,Customer_9859,Afar,Equb Saving Account,8315.45,863,28314.512,0.999999991861065
CIF01001080,Customer_1081,Addis Ababa,Dekemezmur Saving Account,2830.34,1136,28312.15,0.9999999772584213
CIF01004774,Customer_4775,Oromia,Ordinary Saving Account,4336.07,1475,28311.98,0.9999999909884366
CIF01001062,Customer_1063,Harari,Agape Saving Account,501.11,634,28308.488,0.9999999283573393
CIF01002413,Customer_2414,Addis Ababa,Abew Saving Account,12686.83,3774,28308.084,0.9999999876175424
CIF01008701,Customer_8702,Oromia,Tirufat Savings Account,7254.08,3252,28297.863,0.9999999506687445
CIF01006271,Customer_6272,Benishangul-Gumuz,Abew Saving Account,12653.83,1970,28267.365,0.9999999937573338
CIF01000603,Customer_604,Oromia,Dekemezmur Saving Account,3137.6,996,28257.908,0.9999999362205346
CIF01002891,Customer_2892,Addis Ababa,Couples Saving Deposit,2662.81,498,28239.49,0.9999996795186045
CIF01006089,Customer_6090,Addis Ababa,Prime Customer Deposit Account,607.99,977,28233.53,0.9999999611504617
CIF01001819,Customer_1820,Amhara,Dekemezmur Saving Account,5308.92,1314,28232.307,0.9999999835751119
CIF01007582,Customer_7583,Addis Ababa,Tirufat Savings Account,296.6,4263,28228.969,0.999999956961736
CIF01000985,Customer_986,Sidama,Dekemezmur Saving Account,5569.39,767,28222.578,0.9999999418518832
CIF01008268,Customer_8269,Somali,Ahati Saving Account,5294.37,407,28221.465,0.999999770727141
CIF01007015,Customer_7016,Addis Ababa,Dekemezmur Saving Account,9488.07,1284,28218.258,0.999999724032612
CIF01003657,Customer_3658,Sidama,Agape Saving Account,12067.91,3116,28216.818,0.9999999778820421
CIF01003134,Customer_3135,Oromia,Ahati Saving Account,7225.09,1538,28210.236,0.9999999902318596
CIF01000326,Customer_327,Dire Dawa,Special Saving Account,701.61,991,28208.045,0.999999962238744
CIF01005718,Customer_5719,Oromia,Prime Customer Deposit Account,4370.83,395,28205.24,0.9999998135263061
CIF01009390,Customer_9391,Addis Ababa,Sitota Saving Deposit,6597.56,565,28200.514,0.999999831387478
CIF01005405,Customer_5406,Benishangul-Gumuz,Janderebaw Saving Account,7468.06,890,28197.953,0.9999999907717884
CIF01006556,Customer_6557,Oromia,Werazut Saving Account,3283.2,4184,28187.17,0.9999999845459149
CIF01006750,Customer_6751,SNNPR,Ordinary Saving Account,9335.47,1306,28170.895,0.9999998998263357
CIF01000173,Customer_174,Amhara,Dekemezmur Saving Account,7953.36,1379,28165.336,0.9999999861997091
CIF01006303,Customer_6304,Oromia,Blatena Saving Account,3119.21,540,28160.756,0.9999999184542041
CIF01007669,Customer_7670,Amhara,Special Saving Account,2311.96,676,28153.727,0.9999993826240047
CIF01007512,Customer_7513,Oromia,Ahati Saving Account,2097.6,474,28147.37,0.9999999225737548
CIF01003920,Customer_3921,SNNPR,Asrat Bekurat Saving Account,7811.41,1176,28144.393,0.9999999236691979
CIF01002917,Customer_2918,Amhara,Abew Saving Account,1868.24,1947,28140.562,0.9999999881151068
CIF01005524,Customer_5525,SNNPR,Prime Customer Deposit Account,11392.16,417,28132.773,0.999989944330544
CIF01005386,Customer_5387,Benishangul-Gumuz,Washera Saving Account,2343.82,640,28119.754,0.9999995643460704
CIF01003243,Customer_3244,Sidama,Werazut Saving Account,9534.11,512,28113.785,0.9999944477659445
CIF01005745,Customer_5746,Amhara,Special Saving Account,7556.61,3176,28111.111,0.999999994481432
CIF01005467,Customer_5468,Addis Ababa,Dekemezmur Saving Account,10339.79,3557,28106.387,0.999999945923757
CIF01002434,Customer_2435,Amhara,Prime Customer Deposit Account,3961.06,2714,28100.39,0.9999999607479613
CIF01000306,Customer_307,Addis Ababa,Ordinary Saving Account,2754.05,3633,28069.918,0.9999999569713484
CIF01007988,Customer_7989,Oromia,Ordinary Saving Account,641.39,1030,28069.592,0.9999999857646167
CIF01004489,Customer_4490,Oromia,Werazut Saving Account,122.88,4411,28069.438,0.9999999663594923
CIF01008984,Customer_8985,Addis Ababa,Special Saving Account,11703.98,1569,28054.73,0.9999999532188291
CIF01002353,Customer_2354,SNNPR,Janderebaw Saving Account,2309.09,3133,28049.545,0.9999998913187609
CIF01002729,Customer_2730,Addis Ababa,Ordinary Saving Account,1349.96,3982,28045.877,0.9999999845034269
CIF01009231,Customer_9232,Amhara,Ordinary Saving Account,267.48,1636,28034.041,0.9999999789756335
CIF01000141,Customer_142,Oromia,Dekemezmur Saving Account,3622.04,2004,28032.316,0.9999999814995565
CIF01001135,Customer_1136,Addis Ababa,Equb Saving Account,3866.42,506,28031.54,0.999999739058352
CIF01007100,Customer_7101,Amhara,Janderebaw Saving Account,311.65,1046,28026.93,0.9999999763912343
CIF01006241,Customer_6242,SNNPR,Equb Saving Account,1644.2,1130,28026.719,0.9999998745388914
CIF01001137,Customer_1138,Addis Ababa,Hiruyan Saving Account,4762.75,619,28020.242,0.9999996839660068
CIF01005588,Customer_5589,Tigray,Ordinary Saving Account,8536.52,1428,28013.645,0.9999998854723879
CIF01002396,Customer_2397,Addis Ababa,Werazut Saving Account,1426.03,1583,28011.172,0.9999999728777235
CIF01006478,Customer_6479,Benishangul-Gumuz,Tirufat Savings Account,1050.73,5075,28009.148,0.9999999838778217
CIF01006221,Customer_6222,Oromia,Equb Saving Account,6399.66,3093,27992.693,0.999999984245294
CIF01004068,Customer_4069,Oromia,Hiruyan Saving Account,4875.41,577,27990.438,0.9999998509223755
CIF01001273,Customer_1274,Tigray,Ordinary Saving Account,4733.72,3689,27989.625,0.9999999659946044
CIF01004528,Customer_4529,Amhara,Ordinary Saving Account,7195.16,3322,27984.316,0.9999999889856052
CIF01007856,Customer_7857,Addis Ababa,Hiruyan Saving Account,2605.2,2572,27984.182,0.9999999281163409
CIF01002406,Customer_2407,Oromia,Werazut Saving Account,3571.02,588,27980.232,0.9999998625836573
CIF01009861,Customer_9862,SNNPR,Ordinary Saving Account,1369.13,526,27977.39,0.9999989301846065
CIF01008078,Customer_8079,SNNPR,Tirufat Savings Account,5094.1,518,27953.732,0.999999600794733
CIF01004756,Customer_4757,Oromia,Dekemezmur Saving Account,2005.23,3789,27922.402,0.999999978553239
CIF01005415,Customer_5416,Oromia,Dekemezmur Saving Account,1029.29,2580,27919.635,0.9999999544569286
CIF01009868,Customer_9869,Oromia,Tirufat Savings Account,25.0,1176,27915.125,0.9999999655409714
CIF01003770,Customer_3771,Amhara,Sitota Saving Deposit,2366.38,722,27910.738,0.999999580697303
CIF01008734,Customer_8735,Addis Ababa,Abew Saving Account,11197.53,3670,27907.895,0.9999999892107506
CIF01006199,Customer_6200,Oromia,Dekemezmur Saving Account,4978.2,1212,27906.344,0.9999999836033073
CIF01005378,Customer_5379,Oromia,Asrat Bekurat Saving Account,3098.01,4102,27896.678,0.9999999868999736
CIF01004736,Customer_4737,Somali,Dekemezmur Saving Account,5004.61,4265,27893.193,0.9999999485863107
CIF01007256,Customer_7257,Amhara,Agape Saving Account,8339.55,3343,27886.727,0.9999999474075366
CIF01008319,Customer_8320,Addis Ababa,Ahati Saving Account,5309.7,1377,27883.188,0.9999999679700938
CIF01006137,Customer_6138,Sidama,Werazut Saving Account,3592.33,3764,27877.688,0.9999999582441552
CIF01004189,Customer_4190,SNNPR,Dekemezmur Saving Account,3812.53,570,27870.74,0.9999996951866278
CIF01002193,Customer_2194,Oromia,Ordinary Saving Account,7002.06,3361,27863.934,0.9999999902040065
CIF01005202,Customer_5203,Oromia,Ahati Saving Account,1335.65,396,27853.416,0.9999999212923383
CIF01008860,Customer_8861,SNNPR,Blatena Saving Account,8658.0,759,27838.96,0.9999995541419161
CIF01002023,Customer_2024,Oromia,Ordinary Saving Account,5272.03,3477,27829.195,0.9999999971873716
CIF01003969,Customer_3970,Addis Ababa,Ahadu Bereket Saving Account,2034.92,394,27801.977,0.9999997833714639
CIF01002420,Customer_2421,Afar,Equb Saving Account,2972.48,395,27795.262,0.9999999678644546
CIF01007184,Customer_7185,Addis Ababa,Hiruyan Saving Account,3883.03,2607,27785.938,0.9999999797058576
CIF01004512,Customer_4513,Amhara,Ahati Saving Account,4759.82,1076,27784.822,0.9999999889664327
CIF01009804,Customer_9805,Tigray,Prime Customer Deposit Account,3122.09,377,27784.422,0.9999988904440215
CIF01008600,Customer_8601,Addis Ababa,Abew Saving Account,1497.52,2070,27779.367,0.9999999825908231
CIF01008788,Customer_8789,Sidama,Prime Customer Deposit Account,4409.2,443,27775.514,0.9999995789881585
CIF01009297,Customer_9298,Afar,Blatena Saving Account,12353.18,1489,27770.416,0.9999999375381533
CIF01007333,Customer_7334,Addis Ababa,Abew Saving Account,2348.3,2889,27758.387,0.9999999930809358
CIF01009233,Customer_9234,Dire Dawa,Special Saving Account,584.48,2630,27757.867,0.9999999829711373
CIF01002709,Customer_2710,Sidama,Tirufat Savings Account,2490.63,706,27733.871,0.9999995487028912
CIF01005537,Customer_5538,Addis Ababa,Ahati Saving Account,5604.61,443,27728.229,0.9999999469454214
CIF01008872,Customer_8873,Oromia,Couples Saving Deposit,882.94,496,27726.78,0.9999999456191963
CIF01006187,Customer_6188,Sidama,Special Saving Account,8290.88,828,27724.701,0.9999998884990169
CIF01003101,Customer_3102,Benishangul-Gumuz,Hiruyan Saving Account,5215.09,853,27713.227,0.9999999665483696
CIF01008223,Customer_8224,Gambela,Ordinary Saving Account,5296.59,390,27712.344,0.9999999609257546
CIF01005953,Customer_5954,Addis Ababa,Hiruyan Saving Account,1797.21,1990,27687.924,0.9999999832699747
CIF01004363,Customer_4364,Afar,Ordinary Saving Account,9139.08,960,27673.53,0.9999999598428287
CIF01000484,Customer_485,Tigray,Dekemezmur Saving Account,2604.01,387,27667.04,0.9999996217910396
CIF01003481,Customer_3482,Afar,Janderebaw Saving Account,5173.01,448,27660.057,0.9999999411432706
CIF01009787,Customer_9788,Addis Ababa,Hiruyan Saving Account,8179.59,560,27655.25,0.9999996321691141
CIF01008474,Customer_8475,Tigray,Ordinary Saving Account,7534.69,3446,27653.123,0.999999946554539
CIF01007686,Customer_7687,Addis Ababa,Ordinary Saving Account,1961.65,1114,27643.375,0.9999999418425516
CIF01004597,Customer_4598,SNNPR,Ordinary Saving Account,8760.02,533,27642.123,0.9999995718410929
CIF01008736,Customer_8737,Dire Dawa,Ordinary Saving Account,1113.2,556,27638.154,0.9999998904472114
CIF01005763,Customer_5764,Addis Ababa,Ordinary Saving Account,9796.73,1126,27636.055,0.999999629880918
CIF01001400,Customer_1401,Addis Ababa,Dekemezmur Saving Account,8126.0,2040,27635.977,0.9999999872001953
CIF01000368,Customer_369,Addis Ababa,Equb Saving Account,6394.43,652,27635.629,0.9999999384502078
CIF01000372,Customer_373,Benishangul-Gumuz,Couples Saving Deposit,3813.35,558,27634.645,0.9999999539766701
CIF01009710,Customer_9711,Oromia,Dekemezmur Saving Account,6126.55,1306,27633.234,0.9999999926548611
CIF01008904,Customer_8905,Addis Ababa,Ordinary Saving Account,5522.13,487,27623.248,0.9999999859367275
CIF01007153,Customer_7154,Sidama,Ahadu Bereket Saving Account,3395.0,3127,27622.795,0.9999999314874499
CIF01007340,Customer_7341,Addis Ababa,Tirufat Savings Account,7525.8,3379,27606.049,0.9999999908225657
CIF01004917,Customer_4918,Amhara,Ordinary Saving Account,922.02,2114,27576.201,0.9999999622605092
CIF01003389,Customer_3390,Amhara,Ordinary Saving Account,988.09,443,27571.988,0.9999999809878418
CIF01009552,Customer_9553,SNNPR,Special Saving Account,556.97,2564,27560.133,0.9999998943367282
CIF01007518,Customer_7519,Amhara,Blatena Saving Account,7835.09,1892,27559.756,0.9999999739203835
CIF01006660,Customer_6661,Addis Ababa,Hiruyan Saving Account,8567.73,2607,27558.701,0.9999999889495416
CIF01009541,Customer_9542,Harari,Ordinary Saving Account,644.7,569,27556.34,0.9999998996251235
CIF01004268,Customer_4269,Somali,Sitota Saving Deposit,3398.62,1561,27553.7,0.9999999358118837
CIF01001222,Customer_1223,Oromia,Ordinary Saving Account,1332.4,3905,27553.213,0.9999999766111406
CIF01001701,Customer_1702,Gambela,Prime Customer Deposit Account,1451.98,402,27544.22,0.9999998873545695
CIF01000777,Customer_778,Tigray,Ordinary Saving Account,8128.06,616,27534.496,0.9999991669511078
CIF01007451,Customer_7452,Benishangul-Gumuz,Janderebaw Saving Account,8627.93,1130,27526.246,0.9999999543670445
CIF01000671,Customer_672,Sidama,Special Saving Account,717.28,1001,27525.15,0.9999999043758712
CIF01002022,Customer_2023,SNNPR,Blatena Saving Account,6981.0,987,27523.287,0.9999999215516991
CIF01002535,Customer_2536,Addis Ababa,Janderebaw Saving Account,5907.93,439,27519.066,0.9999999346551065
CIF01001444,Customer_1445,Somali,Tirufat Savings Account,4406.52,1117,27513.37,0.9999999045827359
CIF01000862,Customer_863,Oromia,Tirufat Savings Account,869.55,585,27511.537,0.9999999483912552
CIF01006343,Customer_6344,SNNPR,Equb Saving Account,1582.65,4927,27508.258,0.9999999349702928
CIF01003303,Customer_3304,Afar,Ordinary Saving Account,4799.08,417,27506.662,0.999999930860291
CIF01001466,Customer_1467,Sidama,Werazut Saving Account,2945.25,3247,27504.117,0.9999998941679736
CIF01005698,Customer_5699,Oromia,Ordinary Saving Account,6919.57,1325,27482.814,0.9999999743482573
CIF01009984,Customer_9985,SNNPR,Special Saving Account,3389.96,737,27459.092,0.9999994900155128
CIF01006522,Customer_6523,Amhara,Werazut Saving Account,5399.42,715,27458.775,0.9999997042639377
CIF01007262,Customer_7263,Sidama,Werazut Saving Account,771.21,2380,27457.348,0.9999998859697071
CIF01009982,Customer_9983,Dire Dawa,Tirufat Savings Account,3044.96,526,27456.809,0.9999999557688517
CIF01002180,Customer_2181,Somali,Hiruyan Saving Account,2862.97,2064,27453.22,0.9999999441425771
CIF01006090,Customer_6091,Oromia,Equb Saving Account,4160.13,590,27445.438,0.9999997942270958
CIF01006748,Customer_6749,SNNPR,Abew Saving Account,1990.59,634,27440.348,0.9999998137055416
CIF01007489,Customer_7490,Amhara,Hiruyan Saving Account,1323.0,2077,27431.268,0.9999999675374666
CIF01009849,Customer_9850,Addis Ababa,Special Saving Account,2333.13,2873,27426.021,0.9999999553774688
CIF01005753,Customer_5754,Addis Ababa,Werazut Saving Account,7455.64,3258,27424.465,0.999999989161363
CIF01003111,Customer_3112,Amhara,Dekemezmur Saving Account,10760.65,922,27414.326,0.9999997853635895
CIF01008122,Customer_8123,Addis Ababa,Blatena Saving Account,3873.91,532,27407.83,0.9999998765629218
CIF01001897,Customer_1898,Dire Dawa,Couples Saving Deposit,2972.65,1543,27405.729,0.9999999901438975
CIF01002327,Customer_2328,Sidama,Ahati Saving Account,5797.98,2689,27403.191,0.9999999566299319
CIF01002914,Customer_2915,Oromia,Ahati Saving Account,210.15,2206,27397.727,0.9999999807238581
CIF01006934,Customer_6935,Addis Ababa,Ordinary Saving Account,1694.47,496,27397.5,0.9999997700977059
CIF01009990,Customer_9991,Tigray,Ordinary Saving Account,1402.0,1365,27397.254,0.9999999200063892
CIF01003466,Customer_3467,Addis Ababa,Abew Saving Account,4826.34,430,27392.838,0.9999996850837612
CIF01004046,Customer_4047,Addis Ababa,Washera Saving Account,5306.34,1092,27391.418,0.9999999050530198
CIF01004278,Customer_4279,Addis Ababa,Asrat Bekurat Saving Account,1002.78,4252,27389.936,0.9999999693635282
CIF01000855,Customer_856,Addis Ababa,Sitota Saving Deposit,1691.84,573,27389.5,0.99999945509105
CIF01008544,Customer_8545,Amhara,Ahadu Bereket Saving Account,10162.01,1703,27385.824,0.9999999799322679
CIF01008330,Customer_8331,Tigray,Ordinary Saving Account,2476.38,2109,27374.113,0.9999998901441031
CIF01005555,Customer_5556,Addis Ababa,Agape Saving Account,6906.6,1232,27354.73,0.9999999599262506
CIF01007480,Customer_7481,Amhara,Hiruyan Saving Account,864.59,884,27351.586,0.9999999872806394
CIF01006282,Customer_6283,Amhara,Asrat Bekurat Saving Account,5985.54,472,27349.201,0.9999999681090256
CIF01002403,Customer_2404,SNNPR,Blatena Saving Account,3896.45,1374,27345.543,0.9999999037808661
CIF01007406,Customer_7407,Amhara,Ordinary Saving Account,1653.25,1438,27335.863,0.9999999708550678
CIF01004408,Customer_4409,Addis Ababa,Sitota Saving Deposit,5632.02,561,27334.697,0.9999999619817047
CIF01007143,Customer_7144,Addis Ababa,Ahati Saving Account,5707.22,3046,27301.805,0.9999999509749702
CIF01007746,Customer_7747,Somali,Special Saving Account,7853.97,593,27283.648,0.9999989081874615
CIF01007213,Customer_7214,Addis Ababa,Ordinary Saving Account,2682.62,708,27282.824,0.999999939942124
CIF01004616,Customer_4617,Sidama,Equb Saving Account,11203.94,3069,27273.871,0.9999998934945149
CIF01000289,Customer_290,Oromia,Ordinary Saving Account,1749.4,3946,27273.838,0.9999999662856849
CIF01006798,Customer_6799,Oromia,Washera Saving Account,5317.12,1460,27273.43,0.9999999816981787
CIF01006236,Customer_6237,SNNPR,Werazut Saving Account,10477.72,1470,27265.734,0.9999997852886934
CIF01009167,Customer_9168,Addis Ababa,Dekemezmur Saving Account,9019.41,1263,27264.068,0.9999996606984644
CIF01002621,Customer_2622,Oromia,Ordinary Saving Account,5089.44,1998,27254.297,0.9999999914651593
CIF01007965,Customer_7966,Addis Ababa,Agape Saving Account,4249.0,3106,27250.92,0.999999985409743
CIF01000231,Customer_232,Amhara,Ahati Saving Account,3934.05,985,27231.697,0.9999999431965604
CIF01004648,Customer_4649,SNNPR,Ordinary Saving Account,2671.69,4185,27226.936,0.9999998788857247
CIF01007190,Customer_7191,Oromia,Blatena Saving Account,530.4,472,27209.146,0.9999999801982793
CIF01009083,Customer_9084,Oromia,Ordinary Saving Account,4278.47,441,27197.809,0.9999999666175221
CIF01004830,Customer_4831,Addis Ababa,Ordinary Saving Account,3981.32,487,27176.033,0.9999999306270876
CIF01000131,Customer_132,Amhara,Dekemezmur Saving Account,6403.16,1686,27172.021,0.9999999868983569
CIF01003302,Customer_3303,SNNPR,Tirufat Savings Account,1633.78,2235,27171.38,0.9999999122119033
CIF01006603,Customer_6604,Addis Ababa,Blatena Saving Account,7332.38,1239,27168.35,0.9999999812273704
CIF01008720,Customer_8721,Addis Ababa,Ordinary Saving Account,696.19,1629,27151.268,0.9999999860611051
CIF01008766,Customer_8767,Tigray,Special Saving Account,816.39,1185,27144.51,0.9999999308782245
CIF01004641,Customer_4642,Addis Ababa,Ahadu Bereket Saving Account,9330.28,2115,27143.094,0.999999922169487
CIF01007979,Customer_7980,Addis Ababa,Hiruyan Saving Account,9536.67,1926,27135.5,0.9999999338002953
CIF01006818,Customer_6819,Amhara,Werazut Saving Account,2466.86,1111,27133.826,0.9999999750883866
CIF01003854,Customer_3855,Sidama,Janderebaw Saving Account,942.66,3193,27131.45,0.9999998648191931
CIF01005951,Customer_5952,Addis Ababa,Ordinary Saving Account,1181.12,529,27129.25,0.9999999632210825
CIF01009780,Customer_9781,Oromia,Special Saving Account,4368.38,2138,27126.152,0.9999999894621051
CIF01009512,Customer_9513,Addis Ababa,Equb Saving Account,9059.4,1364,27125.158,0.9999997284006512
CIF01004139,Customer_4140,SNNPR,Ordinary Saving Account,6516.77,916,27111.414,0.9999999207806566
CIF01004326,Customer_4327,Oromia,Ahadu Bereket Saving Account,9609.92,2570,27088.64,0.9999999711042407
CIF01006448,Customer_6449,Harari,Blatena Saving Account,6791.93,418,27088.627,0.9999999418650551
CIF01006921,Customer_6922,Oromia,Special Saving Account,2761.46,448,27087.926,0.9999996334435473
CIF01003459,Customer_3460,Oromia,Prime Customer Deposit Account,1158.35,3377,27087.02,0.9999999797431214
CIF01007036,Customer_7037,Tigray,Abew Saving Account,5424.13,2019,27086.127,0.9999999718735028
CIF01005509,Customer_5510,Oromia,Ahati Saving Account,830.6,3950,27085.93,0.999999992339191
CIF01000633,Customer_634,Oromia,Werazut Saving Account,7229.49,634,27082.111,0.9999999727072281
CIF01003499,Customer_3500,Amhara,Ahati Saving Account,3762.41,726,27081.523,0.9999999828126319
CIF01003616,Customer_3617,Addis Ababa,Ahadu Bereket Saving Account,1073.73,4845,27072.99,0.9999999883788119
CIF01008546,Customer_8547,Benishangul-Gumuz,Ordinary Saving Account,754.51,3355,27068.133,0.9999999942325668
CIF01000509,Customer_510,SNNPR,Blatena Saving Account,4729.96,1878,27052.803,0.9999999111097119
CIF01001688,Customer_1689,Amhara,Ordinary Saving Account,6257.39,1323,27040.154,0.9999999911462082
CIF01002904,Customer_2905,SNNPR,Equb Saving Account,11203.2,3061,27036.871,0.9999999332851928
CIF01003262,Customer_3263,Amhara,Ordinary Saving Account,423.64,4928,27035.836,0.9999999808700996
CIF01004634,Customer_4635,Oromia,Ordinary Saving Account,8947.51,1454,27031.625,0.9999999739247094
CIF01001017,Customer_1018,Addis Ababa,Equb Saving Account,10413.56,2846,27029.096,0.9999998928179116
CIF01008978,Customer_8979,Sidama,Ordinary Saving Account,2886.7,1170,27022.408,0.9999998812845806
CIF01005558,Customer_5559,Benishangul-Gumuz,Ordinary Saving Account,4110.51,1394,26999.3,0.9999999849802252
CIF01008088,Customer_8089,Addis Ababa,Asrat Bekurat Saving Account,4312.53,1849,26997.309,0.9999999879996982
CIF01007588,Customer_7589,Oromia,Ahati Saving Account,8795.82,1238,26996.049,0.9999999897474187
CIF01009763,Customer_9764,Oromia,Ordinary Saving Account,2746.25,1248,26992.285,0.9999999845034864
CIF01006325,Customer_6326,Addis Ababa,Washera Saving Account,2491.01,1343,26990.777,0.9999999346894841
CIF01000843,Customer_844,Tigray,Werazut Saving Account,7584.38,796,26977.584,0.9999998347831471
CIF01008918,Customer_8919,SNNPR,Tirufat Savings Account,11677.38,2860,26977.305,0.9999999636358716
CIF01000428,Customer_429,Amhara,Washera Saving Account,4703.16,793,26974.148,0.9999999724954999
CIF01007196,Customer_7197,Oromia,Ordinary Saving Account,4044.16,603,26969.355,0.9999997965754176
CIF01003919,Customer_3920,Oromia,Ordinary Saving Account,3933.04,3234,26947.893,0.9999999471197941
CIF01007712,Customer_7713,SNNPR,Ordinary Saving Account,3653.91,1113,26947.281,0.9999998873350826
CIF01001997,Customer_1998,Addis Ababa,Agape Saving Account,3345.03,2045,26930.871,0.999999971766428
CIF01003497,Customer_3498,Addis Ababa,Ahati Saving Account,8036.93,1749,26929.064,0.9999999482220807
CIF01007141,Customer_7142,Addis Ababa,Ordinary Saving Account,1396.12,1472,26926.19,0.9999999057167606
CIF01009065,Customer_9066,Oromia,Ahati Saving Account,5443.86,1893,26922.531,0.9999999778008735
CIF01007936,Customer_7937,Addis Ababa,Janderebaw Saving Account,5894.59,3196,26920.404,0.9999999332759488
CIF01000151,Customer_152,Oromia,Abew Saving Account,6080.27,1224,26917.662,0.999999896507318
CIF01005056,Customer_5057,Amhara,Agape Saving Account,8415.62,491,26911.25,0.9999999299756841
CIF01001825,Customer_1826,Addis Ababa,Asrat Bekurat Saving Account,2815.66,772,26909.354,0.9999998968170145
CIF01001434,Customer_1435,Tigray,Blatena Saving Account,2725.92,2311,26909.121,0.9999997982102814
CIF01006656,Customer_6657,SNNPR,Abew Saving Account,7742.76,2923,26904.178,0.9999999302002294
CIF01005164,Customer_5165,Harari,Special Saving Account,6834.07,583,26903.123,0.9999999644362637
CIF01004163,Customer_4164,Amhara,Ordinary Saving Account,1565.58,2374,26899.486,0.9999999632913408
CIF01000648,Customer_649,SNNPR,Dekemezmur Saving Account,1270.43,3153,26894.658,0.9999999631536849
CIF01007897,Customer_7898,Gambela,Ordinary Saving Account,2451.34,1030,26890.875,0.9999999713485886
CIF01000220,Customer_221,SNNPR,Blatena Saving Account,440.27,444,26869.607,0.9999995670067655
CIF01006697,Customer_6698,Addis Ababa,Werazut Saving Account,3813.25,1999,26851.855,0.9999999788896563
CIF01003542,Customer_3543,SNNPR,Ordinary Saving Account,4510.62,653,26851.852,0.9999997176249285
CIF01005878,Customer_5879,SNNPR,Special Saving Account,2193.52,4558,26843.828,0.9999999315659485
CIF01004374,Customer_4375,Addis Ababa,Special Saving Account,9631.12,2482,26840.736,0.9999999575469334
CIF01004167,Customer_4168,Amhara,Asrat Bekurat Saving Account,11502.88,1664,26835.666,0.9999999672343045
CIF01008265,Customer_8266,Oromia,Tirufat Savings Account,2887.4,528,26813.537,0.9999999674840356
CIF01000482,Customer_483,Addis Ababa,Couples Saving Deposit,5024.77,692,26812.43,0.9999999502641432
CIF01002903,Customer_2904,Addis Ababa,Equb Saving Account,10268.94,1568,26809.457,0.999999946675364
CIF01003921,Customer_3922,SNNPR,Equb Saving Account,8356.98,3563,26805.041,0.9999999220057451
CIF01006023,Customer_6024,Oromia,Ordinary Saving Account,3034.7,2495,26803.557,0.9999999828604779
CIF01003710,Customer_3711,Addis Ababa,Abew Saving Account,1971.19,1994,26782.61,0.9999999725894323
CIF01007607,Customer_7608,Amhara,Blatena Saving Account,1410.63,626,26774.58,0.9999997940666248
CIF01004333,Customer_4334,SNNPR,Prime Customer Deposit Account,7025.22,2197,26769.625,0.9999999729373855
CIF01007647,Customer_7648,Dire Dawa,Ordinary Saving Account,605.31,1641,26764.602,0.99999997726255
CIF01006878,Customer_6879,Tigray,Ordinary Saving Account,6048.8,639,26761.326,0.9999996617458623
CIF01007431,Customer_7432,Addis Ababa,Prime Customer Deposit Account,2767.21,644,26736.33,0.999999872631264
CIF01006555,Customer_6556,Oromia,Dekemezmur Saving Account,3905.93,3536,26734.01,0.9999999862564382
CIF01004360,Customer_4361,Oromia,Ordinary Saving Account,10184.5,2839,26731.756,0.9999999902506748
CIF01008343,Customer_8344,Sidama,Special Saving Account,11214.8,1471,26731.135,0.9999998106821625
CIF01005090,Customer_5091,Amhara,Ordinary Saving Account,7962.88,2711,26723.988,0.9999999933742616
CIF01002821,Customer_2822,Addis Ababa,Janderebaw Saving Account,511.34,1183,26703.607,0.9999999445032974
CIF01007859,Customer_7860,Amhara,Blatena Saving Account,9074.56,1716,26703.299,0.9999999932035393
CIF01000892,Customer_893,Dire Dawa,Dekemezmur Saving Account,1895.91,775,26691.883,0.9999999746216304
CIF01003232,Customer_3233,Tigray,Dekemezmur Saving Account,3098.2,601,26688.266,0.9999994581065023
CIF01005870,Customer_5871,Addis Ababa,Ordinary Saving Account,3226.32,2070,26686.85,0.9999999834790019
CIF01007759,Customer_7760,Addis Ababa,Ahadu Bereket Saving Account,9615.73,3083,26684.945,0.999999843084034
CIF01006164,Customer_6165,SNNPR,Ordinary Saving Account,2343.13,453,26682.277,0.9999994062861525
CIF01003364,Customer_3365,Amhara,Ordinary Saving Account,2169.08,3106,26674.064,0.9999999799524859
CIF01001111,Customer_1112,Tigray,Ordinary Saving Account,629.18,1185,26666.371,0.9999998070673394
CIF01009318,Customer_9319,Oromia,Asrat Bekurat Saving Account,3499.62,1613,26659.494,0.9999999900996631
CIF01003127,Customer_3128,SNNPR,Dekemezmur Saving Account,3706.15,374,26648.71,0.9999991964908738
CIF01006680,Customer_6681,Oromia,Ordinary Saving Account,7071.27,2080,26637.273,0.9999999940892292
CIF01001000,Customer_1001,Oromia,Ahati Saving Account,8531.54,766,26624.793,0.9999999547200578
CIF01003244,Customer_3245,Addis Ababa,Special Saving Account,9285.85,1599,26621.996,0.9999999556626196
CIF01004237,Customer_4238,Gambela,Equb Saving Account,3346.03,522,26597.158,0.9999999113250874
CIF01006670,Customer_6671,Addis Ababa,Ahadu Bereket Saving Account,8226.36,3833,26589.418,0.9999999676312256
CIF01003983,Customer_3984,Amhara,Special Saving Account,10246.81,969,26580.285,0.9999999749364459
CIF01003325,Customer_3326,Oromia,Special Saving Account,4806.19,391,26564.97,0.9999998787846425
CIF01003522,Customer_3523,Addis Ababa,Equb Saving Account,7712.09,1126,26558.78,0.9999999706223497
CIF01009265,Customer_9266,Dire Dawa,Special Saving Account,1214.67,3212,26547.201,0.9999999878678839
CIF01001619,Customer_1620,Addis Ababa,Agape Saving Account,1548.69,4233,26539.125,0.9999999741917633
CIF01008476,Customer_8477,Sidama,Werazut Saving Account,715.03,2535,26525.877,0.9999999522749193
CIF01008467,Customer_8468,Dire Dawa,Blatena Saving Account,712.63,3095,26514.865,0.9999999621086949
CIF01003538,Customer_3539,SNNPR,Prime Customer Deposit Account,4199.29,3373,26505.1,0.9999999429664402
CIF01000900,Customer_901,Tigray,Tirufat Savings Account,5969.14,3266,26465.248,0.9999997908167273
CIF01004373,Customer_4374,Amhara,Tirufat Savings Account,10864.04,952,26460.22,0.9999999794978656
CIF01006742,Customer_6743,Addis Ababa,Washera Saving Account,4549.42,3183,26440.248,0.9999999264406895
CIF01006658,Customer_6659,Oromia,Janderebaw Saving Account,637.15,1380,26419.654,0.9999999898755733
CIF01007735,Customer_7736,Sidama,Ordinary Saving Account,7128.7,1796,26415.422,0.999999922927947
CIF01006531,Customer_6532,SNNPR,Tirufat Savings Account,2791.02,1665,26412.19,0.9999998597429877
CIF01000067,Customer_68,Amhara,Dekemezmur Saving Account,2446.85,2714,26400.94,0.9999999691765239
CIF01000061,Customer_62,Addis Ababa,Special Saving Account,3673.26,2259,26399.762,0.9999999914625782
CIF01003886,Customer_3887,Oromia,Special Saving Account,3262.67,4411,26399.396,0.9999999877652429
CIF01000745,Customer_746,Addis Ababa,Ordinary Saving Account,2925.46,1719,26398.844,0.9999999873506397
CIF01005033,Customer_5034,Amhara,Ahadu Bereket Saving Account,1908.79,1995,26398.48,0.999999990418705
CIF01001394,Customer_1395,SNNPR,Blatena Saving Account,12217.64,1688,26393.295,0.999999872115278
CIF01000233,Customer_234,Sidama,Blatena Saving Account,4994.12,670,26392.463,0.999999774018856
CIF01001742,Customer_1743,SNNPR,Special Saving Account,2327.2,2741,26392.102,0.9999999274964665
CIF01001066,Customer_1067,Addis Ababa,Ordinary Saving Account,3995.98,2159,26385.393,0.9999999709524547
CIF01003190,Customer_3191,Oromia,Werazut Saving Account,6960.91,1312,26375.346,0.9999999900699322
CIF01008230,Customer_8231,SNNPR,Abew Saving Account,1460.05,988,26365.451,0.9999998933321914
CIF01005478,Customer_5479,Sidama,Sitota Saving Deposit,2869.15,1390,26359.072,0.9999999253206582
CIF01002908,Customer_2909,Amhara,Blatena Saving Account,5687.43,3255,26343.518,0.9999999496702464
CIF01005916,Customer_5917,Amhara,Ahadu Bereket Saving Account,6203.46,2167,26323.574,0.9999999883024361
CIF01005324,Customer_5325,Addis Ababa,Abew Saving Account,4260.56,772,26302.033,0.9999999494173047
CIF01009955,Customer_9956,Addis Ababa,Werazut Saving Account,3291.79,610,26301.309,0.9999999807252206
CIF01006641,Customer_6642,Addis Ababa,Hiruyan Saving Account,1008.88,516,26294.201,0.9999996554427203
CIF01003216,Customer_3217,Addis Ababa,Werazut Saving Account,7868.13,976,26278.88,0.9999999783547995
CIF01006099,Customer_6100,Oromia,Tirufat Savings Account,2141.69,964,26264.15,0.9999999876526667
CIF01001092,Customer_1093,Amhara,Ordinary Saving Account,196.42,412,26262.826,0.9999998721757305
CIF01005006,Customer_5007,Oromia,Blatena Saving Account,3645.93,461,26256.861,0.9999999570875727
CIF01000189,Customer_190,Oromia,Ahadu Bereket Saving Account,5436.19,1923,26254.002,0.9999999857206663
CIF01003929,Customer_3930,SNNPR,Asrat Bekurat Saving Account,8146.39,3933,26253.541,0.9999999816651796
CIF01000023,Customer_24,Tigray,Dekemezmur Saving Account,1782.03,1771,26246.996,0.9999998987007535
CIF01000944,Customer_945,Benishangul-Gumuz,Agape Saving Account,749.19,718,26235.467,0.9999998792987655
CIF01001730,Customer_1731,Oromia,Blatena Saving Account,6809.03,1568,26226.488,0.9999999903791151
CIF01004657,Customer_4658,SNNPR,Ordinary Saving Account,1262.43,479,26194.2,0.9999993927789831
CIF01003055,Customer_3056,Addis Ababa,Dekemezmur Saving Account,3581.37,1229,26194.033,0.9999999790663936
CIF01007411,Customer_7412,Gambela,Ahati Saving Account,6642.23,772,26191.914,0.999999925371583
CIF01009607,Customer_9608,Addis Ababa,Werazut Saving Account,2176.32,762,26189.51,0.9999998813237571
CIF01007930,Customer_7931,Amhara,Ordinary Saving Account,6812.74,456,26187.508,0.9999998868372052
CIF01008671,Customer_8672,Oromia,Abew Saving Account,1960.79,744,26160.951,0.9999998151189413
CIF01009274,Customer_9275,Amhara,Ordinary Saving Account,572.23,1611,26159.291,0.9999999895152775
CIF01002610,Customer_2611,Afar,Prime Customer Deposit Account,5193.12,1782,26157.773,0.9999999566413519
CIF01002883,Customer_2884,Amhara,Blatena Saving Account,6299.87,469,26141.01,0.999999841617375
CIF01009459,Customer_9460,Oromia,Ahati Saving Account,1489.93,1251,26133.953,0.9999999814571018
CIF01009857,Customer_9858,Sidama,Ordinary Saving Account,6744.09,1737,26132.828,0.9999999167010942
CIF01009575,Customer_9576,Addis Ababa,Special Saving Account,4090.9,617,26130.451,0.9999999427765648
CIF01004927,Customer_4928,Oromia,Prime Customer Deposit Account,4608.68,477,26114.568,0.9999999689582705
CIF01009333,Customer_9334,Sidama,Special Saving Account,2470.13,1419,26114.05,0.9999998723864704
CIF01008310,Customer_8311,Tigray,Couples Saving Deposit,2862.73,412,26109.072,0.9999989924262633
CIF01003252,Customer_3253,Oromia,Ordinary Saving Account,5818.94,2658,26102.203,0.9999999931045704
CIF01006646,Customer_6647,Gambela,Abew Saving Account,679.82,589,26098.387,0.9999998320546084
CIF01006279,Customer_6280,Afar,Couples Saving Deposit,7532.45,1081,26097.135,0.9999999840143861
CIF01005543,Customer_5544,Addis Ababa,Ordinary Saving Account,5422.29,2151,26074.771,0.9999998884465919
CIF01004717,Customer_4718,Amhara,Werazut Saving Account,1665.02,3355,26049.77,0.9999999861818223
CIF01003520,Customer_3521,Oromia,Ahadu Bereket Saving Account,7527.33,1671,26032.898,0.9999999768350759
CIF01003292,Customer_3293,Amhara,Asrat Bekurat Saving Account,5793.89,474,26032.062,0.9999999278826076
CIF01001362,Customer_1363,Sidama,Werazut Saving Account,4052.81,462,26023.396,0.9999997050305658
CIF01009867,Customer_9868,Tigray,Special Saving Account,5428.45,1216,25989.707,0.9999999094849075
CIF01007826,Customer_7827,Oromia,Equb Saving Account,6921.66,1559,25989.61,0.9999999502525638
CIF01001152,Customer_1153,Oromia,Werazut Saving Account,1173.16,3144,25976.639,0.9999999756636945
CIF01001300,Customer_1301,Oromia,Blatena Saving Account,1748.26,513,25966.574,0.9999998218152262
CIF01001973,Customer_1974,SNNPR,Blatena Saving Account,2864.17,1063,25956.639,0.9999998985137816
CIF01000613,Customer_614,Addis Ababa,Couples Saving Deposit,7307.04,4375,25955.223,0.9999999942399969
CIF01002915,Customer_2916,Addis Ababa,Ordinary Saving Account,4232.63,2189,25953.773,0.9999999583452686
CIF01006319,Customer_6320,Oromia,Ordinary Saving Account,3018.09,2350,25950.48,0.9999999816131974
CIF01003656,Customer_3657,Addis Ababa,Ordinary Saving Account,1728.4,647,25945.502,0.999999430510429
CIF01005452,Customer_5453,Tigray,Ordinary Saving Account,2099.56,2998,25944.172,0.9999998507370468
CIF01005086,Customer_5087,Addis Ababa,Blatena Saving Account,5146.62,587,25942.016,0.9999999052995571
CIF01000513,Customer_514,Addis Ababa,Hiruyan Saving Account,7745.91,425,25941.27,0.9999997117690531
CIF01008072,Customer_8073,Oromia,Hiruyan Saving Account,10770.59,1081,25938.184,0.9999999858639308
CIF01005956,Customer_5957,Amhara,Ordinary Saving Account,9391.04,910,25912.896,0.9999996062299915
CIF01009140,Customer_9141,Oromia,Ordinary Saving Account,1886.15,533,25910.982,0.9999999003760017
CIF01004832,Customer_4833,Afar,Ordinary Saving Account,5585.88,1807,25907.236,0.9999999743623689
CIF01003498,Customer_3499,Addis Ababa,Sitota Saving Deposit,5806.92,807,25879.143,0.9999997374887425
CIF01002711,Customer_2712,Amhara,Ordinary Saving Account,5377.49,472,25874.518,0.9999997390124862
CIF01003609,Customer_3610,Afar,Janderebaw Saving Account,1290.15,719,25870.533,0.9999999568638759
CIF01009577,Customer_9578,Addis Ababa,Ordinary Saving Account,2300.18,2958,25848.53,0.9999999795080134
CIF01000796,Customer_797,Sidama,Tirufat Savings Account,927.67,4715,25845.67,0.9999998841422343
CIF01004628,Customer_4629,SNNPR,Werazut Saving Account,1190.11,3659,25840.95,0.9999999868833862
CIF01004008,Customer_4009,Somali,Agape Saving Account,7254.88,3427,25839.705,0.9999998029649526
CIF01003436,Customer_3437,Addis Ababa,Couples Saving Deposit,6876.48,1644,25838.805,0.9999999882235647
CIF01005146,Customer_5147,Sidama,Ordinary Saving Account,2034.95,2497,25819.629,0.9999999391184048
CIF01000612,Customer_613,Addis Ababa,Ordinary Saving Account,4012.46,3040,25801.857,0.9999999862084392
CIF01000045,Customer_46,SNNPR,Werazut Saving Account,2409.46,973,25788.08,0.9999999363406037
CIF01004660,Customer_4661,Addis Ababa,Blatena Saving Account,9901.79,2866,25782.56,0.9999999666056809
CIF01004411,Customer_4412,Oromia,Equb Saving Account,5278.46,2513,25781.947,0.9999999780373772
CIF01001349,Customer_1350,Addis Ababa,Special Saving Account,3012.84,1323,25772.252,0.9999999819484512
CIF01009921,Customer_9922,Amhara,Special Saving Account,281.01,462,25762.31,0.999999598512874
CIF01000829,Customer_830,Sidama,Agape Saving Account,3768.92,3381,25749.184,0.999999975154316
CIF01001513,Customer_1514,Amhara,Hiruyan Saving Account,3371.32,1856,25747.6,0.9999999785044118
CIF01000832,Customer_833,Amhara,Washera Saving Account,3915.44,1261,25744.822,0.9999999788486305
CIF01001022,Customer_1023,Oromia,Ordinary Saving Account,1932.68,3513,25723.496,0.9999999809645203
CIF01005616,Customer_5617,Benishangul-Gumuz,Asrat Bekurat Saving Account,4938.7,1269,25723.105,0.9999999847076622
CIF01003999,Customer_4000,Oromia,Prime Customer Deposit Account,6468.04,3082,25721.352,0.9999999441722851
CIF01001334,Customer_1335,SNNPR,Dekemezmur Saving Account,3114.71,946,25711.064,0.9999998769114384
CIF01003939,Customer_3940,Addis Ababa,Dekemezmur Saving Account,5367.79,1667,25709.219,0.999999981286598
CIF01005241,Customer_5242,Afar,Blatena Saving Account,5812.33,495,25708.404,0.9999999627753338
CIF01009208,Customer_9209,Addis Ababa,Ordinary Saving Account,1170.92,1469,25707.266,0.9999999731977156
CIF01000986,Customer_987,Amhara,Asrat Bekurat Saving Account,4219.19,2090,25689.475,0.999999990863229
CIF01005782,Customer_5783,Oromia,Prime Customer Deposit Account,788.98,1724,25682.041,0.9999999744704651
CIF01003397,Customer_3398,Addis Ababa,Ahadu Bereket Saving Account,2124.4,2436,25680.77,0.9999999673639961
CIF01005734,Customer_5735,Addis Ababa,Washera Saving Account,1349.74,3701,25671.719,0.9999999912149454
CIF01006369,Customer_6370,Addis Ababa,Blatena Saving Account,6997.59,2425,25653.998,0.9999999920362214
CIF01005919,Customer_5920,Amhara,Equb Saving Account,1033.11,2433,25650.195,0.9999999874258182
CIF01007426,Customer_7427,Harari,Agape Saving Account,2548.1,2383,25646.777,0.9999999705869138
CIF01008174,Customer_8175,Afar,Ordinary Saving Account,5161.32,1716,25643.154,0.999999980815229
CIF01001182,Customer_1183,Amhara,Abew Saving Account,726.68,533,25637.521,0.9999998827451606
CIF01004761,Customer_4762,Addis Ababa,Equb Saving Account,7797.64,1556,25606.242,0.999999943154425
CIF01003833,Customer_3834,Oromia,Ahadu Bereket Saving Account,5486.83,2292,25606.05,0.9999999923559945
CIF01009516,Customer_9517,Addis Ababa,Ahati Saving Account,1792.65,2289,25600.387,0.9999999783261353
CIF01001633,Customer_1634,Addis Ababa,Werazut Saving Account,4901.02,2722,25599.266,0.9999999897756527
CIF01001802,Customer_1803,Oromia,Couples Saving Deposit,4110.57,779,25585.941,0.9999999736134721
CIF01007574,Customer_7575,Amhara,Werazut Saving Account,4373.26,2592,25577.742,0.999999986150369
CIF01004090,Customer_4091,Addis Ababa,Blatena Saving Account,2548.51,629,25572.898,0.9999999633138597
CIF01008338,Customer_8339,Amhara,Ahati Saving Account,321.25,3425,25558.174,0.999999989463931
CIF01002315,Customer_2316,Addis Ababa,Special Saving Account,294.54,2066,25544.15,0.9999999806391843
CIF01000761,Customer_762,Addis Ababa,Ordinary Saving Account,3157.46,3159,25543.258,0.9999999787561509
CIF01002494,Customer_2495,Amhara,Blatena Saving Account,5435.17,523,25526.059,0.9999999471254127
CIF01007303,Customer_7304,Harari,Blatena Saving Account,7067.37,3477,25523.479,0.9999999641364277
CIF01000137,Customer_138,Addis Ababa,Abew Saving Account,6156.41,4292,25519.363,0.99999998915063
CIF01009495,Customer_9496,Amhara,Hiruyan Saving Account,4013.53,2992,25517.574,0.9999999798234436
CIF01003283,Customer_3284,SNNPR,Abew Saving Account,6314.28,2588,25517.334,0.99999993565455
CIF01008742,Customer_8743,Tigray,Blatena Saving Account,5613.4,1298,25505.617,0.9999999019104905
CIF01004765,Customer_4766,Addis Ababa,Asrat Bekurat Saving Account,1093.74,1257,25502.643,0.9999999218619312
CIF01001656,Customer_1657,SNNPR,Prime Customer Deposit Account,357.1,1097,25499.71,0.9999999111433949
CIF01008172,Customer_8173,Amhara,Sitota Saving Deposit,1382.29,3605,25498.574,0.9999999906318792
CIF01000757,Customer_758,Addis Ababa,Equb Saving Account,4483.49,3769,25476.592,0.9999999771973808
CIF01003792,Customer_3793,Harari,Ordinary Saving Account,7155.79,1691,25471.041,0.9999999739858916
CIF01006212,Customer_6213,Addis Ababa,Couples Saving Deposit,8683.02,392,25464.707,0.9999999149646602
CIF01007894,Customer_7895,Oromia,Ordinary Saving Account,168.52,947,25462.174,0.9999999741690457
CIF01003896,Customer_3897,Addis Ababa,Asrat Bekurat Saving Account,5170.69,1662,25456.906,0.9999999637013441
CIF01009732,Customer_9733,SNNPR,Ordinary Saving Account,4725.87,854,25455.219,0.9999999519041823
CIF01007721,Customer_7722,Tigray,Blatena Saving Account,7149.19,3259,25448.082,0.999999955591625
CIF01004787,Customer_4788,Oromia,Blatena Saving Account,2703.39,2428,25446.193,0.9999999933290737
CIF01004521,Customer_4522,Addis Ababa,Ordinary Saving Account,5349.27,3636,25437.385,0.9999999561651091
CIF01002015,Customer_2016,Addis Ababa,Janderebaw Saving Account,3659.85,4020,25432.484,0.9999999903201081
CIF01007932,Customer_7933,Amhara,Ahadu Bereket Saving Account,1234.74,595,25412.871,0.9999999176458435
CIF01003105,Customer_3106,Addis Ababa,Ordinary Saving Account,1235.1,1049,25412.34,0.9999999725387262
CIF01008804,Customer_8805,Addis Ababa,Ordinary Saving Account,5227.77,1798,25402.059,0.9999999796094099
CIF01001088,Customer_1089,Addis Ababa,Special Saving Account,725.56,1523,25385.367,0.9999999395166309
CIF01002741,Customer_2742,Addis Ababa,Prime Customer Deposit Account,3638.99,3701,25374.59,0.9999999667379469
CIF01001523,Customer_1524,SNNPR,Ordinary Saving Account,2823.15,1184,25364.047,0.999999920135516
CIF01009829,Customer_9830,Somali,Ordinary Saving Account,4200.93,1090,25359.275,0.9999998615484554
CIF01009209,Customer_9210,Amhara,Werazut Saving Account,6325.34,1631,25349.377,0.999999966542872
CIF01004387,Customer_4388,Oromia,Blatena Saving Account,806.16,2212,25348.979,0.9999999878443596
CIF01004417,Customer_4418,Addis Ababa,Blatena Saving Account,8372.93,3542,25302.96,0.9999999822444913
CIF01008690,Customer_8691,Addis Ababa,Blatena Saving Account,705.98,1965,25299.945,0.9999999458691651
CIF01009557,Customer_9558,Amhara,Special Saving Account,2882.06,3442,25292.979,0.9999999873390565
CIF01003310,Customer_3311,Oromia,Blatena Saving Account,1479.56,648,25285.78,0.9999998656075523
CIF01007549,Customer_7550,Oromia,Ordinary Saving Account,6902.56,2635,25274.752,0.9999999900490647
CIF01008562,Customer_8563,Addis Ababa,Ordinary Saving Account,3084.82,3969,25260.494,0.9999999620707699
CIF01005584,Customer_5585,Gambela,Special Saving Account,1620.17,2294,25260.305,0.9999999799896733
CIF01005691,Customer_5692,Amhara,Agape Saving Account,2164.98,5087,25259.834,0.9999999814542836
CIF01008461,Customer_8462,Addis Ababa,Blatena Saving Account,1309.09,3350,25239.89,0.9999999599884279
CIF01002568,Customer_2569,Tigray,Ordinary Saving Account,4229.17,1819,25238.4,0.9999999178735414
CIF01004424,Customer_4425,Amhara,Ordinary Saving Account,1906.02,1222,25231.326,0.9999999719004126
CIF01006544,Customer_6545,Oromia,Special Saving Account,8905.05,3672,25210.691,0.9999999764221467
CIF01006247,Customer_6248,Oromia,Sitota Saving Deposit,2348.9,1319,25202.318,0.9999999445959735
CIF01009878,Customer_9879,Amhara,Equb Saving Account,701.95,1640,25169.3,0.9999999891253205
CIF01001726,Customer_1727,SNNPR,Ahati Saving Account,4108.76,2813,25151.18,0.9999999406009952
CIF01001854,Customer_1855,Sidama,Asrat Bekurat Saving Account,2631.6,580,25144.703,0.9999996053254901
CIF01008067,Customer_8068,Addis Ababa,Ahadu Bereket Saving Account,4995.61,1460,25125.84,0.9999998895479978
CIF01001098,Customer_1099,Addis Ababa,Janderebaw Saving Account,3993.01,398,25110.832,0.9999996804955563
CIF01006312,Customer_6313,Amhara,Ordinary Saving Account,861.97,2359,25103.84,0.9999999621384065
CIF01007260,Customer_7261,Tigray,Ahadu Bereket Saving Account,1207.69,2568,25096.225,0.9999999559205017
CIF01003558,Customer_3559,Harari,Sitota Saving Deposit,2103.62,420,25075.055,0.9999994598872128
CIF01002197,Customer_2198,Oromia,Asrat Bekurat Saving Account,9169.17,930,25073.31,0.9999999831925185
CIF01008540,Customer_8541,Harari,Ahati Saving Account,8114.67,1556,25064.986,0.999999922580177
CIF01007403,Customer_7404,Oromia,Ahati Saving Account,5551.89,2234,25054.707,0.9999999699011879
CIF01009447,Customer_9448,Oromia,Dekemezmur Saving Account,794.8,390,25047.295,0.9999996553078225
CIF01000681,Customer_682,SNNPR,Prime Customer Deposit Account,5684.37,2317,25043.14,0.999999909888012
CIF01004428,Customer_4429,Oromia,Ordinary Saving Account,270.11,1406,25042.762,0.9999999863371272
CIF01006147,Customer_6148,Addis Ababa,Ahadu Bereket Saving Account,629.9,4908,25035.281,0.9999999718594607
CIF01006294,Customer_6295,Amhara,Ordinary Saving Account,3853.07,4336,25029.004,0.9999999897794419
CIF01004983,Customer_4984,SNNPR,Ordinary Saving Account,4886.39,1795,25027.355,0.9999999140426722
CIF01009703,Customer_9704,Addis Ababa,Janderebaw Saving Account,479.29,2553,25023.777,0.999999982365395
CIF01006490,Customer_6491,Addis Ababa,Blatena Saving Account,3640.27,711,25008.012,0.9999999436027261
CIF01001241,Customer_1242,Oromia,Dekemezmur Saving Account,9112.4,3586,24980.037,0.9999999824001996
CIF01006014,Customer_6015,Addis Ababa,Agape Saving Account,8354.06,1825,24967.713,0.9999999783781488
CIF01002612,Customer_2613,Addis Ababa,Tirufat Savings Account,8526.64,904,24914.252,0.9999997774569331
CIF01008197,Customer_8198,Amhara,Werazut Saving Account,1820.37,1189,24892.42,0.9999999097101905
CIF01004179,Customer_4180,Afar,Ordinary Saving Account,4057.51,2279,24845.229,0.999999902619111
CIF01003208,Customer_3209,Addis Ababa,Ordinary Saving Account,3488.81,3327,24839.838,0.9999999728735435
CIF01009532,Customer_9533,Amhara,Asrat Bekurat Saving Account,3323.07,1737,24838.498,0.999999979962189
CIF01000663,Customer_664,Somali,Ordinary Saving Account,1016.13,663,24832.87,0.9999995439721471
CIF01007662,Customer_7663,Addis Ababa,Sitota Saving Deposit,7171.11,1001,24832.562,0.999999904830774
CIF01000863,Customer_864,Addis Ababa,Prime Customer Deposit Account,100.74,3299,24830.855,0.9999999692586007
CIF01002322,Customer_2323,Oromia,Agape Saving Account,5105.83,478,24828.746,0.9999998586697596
CIF01001805,Customer_1806,Dire Dawa,Ordinary Saving Account,4754.3,1018,24824.184,0.9999999544370076
CIF01007814,Customer_7815,Tigray,Special Saving Account,2589.32,2735,24823.51,0.9999999009511042
CIF01006871,Customer_6872,Sidama,Ahati Saving Account,537.34,4269,24810.498,0.9999998805636261
CIF01004669,Customer_4670,Addis Ababa,Special Saving Account,5984.42,978,24799.41,0.9999999679797379
CIF01009750,Customer_9751,Addis Ababa,Couples Saving Deposit,5770.85,3594,24776.14,0.999999982806068
CIF01000050,Customer_51,Benishangul-Gumuz,Ahati Saving Account,3943.95,483,24774.379,0.9999999460694851
CIF01002681,Customer_2682,SNNPR,Hiruyan Saving Account,1124.46,1800,24758.402,0.9999999363620948
CIF01000683,Customer_684,Oromia,Ordinary Saving Account,689.03,1784,24744.96,0.9999999466718537
CIF01007940,Customer_7941,SNNPR,Ahadu Bereket Saving Account,10452.97,940,24744.893,0.9999998921962719
CIF01006980,Customer_6981,Addis Ababa,Asrat Bekurat Saving Account,5077.09,1814,24733.52,0.9999999724166319
CIF01009538,Customer_9539,Dire Dawa,Prime Customer Deposit Account,3373.83,3528,24733.13,0.9999999808112828
CIF01001312,Customer_1313,Addis Ababa,Blatena Saving Account,1710.46,1691,24724.543,0.9999999802145807
CIF01004954,Customer_4955,Addis Ababa,Hiruyan Saving Account,2031.2,1922,24706.238,0.9999999731624636
CIF01004169,Customer_4170,SNNPR,Ahati Saving Account,761.67,1782,24700.154,0.9999999171348195
CIF01001681,Customer_1682,Benishangul-Gumuz,Special Saving Account,3029.75,1629,24691.678,0.9999999667048556
CIF01007503,Customer_7504,Harari,Hiruyan Saving Account,1509.93,1225,24687.81,0.9999999854190922
CIF01001564,Customer_1565,Addis Ababa,Agape Saving Account,6785.1,370,24654.957,0.9999996907101734
CIF01008185,Customer_8186,Addis Ababa,Couples Saving Deposit,8898.3,1223,24649.334,0.9999999250306869
CIF01005203,Customer_5204,Amhara,Blatena Saving Account,2869.84,2094,24647.234,0.9999999756847676
CIF01008616,Customer_8617,Addis Ababa,Ordinary Saving Account,311.22,2969,24641.3,0.9999999784189502
CIF01002894,Customer_2895,Oromia,Abew Saving Account,2080.29,3316,24631.795,0.9999999876274567
CIF01008565,Customer_8566,Tigray,Special Saving Account,867.53,3132,24624.918,0.9999997156588678
CIF01009104,Customer_9105,Addis Ababa,Blatena Saving Account,4650.28,2571,24612.244,0.9999999706324354
CIF01005064,Customer_5065,Oromia,Hiruyan Saving Account,8998.65,1951,24611.209,0.9999999728509646
CIF01002700,Customer_2701,SNNPR,Asrat Bekurat Saving Account,438.07,1369,24587.459,0.9999998807908457
CIF01007436,Customer_7437,Oromia,Ordinary Saving Account,6743.05,2558,24584.469,0.9999999698084594
CIF01008590,Customer_8591,Oromia,Equb Saving Account,3690.78,3760,24580.71,0.9999999187785839
CIF01008331,Customer_8332,Amhara,Hiruyan Saving Account,6288.12,949,24562.752,0.9999999599887104
CIF01003888,Customer_3889,Addis Ababa,Couples Saving Deposit,4711.71,474,24559.34,0.999998244187714
CIF01004228,Customer_4229,Addis Ababa,Special Saving Account,1660.48,803,24544.41,0.9999999413759587
CIF01000809,Customer_810,Addis Ababa,Ahati Saving Account,4212.37,2368,24544.084,0.9999999697090936
CIF01000606,Customer_607,Amhara,Abew Saving Account,8357.54,1471,24531.982,0.9999999054589551
CIF01009993,Customer_9994,Addis Ababa,Ahadu Bereket Saving Account,5811.08,405,24527.701,0.9999997137408427
CIF01007073,Customer_7074,Addis Ababa,Dekemezmur Saving Account,6561.67,2857,24504.254,0.9999999829972598
CIF01008069,Customer_8070,Amhara,Abew Saving Account,7422.17,1487,24488.229,0.999999959837237
CIF01003269,Customer_3270,Amhara,Ordinary Saving Account,2370.11,1673,24476.521,0.9999999820075808
CIF01004104,Customer_4105,Oromia,Blatena Saving Account,6089.97,1155,24467.129,0.9999999803315259
CIF01005259,Customer_5260,Amhara,Ahati Saving Account,944.38,3350,24465.246,0.9999998929891217
CIF01005732,Customer_5733,Addis Ababa,Abew Saving Account,7514.33,3221,24460.244,0.9999999751646087
CIF01008397,Customer_8398,Tigray,Prime Customer Deposit Account,1920.82,2914,24458.582,0.9999999640570458
CIF01001702,Customer_1703,Oromia,Dekemezmur Saving Account,3569.54,1031,24446.791,0.9999999654864696
CIF01002987,Customer_2988,Amhara,Special Saving Account,3723.09,1385,24406.982,0.999999975878601
CIF01007622,Customer_7623,Benishangul-Gumuz,Special Saving Account,3965.28,1502,24362.486,0.9999999518609081
CIF01008173,Customer_8174,Oromia,Werazut Saving Account,4245.43,3046,24360.494,0.9999999820876647
CIF01007581,Customer_7582,Tigray,Dekemezmur Saving Account,6584.78,1106,24340.342,0.9999998476679316
CIF01008150,Customer_8151,Addis Ababa,Dekemezmur Saving Account,4058.54,2552,24332.74,0.9999999703864504
CIF01008783,Customer_8784,SNNPR,Ordinary Saving Account,2293.98,2040,24330.385,0.9999999349141142
CIF01009752,Customer_9753,Amhara,Sitota Saving Deposit,3512.1,3508,24319.287,0.99999998157516
CIF01002321,Customer_2322,SNNPR,Tirufat Savings Account,963.56,3698,24304.861,0.9999999070048631
CIF01009176,Customer_9177,Amhara,Ordinary Saving Account,2251.17,831,24266.219,0.9999999762428283
CIF01009478,Customer_9479,Dire Dawa,Hiruyan Saving Account,2161.5,833,24265.303,0.9999999662450778
CIF01001967,Customer_1968,Addis Ababa,Dekemezmur Saving Account,5021.75,2294,24264.12,0.999999977048332
CIF01005607,Customer_5608,Benishangul-Gumuz,Special Saving Account,2906.85,2448,24258.662,0.999999984932556
CIF01009169,Customer_9170,Addis Ababa,Ordinary Saving Account,390.52,2586,24243.756,0.9999999876073412
CIF01008435,Customer_8436,Tigray,Ordinary Saving Account,3466.5,2113,24238.545,0.999999835613515
CIF01006657,Customer_6658,Amhara,Dekemezmur Saving Account,7649.04,1501,24224.123,0.9999999736893022
CIF01000692,Customer_693,Amhara,Special Saving Account,955.82,1013,24216.299,0.9999999813156019
CIF01000638,Customer_639,Addis Ababa,Hiruyan Saving Account,2044.96,3053,24189.47,0.9999999521117805
CIF01000780,Customer_781,Dire Dawa,Ordinary Saving Account,1849.77,861,24188.09,0.9999999905987803
CIF01009094,Customer_9095,Addis Ababa,Ordinary Saving Account,357.99,816,24185.625,0.999999968281084
CIF01005663,Customer_5664,Tigray,Abew Saving Account,893.97,2718,24158.46,0.9999999527840957
CIF01005020,Customer_5021,Amhara,Werazut Saving Account,342.64,547,24138.43,0.9999994149808923
CIF01007754,Customer_7755,SNNPR,Abew Saving Account,937.07,3141,24133.742,0.999999845051607
CIF01003847,Customer_3848,Harari,Asrat Bekurat Saving Account,6347.66,917,24131.357,0.9999999922676795
CIF01001247,Customer_1248,Amhara,Agape Saving Account,6344.35,3041,24102.63,0.9999999486485742
CIF01009591,Customer_9592,Sidama,Sitota Saving Deposit,591.57,510,24090.865,0.9999992996688483
CIF01000134,Customer_135,Gambela,Asrat Bekurat Saving Account,5665.3,1978,24088.943,0.9999999643109695
CIF01005917,Customer_5918,Addis Ababa,Dekemezmur Saving Account,4167.45,1169,24086.533,0.9999998675890573
CIF01000695,Customer_696,Addis Ababa,Agape Saving Account,2229.75,821,24079.674,0.999999987755989
CIF01004564,Customer_4565,Addis Ababa,Couples Saving Deposit,1668.89,1978,24077.95,0.9999999187932146
CIF01008325,Customer_8326,Gambela,Blatena Saving Account,886.47,1155,24051.322,0.9999999662504429
CIF01000285,Customer_286,Amhara,Special Saving Account,1998.69,865,24018.08,0.9999999856344282
CIF01005171,Customer_5172,Benishangul-Gumuz,Ordinary Saving Account,1794.95,3522,24008.781,0.9999999856231137
CIF01008901,Customer_8902,Benishangul-Gumuz,Tirufat Savings Account,2771.5,399,24005.414,0.999997828012767
CIF01003753,Customer_3754,Addis Ababa,Dekemezmur Saving Account,1756.75,1227,23999.809,0.9999999677450634
CIF01004548,Customer_4549,Addis Ababa,Werazut Saving Account,4936.42,2670,23995.207,0.999999942873581
CIF01005159,Customer_5160,Oromia,Agape Saving Account,1672.45,1820,23976.264,0.9999999649062036
CIF01005285,Customer_5286,SNNPR,Asrat Bekurat Saving Account,3488.58,1330,23958.373,0.9999999011083589
CIF01009239,Customer_9240,Addis Ababa,Werazut Saving Account,4643.04,2981,23952.924,0.9999998274227517
CIF01007216,Customer_7217,Afar,Ahati Saving Account,7317.65,964,23948.996,0.9999999686931776
CIF01004881,Customer_4882,Oromia,Prime Customer Deposit Account,1047.15,2064,23930.281,0.9999999503594423
CIF01006111,Customer_6112,Addis Ababa,Ahati Saving Account,1174.57,1376,23919.713,0.9999999588026324
CIF01001722,Customer_1723,SNNPR,Werazut Saving Account,2423.84,404,23898.408,0.9999972906335807
CIF01004092,Customer_4093,Afar,Dekemezmur Saving Account,4033.85,1849,23866.57,0.999999985223955
CIF01009718,Customer_9719,Tigray,Dekemezmur Saving Account,4071.1,1421,23849.707,0.9999998855087862
CIF01005050,Customer_5051,Addis Ababa,Ahadu Bereket Saving Account,454.8,1013,23839.668,0.9999998952319128
CIF01002366,Customer_2367,SNNPR,Ordinary Saving Account,967.07,1879,23828.836,0.999999948713058
CIF01002211,Customer_2212,Addis Ababa,Blatena Saving Account,2216.68,1832,23801.898,0.999999967974924
CIF01007900,Customer_7901,Oromia,Ordinary Saving Account,4539.15,1123,23801.135,0.9999999872709441
CIF01001989,Customer_1990,Oromia,Dekemezmur Saving Account,841.07,3050,23737.7,0.9999999892128898
CIF01000540,Customer_541,Oromia,Agape Saving Account,5859.59,1901,23705.35,0.9999999862493265
CIF01002725,Customer_2726,Addis Ababa,Prime Customer Deposit Account,4991.49,1082,23677.547,0.9999999831588716
CIF01007456,Customer_7457,Oromia,Agape Saving Account,7612.85,2085,23665.705,0.9999999844655032
CIF01003457,Customer_3458,Addis Ababa,Ordinary Saving Account,2934.12,2507,23665.19,0.9999999721424891
CIF01002884,Customer_2885,Oromia,Prime Customer Deposit Account,300.98,1427,23639.37,0.9999999782972024
CIF01002008,Customer_2009,SNNPR,Werazut Saving Account,5414.0,889,23624.57,0.9999999586319875
CIF01004149,Customer_4150,Oromia,Prime Customer Deposit Account,3541.9,2953,23599.213,0.9999999750119521
CIF01007234,Customer_7235,Addis Ababa,Janderebaw Saving Account,2496.44,821,23599.072,0.9999999735156293
CIF01006268,Customer_6269,Addis Ababa,Ordinary Saving Account,1667.5,3490,23592.988,0.9999999312144013
CIF01007850,Customer_7851,Amhara,Abew Saving Account,3695.21,407,23589.387,0.9999996305777444
CIF01000014,Customer_15,SNNPR,Werazut Saving Account,2372.2,1556,23543.121,0.9999999029628751
CIF01006363,Customer_6364,SNNPR,Blatena Saving Account,1801.37,4466,23536.4,0.9999999660895065
CIF01003200,Customer_3201,Amhara,Tirufat Savings Account,493.13,1222,23535.738,0.9999999697120996
CIF01002818,Customer_2819,Addis Ababa,Asrat Bekurat Saving Account,3325.75,1940,23534.92,0.9999998536231943
CIF01002620,Customer_2621,SNNPR,Ordinary Saving Account,4416.89,904,23530.184,0.9999999461248912
CIF01004791,Customer_4792,Addis Ababa,Washera Saving Account,1448.04,1603,23526.172,0.9999999817568525
CIF01005703,Customer_5704,Oromia,Ordinary Saving Account,375.44,1842,23506.809,0.9999999856816009
CIF01005602,Customer_5603,Sidama,Ordinary Saving Account,3684.78,3646,23496.111,0.9999999184028541
CIF01007885,Customer_7886,SNNPR,Agape Saving Account,2041.07,1185,23481.03,0.9999998933321912
CIF01000337,Customer_338,Addis Ababa,Werazut Saving Account,1559.03,1563,23465.367,0.9999999772161737
CIF01004298,Customer_4299,Amhara,Dekemezmur Saving Account,2200.91,1959,23461.438,0.9999999741415382
CIF01008551,Customer_8552,Sidama,Washera Saving Account,5832.42,942,23447.81,0.9999999287640702
CIF01007472,Customer_7473,SNNPR,Ordinary Saving Account,1216.31,465,23399.807,0.9999995319780696
CIF01001326,Customer_1327,Addis Ababa,Werazut Saving Account,4091.08,932,23368.838,0.9999999658353741
CIF01005809,Customer_5810,Tigray,Blatena Saving Account,362.58,2189,23348.592,0.9999998933269563
CIF01003649,Customer_3650,Oromia,Tirufat Savings Account,1127.43,1835,23343.162,0.9999999392680813
CIF01005276,Customer_5277,Oromia,Ordinary Saving Account,1676.47,1246,23335.078,0.9999999796195429
CIF01000147,Customer_148,SNNPR,Abew Saving Account,9814.92,969,23305.646,0.999999890035676
CIF01008188,Customer_8189,SNNPR,Special Saving Account,1252.77,1218,23302.598,0.9999998903328646
CIF01004317,Customer_4318,Dire Dawa,Tirufat Savings Account,785.37,829,23274.87,0.9999999677138373
CIF01009396,Customer_9397,Addis Ababa,Ahati Saving Account,2014.86,867,23261.64,0.9999999544752308
CIF01007335,Customer_7336,Amhara,Special Saving Account,3943.32,1113,23252.49,0.9999999754942942
CIF01007952,Customer_7953,Addis Ababa,Dekemezmur Saving Account,3199.83,2060,23248.73,0.9999999804887284
CIF01009691,Customer_9692,Addis Ababa,Special Saving Account,2602.92,576,23235.006,0.9999998200037619
CIF01007947,Customer_7948,Amhara,Asrat Bekurat Saving Account,1085.1,1447,23194.832,0.9999999881018767
CIF01001159,Customer_1160,SNNPR,Tirufat Savings Account,667.34,372,23179.102,0.9999992433916256
CIF01006176,Customer_6177,Amhara,Werazut Saving Account,1439.39,1487,23158.26,0.9999999228793257
CIF01002392,Customer_2393,Addis Ababa,Ordinary Saving Account,1487.12,1303,23123.783,0.9999999697334794
CIF01005578,Customer_5579,Oromia,Dekemezmur Saving Account,2045.75,3589,23077.232,0.9999999894871695
CIF01003129,Customer_3130,Oromia,Special Saving Account,3675.89,2120,23043.535,0.9999999774609681
CIF01002238,Customer_2239,SNNPR,Prime Customer Deposit Account,2514.81,2672,23037.547,0.9999999503002062
CIF01005575,Customer_5576,Harari,Blatena Saving Account,5488.35,1078,23015.195,0.9999999397367
CIF01003140,Customer_3141,Tigray,Equb Saving Account,2136.03,2926,22910.293,0.99999994405342
CIF01004833,Customer_4834,Addis Ababa,Janderebaw Saving Account,365.96,1865,22907.188,0.9999999762661517
CIF01006970,Customer_6971,Oromia,Ordinary Saving Account,5349.61,1904,22907.148,0.9999999909145446
CIF01009967,Customer_9968,Addis Ababa,Abew Saving Account,301.78,1536,22890.854,0.9999999872140409
CIF01001976,Customer_1977,Oromia,Tirufat Savings Account,852.24,1722,22856.99,0.999999970600645
CIF01005775,Customer_5776,Amhara,Dekemezmur Saving Account,4519.72,1935,22849.695,0.9999999326052263
CIF01008208,Customer_8209,Oromia,Ordinary Saving Account,5156.47,1949,22840.799,0.9999999841503837
CIF01004888,Customer_4889,SNNPR,Abew Saving Account,1291.92,3054,22800.135,0.9999998816544162
CIF01009731,Customer_9732,Gambela,Ordinary Saving Account,903.93,3537,22791.645,0.9999999853214023
CIF01003229,Customer_3230,Dire Dawa,Special Saving Account,2288.99,1494,22790.65,0.9999999738672587
CIF01003454,Customer_3455,Amhara,Agape Saving Account,2424.08,1265,22774.496,0.9999999801264863
CIF01006910,Customer_6911,Somali,Agape Saving Account,3400.32,3166,22765.658,0.9999999613911478
CIF01006975,Customer_6976,Addis Ababa,Abew Saving Account,3285.46,2593,22740.072,0.9999999144493479
CIF01003692,Customer_3693,Sidama,Blatena Saving Account,866.77,1814,22738.662,0.9999999357052588
CIF01004183,Customer_4184,Gambela,Hiruyan Saving Account,2211.15,1415,22713.111,0.9999999861651263
CIF01004934,Customer_4935,Amhara,Tirufat Savings Account,1776.57,2998,22702.662,0.9999999311283615
CIF01003052,Customer_3053,Amhara,Ordinary Saving Account,1638.68,962,22681.027,0.9999999062675972
CIF01005733,Customer_5734,Amhara,Ordinary Saving Account,2779.22,770,22679.738,0.9999999233129279
CIF01009102,Customer_9103,Addis Ababa,Janderebaw Saving Account,353.46,1365,22674.469,0.99999996140748
CIF01004207,Customer_4208,Addis Ababa,Ahati Saving Account,1640.52,5137,22673.805,0.99999996638769
CIF01005042,Customer_5043,Gambela,Asrat Bekurat Saving Account,6135.16,1069,22645.697,0.9999999759713177
CIF01008489,Customer_8490,Oromia,Ahadu Bereket Saving Account,293.66,1436,22645.389,0.9999999426144448
CIF01009370,Customer_9371,Sidama,Werazut Saving Account,3087.58,1514,22606.766,0.9999998781457318
CIF01000816,Customer_817,Addis Ababa,Werazut Saving Account,1877.47,1627,22587.355,0.9999999749110262
CIF01009117,Customer_9118,Benishangul-Gumuz,Ordinary Saving Account,1805.85,3106,22580.07,0.9999999791789387
CIF01000541,Customer_542,SNNPR,Prime Customer Deposit Account,849.75,4555,22559.188,0.9999998755157617
CIF01000241,Customer_242,Addis Ababa,Blatena Saving Account,3597.19,810,22545.928,0.9999999460372024
CIF01007840,Customer_7841,Addis Ababa,Ordinary Saving Account,543.57,3629,22544.125,0.9999999540180516
CIF01008877,Customer_8878,SNNPR,Abew Saving Account,5272.15,1621,22540.303,0.9999999488266731
CIF01002537,Customer_2538,Tigray,Ahadu Bereket Saving Account,1476.38,862,22526.414,0.9999999159367843
CIF01009609,Customer_9610,SNNPR,Ordinary Saving Account,622.49,3299,22475.951,0.999999881326414
CIF01005672,Customer_5673,Amhara,Tirufat Savings Account,2544.73,4356,22472.889,0.9999999733535965
CIF01005058,Customer_5059,Dire Dawa,Special Saving Account,1066.87,1691,22466.633,0.9999999447220704
CIF01003021,Customer_3022,Sidama,Blatena Saving Account,2914.39,373,22453.236,0.9999996100699151
CIF01001314,Customer_1315,SNNPR,Ordinary Saving Account,1811.02,1168,22425.844,0.9999998617857033
CIF01005538,Customer_5539,Amhara,Tirufat Savings Account,2712.82,374,22367.232,0.9999997972279535
CIF01003480,Customer_3481,Addis Ababa,Ahati Saving Account,1079.62,1854,22299.355,0.9999999603281042
CIF01009931,Customer_9932,Oromia,Hiruyan Saving Account,3839.15,411,22279.828,0.9999991596627652
CIF01000197,Customer_198,Oromia,Hiruyan Saving Account,5509.59,988,22277.822,0.9999999551751002
CIF01008361,Customer_8362,Amhara,Hiruyan Saving Account,991.55,1265,22277.783,0.9999999825714067
CIF01009853,Customer_9854,SNNPR,Ordinary Saving Account,3533.3,3344,22215.803,0.9999998648301144
CIF01003288,Customer_3289,Tigray,Sitota Saving Deposit,3420.57,1603,22196.248,0.9999999146227334
CIF01004212,Customer_4213,Addis Ababa,Special Saving Account,973.73,1307,22188.98,0.9999999629407659
CIF01007863,Customer_7864,Sidama,Ordinary Saving Account,5519.93,1030,22186.15,0.9999999453468112
CIF01004561,Customer_4562,Addis Ababa,Sitota Saving Deposit,609.41,1173,22180.477,0.9999999772746632
CIF01009651,Customer_9652,Oromia,Special Saving Account,513.81,3077,22166.598,0.9999999873766613
CIF01009637,Customer_9638,Addis Ababa,Agape Saving Account,470.36,3163,22162.146,0.9999999824404039
CIF01003504,Customer_3505,SNNPR,Blatena Saving Account,2804.15,4283,22061.477,0.9999998795533759
CIF01007444,Customer_7445,Amhara,Ordinary Saving Account,655.19,1070,21998.627,0.9999999761340309
CIF01006663,Customer_6664,Afar,Blatena Saving Account,1877.18,3471,21973.09,0.9999999873920177
CIF01000912,Customer_913,Addis Ababa,Werazut Saving Account,2289.86,1589,21947.848,0.9999999572766121
CIF01006593,Customer_6594,Gambela,Ordinary Saving Account,2363.55,2839,21906.37,0.9999999878223172
CIF01002961,Customer_2962,Addis Ababa,Hiruyan Saving Account,3357.64,1582,21905.756,0.999999959295904
CIF01005666,Customer_5667,Addis Ababa,Ordinary Saving Account,507.98,1612,21889.02,0.9999999759218713
CIF01009889,Customer_9890,Amhara,Werazut Saving Account,3237.17,374,21873.408,0.9999972549130987
CIF01001414,Customer_1415,Addis Ababa,Special Saving Account,3180.43,886,21841.996,0.9999999502050148
CIF01007368,Customer_7369,Amhara,Hiruyan Saving Account,750.93,573,21815.188,0.999999460880922
CIF01002364,Customer_2365,Addis Ababa,Tirufat Savings Account,3616.73,1820,21735.59,0.9999999869943996
CIF01009047,Customer_9048,Harari,Ordinary Saving Account,752.79,2051,21707.602,0.9999999761396948
CIF01009805,Customer_9806,Tigray,Ahati Saving Account,1953.48,468,21704.453,0.9999992446271871
CIF01008835,Customer_8836,Addis Ababa,Sitota Saving Deposit,841.87,1567,21697.264,0.999999969084718
CIF01007548,Customer_7549,Oromia,Blatena Saving Account,4889.71,948,21658.564,0.9999999954646721
CIF01008158,Customer_8159,Oromia,Hiruyan Saving Account,960.07,2134,21602.146,0.9999999770257019
CIF01006856,Customer_6857,Amhara,Special Saving Account,2022.54,1966,21525.816,0.9999999731895219
CIF01008861,Customer_8862,Harari,Ahati Saving Account,2089.59,1335,21370.422,0.9999999914249865
CIF01000881,Customer_882,Tigray,Dekemezmur Saving Account,4705.3,1075,21309.973,0.9999999421221837
CIF01007254,Customer_7255,Addis Ababa,Asrat Bekurat Saving Account,3737.9,860,21287.023,0.9999999238553825
CIF01006452,Customer_6453,Oromia,Agape Saving Account,3258.88,3069,21222.316,0.9999999221087209
CIF01002542,Customer_2543,Addis Ababa,Tirufat Savings Account,1749.5,1048,21166.844,0.9999998821202302
CIF01005980,Customer_5981,Afar,Ordinary Saving Account,638.8,1985,21137.314,0.999999969390948
CIF01000267,Customer_268,Oromia,Couples Saving Deposit,1068.55,1101,21093.164,0.9999999781774229
CIF01007014,Customer_7015,Amhara,Werazut Saving Account,2585.14,1918,21085.695,0.9999999752818767
CIF01005019,Customer_5020,Addis Ababa,Equb Saving Account,1089.89,2258,21080.193,0.9999999681984763
CIF01004697,Customer_4698,Addis Ababa,Ordinary Saving Account,3486.48,1074,21078.365,0.9999999793120748
CIF01001610,Customer_1611,Tigray,Blatena Saving Account,1738.32,1546,21061.508,0.9999998194557753
CIF01002114,Customer_2115,Amhara,Special Saving Account,177.49,2305,21036.375,0.9999999833172907
CIF01000889,Customer_890,Addis Ababa,Werazut Saving Account,693.05,1629,20971.71,0.9999999814293933
CIF01006706,Customer_6707,Sidama,Ahadu Bereket Saving Account,991.29,1324,20928.654,0.9999998940408489
CIF01008062,Customer_8063,SNNPR,Blatena Saving Account,3270.51,1670,20875.95,0.9999999290779945
CIF01004856,Customer_4857,Oromia,Ordinary Saving Account,3336.74,2587,20850.77,0.9999999837178781
CIF01008022,Customer_8023,Amhara,Werazut Saving Account,5282.85,503,20842.225,0.9999999142071239
CIF01004074,Customer_4075,SNNPR,Tirufat Savings Account,656.8,1643,20801.62,0.9999999419200767
CIF01002746,Customer_2747,Addis Ababa,Ordinary Saving Account,464.28,1613,20722.074,0.9999999350647597
CIF01003220,Customer_3221,Afar,Werazut Saving Account,5602.98,451,20700.47,0.99999945738608
CIF01003593,Customer_3594,Addis Ababa,Blatena Saving Account,932.14,1848,20664.445,0.9999999908065763
CIF01003796,Customer_3797,Amhara,Blatena Saving Account,885.37,1776,20656.121,0.9999999716119742
CIF01009252,Customer_9253,Addis Ababa,Blatena Saving Account,2337.4,2011,20633.049,0.9999999664260033
CIF01004805,Customer_4806,Amhara,Abew Saving Account,2924.64,860,20598.787,0.9999999694553372
CIF01005054,Customer_5055,Dire Dawa,Ordinary Saving Account,281.01,387,20532.086,0.999999857746287
CIF01003769,Customer_3770,Amhara,Abew Saving Account,1209.32,1613,20524.541,0.9999999825059877
CIF01000977,Customer_978,Oromia,Ordinary Saving Account,2232.69,1534,20482.979,0.9999999222680536
CIF01008763,Customer_8764,SNNPR,Ahadu Bereket Saving Account,2108.76,1652,20457.303,0.9999999336671854
CIF01009617,Customer_9618,Addis Ababa,Ahati Saving Account,1881.39,2842,20448.686,0.9999999526339658
CIF01006574,Customer_6575,Addis Ababa,Dekemezmur Saving Account,103.13,1814,20448.0,0.9999999187602185
CIF01003851,Customer_3852,Oromia,Asrat Bekurat Saving Account,295.31,2377,20412.355,0.999999948766469
CIF01006407,Customer_6408,Addis Ababa,Ordinary Saving Account,1847.84,2579,20335.998,0.999999989297249
CIF01006384,Customer_6385,Sidama,Blatena Saving Account,3122.45,1770,20296.9,0.9999999024268496
CIF01009683,Customer_9684,Amhara,Agape Saving Account,1728.05,2184,20273.682,0.9999999882860061
CIF01006726,Customer_6727,Dire Dawa,Blatena Saving Account,771.0,2413,20253.693,0.9999999801282529
CIF01007305,Customer_7306,Amhara,Ordinary Saving Account,1656.07,2898,20242.746,0.9999999841752678
CIF01001912,Customer_1913,Oromia,Agape Saving Account,1573.03,1953,20191.703,0.99999996320848
CIF01009129,Customer_9130,Oromia,Ordinary Saving Account,60.28,1144,20175.684,0.9999999800988548
CIF01005059,Customer_5060,Addis Ababa,Special Saving Account,436.61,2915,20113.725,0.9999999694883988
CIF01003813,Customer_3814,Harari,Ahati Saving Account,3025.63,1923,20009.232,0.9999999593387966
CIF01002551,Customer_2552,SNNPR,Ordinary Saving Account,535.08,1162,19994.303,0.9999998906008529
CIF01007373,Customer_7374,Amhara,Blatena Saving Account,1457.43,1456,19975.22,0.9999999511000852
CIF01002797,Customer_2798,Addis Ababa,Prime Customer Deposit Account,1681.0,950,19968.99,0.9999998955385403
CIF01005793,Customer_5794,Sidama,Abew Saving Account,3280.3,866,19939.36,0.9999999001770095
CIF01006640,Customer_6641,SNNPR,Equb Saving Account,480.11,2399,19912.99,0.9999999494180799
CIF01004712,Customer_4713,Amhara,Asrat Bekurat Saving Account,945.86,1679,19862.457,0.9999999687811812
CIF01004542,Customer_4543,Amhara,Washera Saving Account,377.15,5677,19856.688,0.9999999756316681
CIF01008752,Customer_8753,Dire Dawa,Prime Customer Deposit Account,2124.89,984,19735.586,0.99999989346143
CIF01004573,Customer_4574,Tigray,Werazut Saving Account,2722.15,980,19732.885,0.9999998701672657
CIF01001971,Customer_1972,Addis Ababa,Ordinary Saving Account,3126.14,992,19665.87,0.9999999109364918
CIF01007449,Customer_7450,Benishangul-Gumuz,Hiruyan Saving Account,1326.85,366,19663.996,0.07717633850702539
CIF01002959,Customer_2960,SNNPR,Ahati Saving Account,1040.99,1290,19656.22,0.9999999472914524
CIF01004177,Customer_4178,Amhara,Abew Saving Account,987.82,1323,19528.994,0.9999999749101451
CIF01007297,Customer_7298,Sidama,Blatena Saving Account,1570.27,918,19328.684,0.9999999056577673
CIF01008944,Customer_8945,Amhara,Couples Saving Deposit,302.44,1736,19305.803,0.9999999164919137
CIF01000713,Customer_714,SNNPR,Ordinary Saving Account,590.14,1701,19146.057,0.9999999182302322
CIF01002715,Customer_2716,Oromia,Ordinary Saving Account,3453.17,1025,19134.506,0.9999999763639654
CIF01008128,Customer_8129,Addis Ababa,Ordinary Saving Account,793.62,1019,19119.613,0.9999999533423005
CIF01001336,Customer_1337,Sidama,Special Saving Account,3629.47,1110,19103.012,0.9999999222580849
CIF01001543,Customer_1544,Addis Ababa,Ordinary Saving Account,1001.58,1498,18944.371,0.9999999142952529
CIF01001027,Customer_1028,Oromia,Special Saving Account,809.74,1038,18515.105,0.9999999819738788
CIF01007302,Customer_7303,Oromia,Ordinary Saving Account,282.39,949,18398.553,0.9999999845023018
CIF01008609,Customer_8610,Harari,Abew Saving Account,2054.44,1834,17975.98,0.9999999585152823
CIF01004458,Customer_4459,SNNPR,Equb Saving Account,1020.44,460,17785.246,0.9999985083148393
CIF01002409,Customer_2410,SNNPR,Special Saving Account,932.58,1927,16621.629,0.9999999501368999
CIF01007697,Customer_7698,Amhara,Agape Saving Account,914.6,1001,16587.121,0.9999999670953366
CIF01004551,Customer_4552,SNNPR,Ordinary Saving Account,1126.61,950,16586.213,0.999999910133092
CIF01009748,Customer_9749,Afar,Asrat Bekurat Saving Account,717.95,994,15140.95,0.9999999559332734
CIF01003562,Customer_3563,Addis Ababa,Agape Saving Account,75.61,2000,12274.65,0.9999999317029151
