CIF,Account Number,Account Name,Product Type,Region,End Balance,Days_Since_Last_Txn,Dormancy_Risk_Score
CIF01009985,ACC0002009985,Customer_9986,Tirufat Savings Account,Somali,2966.11,279,0.9999997404758517
CIF01000007,ACC0002000007,Customer_8,Special Saving Account,Amhara,3729.3,256,0.9999997404758517
CIF01000019,ACC0002000019,Customer_20,Blatena Saving Account,Amhara,10654.45,218,0.9999997404758517
CIF01000020,ACC0002000020,Customer_21,Ordinary Saving Account,Amhara,52633.48,218,0.9999997404758517
CIF01000029,ACC0002000029,Customer_30,Blatena Saving Account,Addis Ababa,67910.74,292,0.9999997404758517
CIF01000037,ACC0002000037,Customer_38,Ordinary Saving Account,Afar,3672.94,187,0.9999997404758517
CIF01000043,ACC0002000043,Customer_44,Special Saving Account,Addis Ababa,44894.93,219,0.9999997404758517
CIF01000047,ACC0002000047,Customer_48,Blatena Saving Account,Addis Ababa,404.69,226,0.9999997404758517
CIF01009744,ACC0002009744,Customer_9745,Asrat Bekurat Saving Account,Addis Ababa,9584.44,217,0.9999997404758517
CIF01009725,ACC0002009725,Customer_9726,Special Saving Account,Oromia,2305.54,323,0.9999997404758517
CIF01009681,ACC0002009681,Customer_9682,Ordinary Saving Account,Addis Ababa,33298.71,201,0.9999997404758517
CIF01009679,ACC0002009679,Customer_9680,Janderebaw Saving Account,Oromia,40153.7,221,0.9999997404758517
CIF01009666,ACC0002009666,Customer_9667,Washera Saving Account,SNNPR,19597.82,206,0.9999997404758517
CIF01009657,ACC0002009657,Customer_9658,Washera Saving Account,Harari,12455.23,327,0.9999997404758517
CIF01009649,ACC0002009649,Customer_9650,Werazut Saving Account,Addis Ababa,307645.44,322,0.9999997404758517
CIF01009634,ACC0002009634,Customer_9635,Hiruyan Saving Account,Amhara,1401.76,237,0.9999997404758517
CIF01009627,ACC0002009627,Customer_9628,Blatena Saving Account,Addis Ababa,79321.34,184,0.9999997404758517
CIF01009619,ACC0002009619,Customer_9620,Hiruyan Saving Account,Addis Ababa,18013.91,353,0.9999997404758517
CIF01009590,ACC0002009590,Customer_9591,Dekemezmur Saving Account,Harari,25310.11,208,0.9999997404758517
CIF01009571,ACC0002009571,Customer_9572,Agape Saving Account,Oromia,15890.19,355,0.9999997404758517
CIF01009556,ACC0002009556,Customer_9557,Tirufat Savings Account,SNNPR,42894.33,311,0.9999997404758517
CIF01009548,ACC0002009548,Customer_9549,Ahati Saving Account,SNNPR,74606.92,258,0.9999997404758517
CIF01009529,ACC0002009529,Customer_9530,Werazut Saving Account,Amhara,6168.3,299,0.9999997404758517
CIF01009514,ACC0002009514,Customer_9515,Washera Saving Account,Addis Ababa,4243.82,210,0.9999997404758517
CIF01000538,ACC0002000538,Customer_539,Werazut Saving Account,Addis Ababa,14101.4,342,0.9999997404758517
CIF01000532,ACC0002000532,Customer_533,Werazut Saving Account,Tigray,6129.43,311,0.9999997404758517
CIF01000519,ACC0002000519,Customer_520,Werazut Saving Account,Addis Ababa,142023.42,226,0.9999997404758517
CIF01000512,ACC0002000512,Customer_513,Dekemezmur Saving Account,Addis Ababa,4998.3,276,0.9999997404758517
CIF01000488,ACC0002000488,Customer_489,Agape Saving Account,Addis Ababa,1262.81,230,0.9999997404758517
CIF01000480,ACC0002000480,Customer_481,Ahati Saving Account,Dire Dawa,56548.04,192,0.9999997404758517
CIF01000479,ACC0002000479,Customer_480,Blatena Saving Account,Oromia,19349.49,215,0.9999997404758517
CIF01000473,ACC0002000473,Customer_474,Ordinary Saving Account,Gambela,9133.56,206,0.9999997404758517
CIF01000466,ACC0002000466,Customer_467,Werazut Saving Account,Oromia,44481.32,365,0.9999997404758517
CIF01000452,ACC0002000452,Customer_453,Special Saving Account,Oromia,7331.09,280,0.9999997404758517
CIF01000447,ACC0002000447,Customer_448,Abew Saving Account,Addis Ababa,12435.3,314,0.9999997404758517
CIF01000444,ACC0002000444,Customer_445,Ordinary Saving Account,Oromia,774.41,293,0.9999997404758517
CIF01000422,ACC0002000422,Customer_423,Hiruyan Saving Account,Dire Dawa,178170.08,243,0.9999997404758517
CIF01000375,ACC0002000375,Customer_376,Couples Saving Deposit,Amhara,486788.37,338,0.9999997404758517
CIF01000347,ACC0002000347,Customer_348,Abew Saving Account,Oromia,19688.52,217,0.9999997404758517
CIF01000345,ACC0002000345,Customer_346,Ahati Saving Account,Addis Ababa,332494.3,345,0.9999997404758517
CIF01000634,ACC0002000634,Customer_635,Blatena Saving Account,Sidama,10119.87,322,0.9999997404758517
CIF01000631,ACC0002000631,Customer_632,Ordinary Saving Account,Dire Dawa,76126.45,358,0.9999997404758517
CIF01000630,ACC0002000630,Customer_631,Ordinary Saving Account,Oromia,38206.54,259,0.9999997404758517
CIF01000618,ACC0002000618,Customer_619,Werazut Saving Account,SNNPR,30167.67,325,0.9999997404758517
CIF01000602,ACC0002000602,Customer_603,Blatena Saving Account,Addis Ababa,1568.91,300,0.9999997404758517
CIF01000594,ACC0002000594,Customer_595,Werazut Saving Account,Amhara,52410.1,186,0.9999997404758517
CIF01000581,ACC0002000581,Customer_582,Special Saving Account,Harari,7052.0,324,0.9999997404758517
CIF01000577,ACC0002000577,Customer_578,Special Saving Account,Dire Dawa,2423.53,195,0.9999997404758517
CIF01000576,ACC0002000576,Customer_577,Ordinary Saving Account,SNNPR,1568.9,332,0.9999997404758517
CIF01000570,ACC0002000570,Customer_571,Werazut Saving Account,Somali,3709.18,240,0.9999997404758517
CIF01000564,ACC0002000564,Customer_565,Equb Saving Account,Addis Ababa,6435.79,279,0.9999997404758517
CIF01000561,ACC0002000561,Customer_562,Ordinary Saving Account,Amhara,12107.31,261,0.9999997404758517
CIF01000558,ACC0002000558,Customer_559,Special Saving Account,Sidama,26390.93,363,0.9999997404758517
CIF01000557,ACC0002000557,Customer_558,Special Saving Account,SNNPR,10762.62,221,0.9999997404758517
CIF01000555,ACC0002000555,Customer_556,Ordinary Saving Account,Somali,43337.11,198,0.9999997404758517
CIF01000554,ACC0002000554,Customer_555,Ordinary Saving Account,Oromia,53663.93,274,0.9999997404758517
CIF01000842,ACC0002000842,Customer_843,Blatena Saving Account,Addis Ababa,125267.05,231,0.9999997404758517
CIF01000838,ACC0002000838,Customer_839,Werazut Saving Account,Oromia,10865.46,242,0.9999997404758517
CIF01000830,ACC0002000830,Customer_831,Ordinary Saving Account,Benishangul-Gumuz,110.55,262,0.9999997404758517
CIF01000806,ACC0002000806,Customer_807,Dekemezmur Saving Account,Addis Ababa,9260.27,298,0.9999997404758517
CIF01000804,ACC0002000804,Customer_805,Special Saving Account,Oromia,2633.21,272,0.9999997404758517
CIF01000792,ACC0002000792,Customer_793,Janderebaw Saving Account,Addis Ababa,8710.77,208,0.9999997404758517
CIF01000760,ACC0002000760,Customer_761,Blatena Saving Account,Amhara,988.45,262,0.9999997404758517
CIF01000756,ACC0002000756,Customer_757,Prime Customer Deposit Account,Gambela,1872.58,340,0.9999997404758517
CIF01000706,ACC0002000706,Customer_707,Dekemezmur Saving Account,Addis Ababa,1220.68,225,0.9999997404758517
CIF01000705,ACC0002000705,Customer_706,Ordinary Saving Account,Dire Dawa,7156.97,275,0.9999997404758517
CIF01000686,ACC0002000686,Customer_687,Ordinary Saving Account,Oromia,9012.94,339,0.9999997404758517
CIF01000668,ACC0002000668,Customer_669,Ordinary Saving Account,Oromia,70994.89,261,0.9999997404758517
CIF01000667,ACC0002000667,Customer_668,Abew Saving Account,Tigray,2607.05,355,0.9999997404758517
CIF01000665,ACC0002000665,Customer_666,Agape Saving Account,Amhara,3319.5,321,0.9999997404758517
CIF01000664,ACC0002000664,Customer_665,Dekemezmur Saving Account,Addis Ababa,66204.51,199,0.9999997404758517
CIF01000661,ACC0002000661,Customer_662,Special Saving Account,Oromia,17944.82,361,0.9999997404758517
CIF01001057,ACC0002001057,Customer_1058,Janderebaw Saving Account,Amhara,29118.8,206,0.9999997404758517
CIF01001055,ACC0002001055,Customer_1056,Blatena Saving Account,Sidama,2415.98,203,0.9999997404758517
CIF01001051,ACC0002001051,Customer_1052,Ahati Saving Account,Oromia,9489.74,268,0.9999997404758517
CIF01001045,ACC0002001045,Customer_1046,Dekemezmur Saving Account,Somali,12517.51,325,0.9999997404758517
CIF01001003,ACC0002001003,Customer_1004,Special Saving Account,Oromia,2819.41,236,0.9999997404758517
CIF01000997,ACC0002000997,Customer_998,Ordinary Saving Account,SNNPR,10814.84,362,0.9999997404758517
CIF01000996,ACC0002000996,Customer_997,Janderebaw Saving Account,Tigray,40234.24,198,0.9999997404758517
CIF01000991,ACC0002000991,Customer_992,Ahadu Bereket Saving Account,Sidama,58281.42,313,0.9999997404758517
CIF01000980,ACC0002000980,Customer_981,Hiruyan Saving Account,Addis Ababa,3299.64,272,0.9999997404758517
CIF01000969,ACC0002000969,Customer_970,Ordinary Saving Account,SNNPR,17318.26,222,0.9999997404758517
CIF01000959,ACC0002000959,Customer_960,Equb Saving Account,Gambela,1799.27,190,0.9999997404758517
CIF01000953,ACC0002000953,Customer_954,Prime Customer Deposit Account,Gambela,26792.39,198,0.9999997404758517
CIF01000951,ACC0002000951,Customer_952,Washera Saving Account,SNNPR,17917.82,351,0.9999997404758517
CIF01000864,ACC0002000864,Customer_865,Tirufat Savings Account,Oromia,65451.43,345,0.9999997404758517
CIF01000857,ACC0002000857,Customer_858,Werazut Saving Account,Dire Dawa,12923.87,294,0.9999997404758517
CIF01000845,ACC0002000845,Customer_846,Special Saving Account,Harari,416.17,307,0.9999997404758517
CIF01001181,ACC0002001181,Customer_1182,Ordinary Saving Account,Tigray,191373.94,336,0.9999997404758517
CIF01001176,ACC0002001176,Customer_1177,Ordinary Saving Account,Gambela,334571.35,307,0.9999997404758517
CIF01001164,ACC0002001164,Customer_1165,Couples Saving Deposit,SNNPR,10544.67,292,0.9999997404758517
CIF01001162,ACC0002001162,Customer_1163,Special Saving Account,Oromia,43276.07,325,0.9999997404758517
CIF01001160,ACC0002001160,Customer_1161,Ordinary Saving Account,Harari,446.4,286,0.9999997404758517
CIF01001151,ACC0002001151,Customer_1152,Prime Customer Deposit Account,Amhara,676.62,219,0.9999997404758517
CIF01001146,ACC0002001146,Customer_1147,Werazut Saving Account,Sidama,516.35,222,0.9999997404758517
CIF01001136,ACC0002001136,Customer_1137,Asrat Bekurat Saving Account,Addis Ababa,244.12,236,0.9999997404758517
CIF01001124,ACC0002001124,Customer_1125,Prime Customer Deposit Account,Amhara,7408.55,314,0.9999997404758517
CIF01001114,ACC0002001114,Customer_1115,Ordinary Saving Account,Oromia,93590.72,247,0.9999997404758517
CIF01001113,ACC0002001113,Customer_1114,Special Saving Account,Addis Ababa,19154.57,364,0.9999997404758517
CIF01001100,ACC0002001100,Customer_1101,Hiruyan Saving Account,Addis Ababa,3848.3,261,0.9999997404758517
CIF01001090,ACC0002001090,Customer_1091,Special Saving Account,Amhara,9384.09,265,0.9999997404758517
CIF01001070,ACC0002001070,Customer_1071,Ordinary Saving Account,SNNPR,1844.47,314,0.9999997404758517
CIF01001061,ACC0002001061,Customer_1062,Special Saving Account,Sidama,12860.59,235,0.9999997404758517
CIF01001058,ACC0002001058,Customer_1059,Abew Saving Account,Oromia,819.29,208,0.9999997404758517
CIF01001343,ACC0002001343,Customer_1344,Ordinary Saving Account,Amhara,6626.31,325,0.9999997404758517
CIF01001337,ACC0002001337,Customer_1338,Dekemezmur Saving Account,Oromia,1427.14,204,0.9999997404758517
CIF01001329,ACC0002001329,Customer_1330,Sitota Saving Deposit,Amhara,7097.28,229,0.9999997404758517
CIF01001321,ACC0002001321,Customer_1322,Special Saving Account,Tigray,11030.03,299,0.9999997404758517
CIF01001313,ACC0002001313,Customer_1314,Washera Saving Account,Addis Ababa,2160.45,337,0.9999997404758517
CIF01001304,ACC0002001304,Customer_1305,Special Saving Account,Addis Ababa,36850.72,205,0.9999997404758517
CIF01001287,ACC0002001287,Customer_1288,Ahati Saving Account,Sidama,17968.52,246,0.9999997404758517
CIF01001284,ACC0002001284,Customer_1285,Prime Customer Deposit Account,Somali,49257.83,182,0.9999997404758517
CIF01001271,ACC0002001271,Customer_1272,Equb Saving Account,Addis Ababa,1720.43,248,0.9999997404758517
CIF01001258,ACC0002001258,Customer_1259,Ordinary Saving Account,Afar,6114.26,259,0.9999997404758517
CIF01001250,ACC0002001250,Customer_1251,Special Saving Account,Somali,64131.78,363,0.9999997404758517
CIF01001234,ACC0002001234,Customer_1235,Asrat Bekurat Saving Account,SNNPR,33721.11,224,0.9999997404758517
CIF01001227,ACC0002001227,Customer_1228,Special Saving Account,Addis Ababa,46535.13,189,0.9999997404758517
CIF01001219,ACC0002001219,Customer_1220,Special Saving Account,Oromia,15256.53,198,0.9999997404758517
CIF01001215,ACC0002001215,Customer_1216,Janderebaw Saving Account,Oromia,18792.61,309,0.9999997404758517
CIF01001210,ACC0002001210,Customer_1211,Couples Saving Deposit,Addis Ababa,41190.57,279,0.9999997404758517
CIF01001508,ACC0002001508,Customer_1509,Washera Saving Account,Addis Ababa,16500.46,191,0.9999997404758517
CIF01001501,ACC0002001501,Customer_1502,Special Saving Account,Amhara,26536.34,315,0.9999997404758517
CIF01001485,ACC0002001485,Customer_1486,Agape Saving Account,Addis Ababa,137348.18,201,0.9999997404758517
CIF01001476,ACC0002001476,Customer_1477,Ordinary Saving Account,SNNPR,20717.72,364,0.9999997404758517
CIF01001474,ACC0002001474,Customer_1475,Ahati Saving Account,Somali,6208.58,309,0.9999997404758517
CIF01001465,ACC0002001465,Customer_1466,Tirufat Savings Account,Addis Ababa,2369.62,257,0.9999997404758517
CIF01001464,ACC0002001464,Customer_1465,Ordinary Saving Account,Tigray,7867.3,353,0.9999997404758517
CIF01001461,ACC0002001461,Customer_1462,Dekemezmur Saving Account,Tigray,8921.52,351,0.9999997404758517
CIF01001449,ACC0002001449,Customer_1450,Abew Saving Account,Oromia,283487.37,211,0.9999997404758517
CIF01001419,ACC0002001419,Customer_1420,Sitota Saving Deposit,Harari,2127.87,349,0.9999997404758517
CIF01001418,ACC0002001418,Customer_1419,Special Saving Account,Addis Ababa,6165.93,235,0.9999997404758517
CIF01001406,ACC0002001406,Customer_1407,Washera Saving Account,Amhara,14866.61,191,0.9999997404758517
CIF01001385,ACC0002001385,Customer_1386,Werazut Saving Account,Somali,27290.83,256,0.9999997404758517
CIF01001380,ACC0002001380,Customer_1381,Ahati Saving Account,SNNPR,824.85,237,0.9999997404758517
CIF01001374,ACC0002001374,Customer_1375,Ordinary Saving Account,Addis Ababa,9107.75,297,0.9999997404758517
CIF01001350,ACC0002001350,Customer_1351,Ordinary Saving Account,Addis Ababa,16765.56,346,0.9999997404758517
CIF01001595,ACC0002001595,Customer_1596,Werazut Saving Account,Oromia,13417.71,203,0.9999997404758517
CIF01001594,ACC0002001594,Customer_1595,Ahati Saving Account,Oromia,132008.58,209,0.9999997404758517
CIF01001588,ACC0002001588,Customer_1589,Ordinary Saving Account,Oromia,21066.43,306,0.9999997404758517
CIF01001587,ACC0002001587,Customer_1588,Agape Saving Account,Harari,7367.42,342,0.9999997404758517
CIF01001581,ACC0002001581,Customer_1582,Prime Customer Deposit Account,Addis Ababa,192868.45,322,0.9999997404758517
CIF01001572,ACC0002001572,Customer_1573,Blatena Saving Account,SNNPR,6322.28,248,0.9999997404758517
CIF01001568,ACC0002001568,Customer_1569,Janderebaw Saving Account,Oromia,56258.73,196,0.9999997404758517
CIF01001565,ACC0002001565,Customer_1566,Hiruyan Saving Account,Addis Ababa,8220.62,249,0.9999997404758517
CIF01001558,ACC0002001558,Customer_1559,Ahati Saving Account,Addis Ababa,26357.13,339,0.9999997404758517
CIF01001557,ACC0002001557,Customer_1558,Ahati Saving Account,Amhara,35498.78,305,0.9999997404758517
CIF01001551,ACC0002001551,Customer_1552,Ahati Saving Account,Addis Ababa,1940.4,255,0.9999997404758517
CIF01001547,ACC0002001547,Customer_1548,Dekemezmur Saving Account,SNNPR,3040.97,190,0.9999997404758517
CIF01001535,ACC0002001535,Customer_1536,Special Saving Account,Addis Ababa,67214.9,191,0.9999997404758517
CIF01001534,ACC0002001534,Customer_1535,Ordinary Saving Account,Tigray,132136.36,302,0.9999997404758517
CIF01001525,ACC0002001525,Customer_1526,Equb Saving Account,Somali,30362.15,281,0.9999997404758517
CIF01001516,ACC0002001516,Customer_1517,Special Saving Account,Addis Ababa,87019.46,281,0.9999997404758517
CIF01001766,ACC0002001766,Customer_1767,Blatena Saving Account,Amhara,9816.21,334,0.9999997404758517
CIF01001763,ACC0002001763,Customer_1764,Ordinary Saving Account,Sidama,549.88,262,0.9999997404758517
CIF01001753,ACC0002001753,Customer_1754,Hiruyan Saving Account,Oromia,26141.2,219,0.9999997404758517
CIF01001751,ACC0002001751,Customer_1752,Abew Saving Account,SNNPR,1489.77,355,0.9999997404758517
CIF01001725,ACC0002001725,Customer_1726,Special Saving Account,Amhara,6641.91,321,0.9999997404758517
CIF01001710,ACC0002001710,Customer_1711,Equb Saving Account,Dire Dawa,44127.67,362,0.9999997404758517
CIF01001699,ACC0002001699,Customer_1700,Ahati Saving Account,Harari,5810.49,222,0.9999997404758517
CIF01001696,ACC0002001696,Customer_1697,Ordinary Saving Account,Sidama,84120.99,310,0.9999997404758517
CIF01001672,ACC0002001672,Customer_1673,Washera Saving Account,Dire Dawa,7997.9,201,0.9999997404758517
CIF01001668,ACC0002001668,Customer_1669,Washera Saving Account,Addis Ababa,13877.05,291,0.9999997404758517
CIF01001658,ACC0002001658,Customer_1659,Blatena Saving Account,Amhara,134584.51,362,0.9999997404758517
CIF01001646,ACC0002001646,Customer_1647,Asrat Bekurat Saving Account,SNNPR,74194.65,239,0.9999997404758517
CIF01001630,ACC0002001630,Customer_1631,Abew Saving Account,Sidama,874.98,359,0.9999997404758517
CIF01001629,ACC0002001629,Customer_1630,Ordinary Saving Account,Sidama,4919.27,230,0.9999997404758517
CIF01001628,ACC0002001628,Customer_1629,Hiruyan Saving Account,Oromia,3314.62,246,0.9999997404758517
CIF01001597,ACC0002001597,Customer_1598,Abew Saving Account,SNNPR,6445.54,182,0.9999997404758517
CIF01001879,ACC0002001879,Customer_1880,Dekemezmur Saving Account,Afar,18163.72,221,0.9999997404758517
CIF01001876,ACC0002001876,Customer_1877,Janderebaw Saving Account,Amhara,37216.47,290,0.9999997404758517
CIF01001868,ACC0002001868,Customer_1869,Agape Saving Account,Oromia,8321.68,248,0.9999997404758517
CIF01001866,ACC0002001866,Customer_1867,Ordinary Saving Account,Oromia,30682.21,317,0.9999997404758517
CIF01001846,ACC0002001846,Customer_1847,Ahadu Bereket Saving Account,SNNPR,561256.55,183,0.9999997404758517
CIF01001843,ACC0002001843,Customer_1844,Ordinary Saving Account,Addis Ababa,1062.44,274,0.9999997404758517
CIF01001842,ACC0002001842,Customer_1843,Ordinary Saving Account,Addis Ababa,16385.02,273,0.9999997404758517
CIF01001835,ACC0002001835,Customer_1836,Ordinary Saving Account,Somali,8943.22,323,0.9999997404758517
CIF01001808,ACC0002001808,Customer_1809,Blatena Saving Account,Benishangul-Gumuz,64235.48,243,0.9999997404758517
CIF01001790,ACC0002001790,Customer_1791,Ordinary Saving Account,Addis Ababa,71257.88,200,0.9999997404758517
CIF01001787,ACC0002001787,Customer_1788,Ahati Saving Account,Amhara,743.09,226,0.9999997404758517
CIF01001782,ACC0002001782,Customer_1783,Ordinary Saving Account,Harari,1178.34,284,0.9999997404758517
CIF01001777,ACC0002001777,Customer_1778,Special Saving Account,Oromia,15883.43,244,0.9999997404758517
CIF01001774,ACC0002001774,Customer_1775,Equb Saving Account,Tigray,21931.62,355,0.9999997404758517
CIF01001771,ACC0002001771,Customer_1772,Dekemezmur Saving Account,Harari,285639.76,259,0.9999997404758517
CIF01001768,ACC0002001768,Customer_1769,Special Saving Account,Addis Ababa,1595.78,189,0.9999997404758517
CIF01001998,ACC0002001998,Customer_1999,Agape Saving Account,Oromia,6830.83,196,0.9999997404758517
CIF01001994,ACC0002001994,Customer_1995,Abew Saving Account,Oromia,226360.11,238,0.9999997404758517
CIF01001981,ACC0002001981,Customer_1982,Ahadu Bereket Saving Account,Addis Ababa,10636.84,186,0.9999997404758517
CIF01001977,ACC0002001977,Customer_1978,Agape Saving Account,Addis Ababa,19615.35,310,0.9999997404758517
CIF01001969,ACC0002001969,Customer_1970,Blatena Saving Account,SNNPR,108950.13,278,0.9999997404758517
CIF01001957,ACC0002001957,Customer_1958,Tirufat Savings Account,Tigray,1261.41,208,0.9999997404758517
CIF01001956,ACC0002001956,Customer_1957,Blatena Saving Account,Amhara,25001.85,350,0.9999997404758517
CIF01001954,ACC0002001954,Customer_1955,Janderebaw Saving Account,Dire Dawa,2998.98,339,0.9999997404758517
CIF01001941,ACC0002001941,Customer_1942,Special Saving Account,Oromia,3162.51,354,0.9999997404758517
CIF01001933,ACC0002001933,Customer_1934,Sitota Saving Deposit,Somali,2714.99,333,0.9999997404758517
CIF01001931,ACC0002001931,Customer_1932,Hiruyan Saving Account,Gambela,28090.76,240,0.9999997404758517
CIF01001928,ACC0002001928,Customer_1929,Ordinary Saving Account,Addis Ababa,3731.48,299,0.9999997404758517
CIF01001924,ACC0002001924,Customer_1925,Couples Saving Deposit,Addis Ababa,32370.57,278,0.9999997404758517
CIF01001905,ACC0002001905,Customer_1906,Ordinary Saving Account,SNNPR,18136.57,299,0.9999997404758517
CIF01001900,ACC0002001900,Customer_1901,Ordinary Saving Account,SNNPR,28492.73,328,0.9999997404758517
CIF01001899,ACC0002001899,Customer_1900,Werazut Saving Account,Addis Ababa,63129.38,283,0.9999997404758517
CIF01002185,ACC0002002185,Customer_2186,Janderebaw Saving Account,Amhara,26459.73,322,0.9999997404758517
CIF01002176,ACC0002002176,Customer_2177,Special Saving Account,Addis Ababa,1599.19,280,0.9999997404758517
CIF01002169,ACC0002002169,Customer_2170,Blatena Saving Account,SNNPR,9575.55,182,0.9999997404758517
CIF01002148,ACC0002002148,Customer_2149,Equb Saving Account,Oromia,92659.88,335,0.9999997404758517
CIF01002139,ACC0002002139,Customer_2140,Abew Saving Account,Addis Ababa,5721.79,282,0.9999997404758517
CIF01002121,ACC0002002121,Customer_2122,Ordinary Saving Account,Sidama,54089.46,318,0.9999997404758517
CIF01002115,ACC0002002115,Customer_2116,Ahati Saving Account,SNNPR,4936.11,263,0.9999997404758517
CIF01002107,ACC0002002107,Customer_2108,Prime Customer Deposit Account,Sidama,61083.48,255,0.9999997404758517
CIF01002101,ACC0002002101,Customer_2102,Ordinary Saving Account,Afar,15055.85,218,0.9999997404758517
CIF01002080,ACC0002002080,Customer_2081,Special Saving Account,Oromia,2977.58,234,0.9999997404758517
CIF01002061,ACC0002002061,Customer_2062,Ordinary Saving Account,Tigray,2697.58,243,0.9999997404758517
CIF01002046,ACC0002002046,Customer_2047,Blatena Saving Account,Gambela,407803.54,228,0.9999997404758517
CIF01002033,ACC0002002033,Customer_2034,Ordinary Saving Account,Addis Ababa,64421.71,251,0.9999997404758517
CIF01002029,ACC0002002029,Customer_2030,Special Saving Account,Amhara,20104.26,232,0.9999997404758517
CIF01002028,ACC0002002028,Customer_2029,Ordinary Saving Account,Addis Ababa,19229.22,202,0.9999997404758517
CIF01002004,ACC0002002004,Customer_2005,Washera Saving Account,SNNPR,3474.33,207,0.9999997404758517
CIF01002386,ACC0002002386,Customer_2387,Blatena Saving Account,Gambela,120983.38,201,0.9999997404758517
CIF01002379,ACC0002002379,Customer_2380,Dekemezmur Saving Account,Addis Ababa,3801.23,215,0.9999997404758517
CIF01002378,ACC0002002378,Customer_2379,Ordinary Saving Account,SNNPR,5092.28,212,0.9999997404758517
CIF01002363,ACC0002002363,Customer_2364,Janderebaw Saving Account,Oromia,22353.72,292,0.9999997404758517
CIF01002349,ACC0002002349,Customer_2350,Werazut Saving Account,Amhara,115.03,218,0.9999997404758517
CIF01002346,ACC0002002346,Customer_2347,Ordinary Saving Account,Oromia,1238.42,201,0.9999997404758517
CIF01002324,ACC0002002324,Customer_2325,Ordinary Saving Account,Amhara,249366.33,355,0.9999997404758517
CIF01002302,ACC0002002302,Customer_2303,Hiruyan Saving Account,Addis Ababa,1828.87,300,0.9999997404758517
CIF01002295,ACC0002002295,Customer_2296,Ordinary Saving Account,Oromia,51773.66,193,0.9999997404758517
CIF01002292,ACC0002002292,Customer_2293,Sitota Saving Deposit,Benishangul-Gumuz,73209.06,255,0.9999997404758517
CIF01002288,ACC0002002288,Customer_2289,Special Saving Account,Addis Ababa,2574.03,338,0.9999997404758517
CIF01002278,ACC0002002278,Customer_2279,Abew Saving Account,Addis Ababa,134938.59,358,0.9999997404758517
CIF01002270,ACC0002002270,Customer_2271,Abew Saving Account,Addis Ababa,2924.08,216,0.9999997404758517
CIF01002262,ACC0002002262,Customer_2263,Blatena Saving Account,Tigray,1634.35,202,0.9999997404758517
CIF01002253,ACC0002002253,Customer_2254,Special Saving Account,Addis Ababa,1898.61,276,0.9999997404758517
CIF01002195,ACC0002002195,Customer_2196,Ordinary Saving Account,Oromia,17216.9,236,0.9999997404758517
CIF01002485,ACC0002002485,Customer_2486,Special Saving Account,Dire Dawa,20969.77,272,0.9999997404758517
CIF01002482,ACC0002002482,Customer_2483,Werazut Saving Account,Benishangul-Gumuz,156.56,289,0.9999997404758517
CIF01002477,ACC0002002477,Customer_2478,Ordinary Saving Account,Addis Ababa,11692.06,196,0.9999997404758517
CIF01002470,ACC0002002470,Customer_2471,Special Saving Account,Oromia,602960.56,307,0.9999997404758517
CIF01002465,ACC0002002465,Customer_2466,Dekemezmur Saving Account,Oromia,406085.21,235,0.9999997404758517
CIF01002457,ACC0002002457,Customer_2458,Ordinary Saving Account,Oromia,949.69,254,0.9999997404758517
CIF01002453,ACC0002002453,Customer_2454,Ordinary Saving Account,SNNPR,142236.62,337,0.9999997404758517
CIF01002450,ACC0002002450,Customer_2451,Tirufat Savings Account,Oromia,25253.72,188,0.9999997404758517
CIF01002445,ACC0002002445,Customer_2446,Asrat Bekurat Saving Account,Dire Dawa,5889.95,357,0.9999997404758517
CIF01002419,ACC0002002419,Customer_2420,Hiruyan Saving Account,Amhara,7567.95,194,0.9999997404758517
CIF01002416,ACC0002002416,Customer_2417,Ordinary Saving Account,Addis Ababa,855.81,365,0.9999997404758517
CIF01002412,ACC0002002412,Customer_2413,Dekemezmur Saving Account,Sidama,30181.26,299,0.9999997404758517
CIF01002405,ACC0002002405,Customer_2406,Special Saving Account,Addis Ababa,18768.62,357,0.9999997404758517
CIF01002398,ACC0002002398,Customer_2399,Ordinary Saving Account,Addis Ababa,22506.64,332,0.9999997404758517
CIF01002395,ACC0002002395,Customer_2396,Ordinary Saving Account,Addis Ababa,101237.61,258,0.9999997404758517
CIF01002393,ACC0002002393,Customer_2394,Blatena Saving Account,Addis Ababa,17552.11,202,0.9999997404758517
CIF01002642,ACC0002002642,Customer_2643,Agape Saving Account,Amhara,8071.09,215,0.9999997404758517
CIF01002636,ACC0002002636,Customer_2637,Special Saving Account,Sidama,60826.07,272,0.9999997404758517
CIF01002634,ACC0002002634,Customer_2635,Abew Saving Account,Tigray,8720.32,304,0.9999997404758517
CIF01002628,ACC0002002628,Customer_2629,Ordinary Saving Account,Sidama,107391.32,311,0.9999997404758517
CIF01002627,ACC0002002627,Customer_2628,Tirufat Savings Account,Sidama,52539.92,273,0.9999997404758517
CIF01002624,ACC0002002624,Customer_2625,Abew Saving Account,SNNPR,20950.12,253,0.9999997404758517
CIF01002619,ACC0002002619,Customer_2620,Ahati Saving Account,Harari,7272.53,212,0.9999997404758517
CIF01002613,ACC0002002613,Customer_2614,Abew Saving Account,Addis Ababa,688.49,325,0.9999997404758517
CIF01002594,ACC0002002594,Customer_2595,Ordinary Saving Account,Oromia,36285.25,243,0.9999997404758517
CIF01002587,ACC0002002587,Customer_2588,Couples Saving Deposit,Addis Ababa,2706.99,221,0.9999997404758517
CIF01002581,ACC0002002581,Customer_2582,Special Saving Account,Addis Ababa,1599.1,303,0.9999997404758517
CIF01002574,ACC0002002574,Customer_2575,Hiruyan Saving Account,Addis Ababa,59285.22,364,0.9999997404758517
CIF01002566,ACC0002002566,Customer_2567,Special Saving Account,Dire Dawa,3723.06,214,0.9999997404758517
CIF01002534,ACC0002002534,Customer_2535,Prime Customer Deposit Account,Addis Ababa,10871.7,317,0.9999997404758517
CIF01002524,ACC0002002524,Customer_2525,Asrat Bekurat Saving Account,Oromia,39795.22,321,0.9999997404758517
CIF01002515,ACC0002002515,Customer_2516,Abew Saving Account,Sidama,8305.08,225,0.9999997404758517
CIF01002795,ACC0002002795,Customer_2796,Ordinary Saving Account,SNNPR,3290.35,248,0.9999997404758517
CIF01002791,ACC0002002791,Customer_2792,Special Saving Account,Afar,32025.86,182,0.9999997404758517
CIF01002777,ACC0002002777,Customer_2778,Agape Saving Account,Amhara,226275.65,278,0.9999997404758517
CIF01002775,ACC0002002775,Customer_2776,Ahadu Bereket Saving Account,Sidama,4668.24,196,0.9999997404758517
CIF01002763,ACC0002002763,Customer_2764,Abew Saving Account,Amhara,38045.25,255,0.9999997404758517
CIF01002754,ACC0002002754,Customer_2755,Ordinary Saving Account,Addis Ababa,194960.94,222,0.9999997404758517
CIF01002752,ACC0002002752,Customer_2753,Ordinary Saving Account,Addis Ababa,31380.83,315,0.9999997404758517
CIF01002744,ACC0002002744,Customer_2745,Equb Saving Account,Addis Ababa,26902.0,198,0.9999997404758517
CIF01002732,ACC0002002732,Customer_2733,Abew Saving Account,Harari,55866.12,245,0.9999997404758517
CIF01002692,ACC0002002692,Customer_2693,Blatena Saving Account,Addis Ababa,66276.58,362,0.9999997404758517
CIF01002688,ACC0002002688,Customer_2689,Prime Customer Deposit Account,Oromia,9104.6,244,0.9999997404758517
CIF01002672,ACC0002002672,Customer_2673,Werazut Saving Account,Amhara,114762.85,212,0.9999997404758517
CIF01002668,ACC0002002668,Customer_2669,Abew Saving Account,Oromia,32038.89,332,0.9999997404758517
CIF01002666,ACC0002002666,Customer_2667,Ordinary Saving Account,Oromia,120950.81,224,0.9999997404758517
CIF01002663,ACC0002002663,Customer_2664,Ordinary Saving Account,Oromia,8582.73,198,0.9999997404758517
CIF01002660,ACC0002002660,Customer_2661,Werazut Saving Account,Amhara,1389.77,226,0.9999997404758517
CIF01002916,ACC0002002916,Customer_2917,Agape Saving Account,SNNPR,17523.63,319,0.9999997404758517
CIF01002911,ACC0002002911,Customer_2912,Werazut Saving Account,Addis Ababa,2335.05,276,0.9999997404758517
CIF01002910,ACC0002002910,Customer_2911,Tirufat Savings Account,Amhara,10997.12,213,0.9999997404758517
CIF01002899,ACC0002002899,Customer_2900,Dekemezmur Saving Account,Addis Ababa,83795.86,256,0.9999997404758517
CIF01002895,ACC0002002895,Customer_2896,Special Saving Account,Amhara,10061.1,256,0.9999997404758517
CIF01002893,ACC0002002893,Customer_2894,Ordinary Saving Account,Oromia,4983.89,300,0.9999997404758517
CIF01002885,ACC0002002885,Customer_2886,Ordinary Saving Account,Sidama,23754.56,324,0.9999997404758517
CIF01002874,ACC0002002874,Customer_2875,Werazut Saving Account,Oromia,66634.1,224,0.9999997404758517
CIF01002863,ACC0002002863,Customer_2864,Abew Saving Account,SNNPR,2145.52,185,0.9999997404758517
CIF01002862,ACC0002002862,Customer_2863,Ordinary Saving Account,Oromia,6220.3,271,0.9999997404758517
CIF01002837,ACC0002002837,Customer_2838,Special Saving Account,Oromia,86545.95,266,0.9999997404758517
CIF01002823,ACC0002002823,Customer_2824,Ahati Saving Account,Amhara,14326.88,309,0.9999997404758517
CIF01002822,ACC0002002822,Customer_2823,Hiruyan Saving Account,Addis Ababa,21244.38,318,0.9999997404758517
CIF01002808,ACC0002002808,Customer_2809,Blatena Saving Account,Amhara,5693.77,239,0.9999997404758517
CIF01002803,ACC0002002803,Customer_2804,Blatena Saving Account,Amhara,27782.83,188,0.9999997404758517
CIF01002799,ACC0002002799,Customer_2800,Abew Saving Account,SNNPR,16016.22,326,0.9999997404758517
CIF01003090,ACC0002003090,Customer_3091,Ordinary Saving Account,Addis Ababa,67799.29,322,0.9999997404758517
CIF01003088,ACC0002003088,Customer_3089,Blatena Saving Account,Addis Ababa,149819.75,201,0.9999997404758517
CIF01003085,ACC0002003085,Customer_3086,Ahadu Bereket Saving Account,Benishangul-Gumuz,19406.57,212,0.9999997404758517
CIF01003072,ACC0002003072,Customer_3073,Special Saving Account,Oromia,84157.28,232,0.9999997404758517
CIF01003056,ACC0002003056,Customer_3057,Abew Saving Account,Benishangul-Gumuz,82680.91,217,0.9999997404758517
CIF01003041,ACC0002003041,Customer_3042,Equb Saving Account,Afar,48968.74,191,0.9999997404758517
CIF01003039,ACC0002003039,Customer_3040,Special Saving Account,Addis Ababa,9660.5,314,0.9999997404758517
CIF01003028,ACC0002003028,Customer_3029,Blatena Saving Account,Addis Ababa,25502.74,245,0.9999997404758517
CIF01003008,ACC0002003008,Customer_3009,Special Saving Account,Addis Ababa,32469.53,220,0.9999997404758517
CIF01002979,ACC0002002979,Customer_2980,Ordinary Saving Account,SNNPR,53230.52,288,0.9999997404758517
CIF01002963,ACC0002002963,Customer_2964,Tirufat Savings Account,SNNPR,4230.37,300,0.9999997404758517
CIF01002953,ACC0002002953,Customer_2954,Abew Saving Account,Oromia,15372.89,241,0.9999997404758517
CIF01002944,ACC0002002944,Customer_2945,Blatena Saving Account,Benishangul-Gumuz,3606.21,322,0.9999997404758517
CIF01002942,ACC0002002942,Customer_2943,Ordinary Saving Account,Dire Dawa,163648.23,357,0.9999997404758517
CIF01002935,ACC0002002935,Customer_2936,Blatena Saving Account,Addis Ababa,112176.38,340,0.9999997404758517
CIF01003222,ACC0002003222,Customer_3223,Hiruyan Saving Account,Amhara,58002.46,211,0.9999997404758517
CIF01003203,ACC0002003203,Customer_3204,Ordinary Saving Account,SNNPR,34500.55,311,0.9999997404758517
CIF01003197,ACC0002003197,Customer_3198,Hiruyan Saving Account,SNNPR,6171.77,238,0.9999997404758517
CIF01003191,ACC0002003191,Customer_3192,Hiruyan Saving Account,Sidama,57909.89,184,0.9999997404758517
CIF01003187,ACC0002003187,Customer_3188,Ahati Saving Account,SNNPR,4678.75,185,0.9999997404758517
CIF01003183,ACC0002003183,Customer_3184,Special Saving Account,Addis Ababa,9126.22,208,0.9999997404758517
CIF01003173,ACC0002003173,Customer_3174,Werazut Saving Account,Addis Ababa,14974.8,229,0.9999997404758517
CIF01003169,ACC0002003169,Customer_3170,Asrat Bekurat Saving Account,Amhara,16114.14,242,0.9999997404758517
CIF01003163,ACC0002003163,Customer_3164,Ahadu Bereket Saving Account,SNNPR,18486.97,241,0.9999997404758517
CIF01003141,ACC0002003141,Customer_3142,Prime Customer Deposit Account,Addis Ababa,25931.34,226,0.9999997404758517
CIF01003121,ACC0002003121,Customer_3122,Sitota Saving Deposit,Tigray,6429.49,243,0.9999997404758517
CIF01003116,ACC0002003116,Customer_3117,Special Saving Account,Amhara,21312.56,263,0.9999997404758517
CIF01003112,ACC0002003112,Customer_3113,Blatena Saving Account,Addis Ababa,3141.83,193,0.9999997404758517
CIF01003110,ACC0002003110,Customer_3111,Blatena Saving Account,Tigray,135162.12,352,0.9999997404758517
CIF01003107,ACC0002003107,Customer_3108,Janderebaw Saving Account,SNNPR,2212.14,274,0.9999997404758517
CIF01003106,ACC0002003106,Customer_3107,Janderebaw Saving Account,Oromia,37357.0,192,0.9999997404758517
CIF01003418,ACC0002003418,Customer_3419,Ordinary Saving Account,Amhara,6155.75,214,0.9999997404758517
CIF01003405,ACC0002003405,Customer_3406,Ordinary Saving Account,Dire Dawa,5619.98,323,0.9999997404758517
CIF01003391,ACC0002003391,Customer_3392,Prime Customer Deposit Account,Addis Ababa,27441.63,187,0.9999997404758517
CIF01003380,ACC0002003380,Customer_3381,Agape Saving Account,Tigray,24316.73,326,0.9999997404758517
CIF01003375,ACC0002003375,Customer_3376,Dekemezmur Saving Account,Amhara,115203.47,249,0.9999997404758517
CIF01003354,ACC0002003354,Customer_3355,Werazut Saving Account,Harari,72160.77,307,0.9999997404758517
CIF01003330,ACC0002003330,Customer_3331,Tirufat Savings Account,Gambela,284172.03,308,0.9999997404758517
CIF01003326,ACC0002003326,Customer_3327,Asrat Bekurat Saving Account,Addis Ababa,38226.7,230,0.9999997404758517
CIF01003308,ACC0002003308,Customer_3309,Couples Saving Deposit,Oromia,33345.47,313,0.9999997404758517
CIF01003307,ACC0002003307,Customer_3308,Hiruyan Saving Account,Somali,1597.01,284,0.9999997404758517
CIF01003286,ACC0002003286,Customer_3287,Prime Customer Deposit Account,Amhara,3290.67,207,0.9999997404758517
CIF01003255,ACC0002003255,Customer_3256,Tirufat Savings Account,Oromia,1099.61,318,0.9999997404758517
CIF01003253,ACC0002003253,Customer_3254,Ordinary Saving Account,Oromia,15617.3,319,0.9999997404758517
CIF01003242,ACC0002003242,Customer_3243,Ordinary Saving Account,Addis Ababa,260274.48,291,0.9999997404758517
CIF01003241,ACC0002003241,Customer_3242,Ordinary Saving Account,Addis Ababa,2632.44,256,0.9999997404758517
CIF01003223,ACC0002003223,Customer_3224,Ordinary Saving Account,Somali,22942.69,295,0.9999997404758517
CIF01003539,ACC0002003539,Customer_3540,Janderebaw Saving Account,Oromia,2199.06,238,0.9999997404758517
CIF01003535,ACC0002003535,Customer_3536,Janderebaw Saving Account,Sidama,266.77,195,0.9999997404758517
CIF01003534,ACC0002003534,Customer_3535,Ordinary Saving Account,Oromia,149062.12,183,0.9999997404758517
CIF01003533,ACC0002003533,Customer_3534,Blatena Saving Account,Gambela,1456.43,218,0.9999997404758517
CIF01003514,ACC0002003514,Customer_3515,Ordinary Saving Account,Oromia,42664.83,215,0.9999997404758517
CIF01003512,ACC0002003512,Customer_3513,Asrat Bekurat Saving Account,Amhara,23536.77,226,0.9999997404758517
CIF01003510,ACC0002003510,Customer_3511,Janderebaw Saving Account,Afar,916120.79,198,0.9999997404758517
CIF01003507,ACC0002003507,Customer_3508,Washera Saving Account,Oromia,6945.86,182,0.9999997404758517
CIF01003505,ACC0002003505,Customer_3506,Werazut Saving Account,SNNPR,23406.04,225,0.9999997404758517
CIF01003501,ACC0002003501,Customer_3502,Sitota Saving Deposit,Tigray,10089.62,190,0.9999997404758517
CIF01003495,ACC0002003495,Customer_3496,Special Saving Account,Addis Ababa,29598.43,232,0.9999997404758517
CIF01003494,ACC0002003494,Customer_3495,Ahati Saving Account,Oromia,9012.72,284,0.9999997404758517
CIF01003441,ACC0002003441,Customer_3442,Ahadu Bereket Saving Account,Tigray,10269.12,288,0.9999997404758517
CIF01003433,ACC0002003433,Customer_3434,Janderebaw Saving Account,Amhara,4619.72,301,0.9999997404758517
CIF01003421,ACC0002003421,Customer_3422,Abew Saving Account,Tigray,9064.86,226,0.9999997404758517
CIF01003693,ACC0002003693,Customer_3694,Dekemezmur Saving Account,Addis Ababa,7906.46,335,0.9999997404758517
CIF01003680,ACC0002003680,Customer_3681,Asrat Bekurat Saving Account,Addis Ababa,19040.95,282,0.9999997404758517
CIF01003670,ACC0002003670,Customer_3671,Ordinary Saving Account,Sidama,1703.74,261,0.9999997404758517
CIF01003652,ACC0002003652,Customer_3653,Ahati Saving Account,Amhara,47500.45,245,0.9999997404758517
CIF01003645,ACC0002003645,Customer_3646,Asrat Bekurat Saving Account,SNNPR,217.3,196,0.9999997404758517
CIF01003638,ACC0002003638,Customer_3639,Ordinary Saving Account,Afar,40417.25,327,0.9999997404758517
CIF01003634,ACC0002003634,Customer_3635,Dekemezmur Saving Account,Gambela,6445.78,326,0.9999997404758517
CIF01003621,ACC0002003621,Customer_3622,Equb Saving Account,Harari,4139.02,267,0.9999997404758517
CIF01003617,ACC0002003617,Customer_3618,Couples Saving Deposit,Somali,9981.34,196,0.9999997404758517
CIF01003615,ACC0002003615,Customer_3616,Agape Saving Account,Oromia,819.02,265,0.9999997404758517
CIF01003602,ACC0002003602,Customer_3603,Prime Customer Deposit Account,Amhara,19318.64,322,0.9999997404758517
CIF01003595,ACC0002003595,Customer_3596,Dekemezmur Saving Account,Addis Ababa,14149.22,241,0.9999997404758517
CIF01003591,ACC0002003591,Customer_3592,Ordinary Saving Account,Addis Ababa,10955.52,198,0.9999997404758517
CIF01003583,ACC0002003583,Customer_3584,Equb Saving Account,Amhara,19636.61,255,0.9999997404758517
CIF01003567,ACC0002003567,Customer_3568,Ahadu Bereket Saving Account,Oromia,8643.78,255,0.9999997404758517
CIF01003566,ACC0002003566,Customer_3567,Couples Saving Deposit,Tigray,19983.33,229,0.9999997404758517
CIF01003850,ACC0002003850,Customer_3851,Ordinary Saving Account,Addis Ababa,88123.47,254,0.9999997404758517
CIF01003848,ACC0002003848,Customer_3849,Abew Saving Account,Addis Ababa,25151.09,272,0.9999997404758517
CIF01003845,ACC0002003845,Customer_3846,Ordinary Saving Account,Addis Ababa,4253.1,209,0.9999997404758517
CIF01003842,ACC0002003842,Customer_3843,Hiruyan Saving Account,Oromia,411065.47,284,0.9999997404758517
CIF01003841,ACC0002003841,Customer_3842,Tirufat Savings Account,Sidama,12290.82,352,0.9999997404758517
CIF01003821,ACC0002003821,Customer_3822,Agape Saving Account,Amhara,1087160.75,258,0.9999997404758517
CIF01003811,ACC0002003811,Customer_3812,Special Saving Account,Addis Ababa,16906.34,222,0.9999997404758517
CIF01003788,ACC0002003788,Customer_3789,Tirufat Savings Account,Sidama,27778.15,283,0.9999997404758517
CIF01003777,ACC0002003777,Customer_3778,Dekemezmur Saving Account,Oromia,68433.47,277,0.9999997404758517
CIF01003773,ACC0002003773,Customer_3774,Agape Saving Account,SNNPR,25264.9,198,0.9999997404758517
CIF01003740,ACC0002003740,Customer_3741,Agape Saving Account,Addis Ababa,27243.74,314,0.9999997404758517
CIF01003732,ACC0002003732,Customer_3733,Abew Saving Account,Addis Ababa,33594.52,354,0.9999997404758517
CIF01003730,ACC0002003730,Customer_3731,Special Saving Account,Oromia,17724.57,184,0.9999997404758517
CIF01003719,ACC0002003719,Customer_3720,Special Saving Account,SNNPR,11347.87,266,0.9999997404758517
CIF01003711,ACC0002003711,Customer_3712,Prime Customer Deposit Account,Oromia,21437.73,273,0.9999997404758517
CIF01003701,ACC0002003701,Customer_3702,Special Saving Account,Addis Ababa,1355.47,182,0.9999997404758517
CIF01004017,ACC0002004017,Customer_4018,Couples Saving Deposit,Amhara,41622.46,231,0.9999997404758517
CIF01004012,ACC0002004012,Customer_4013,Hiruyan Saving Account,Gambela,118059.78,332,0.9999997404758517
CIF01003995,ACC0002003995,Customer_3996,Janderebaw Saving Account,SNNPR,1700.98,333,0.9999997404758517
CIF01003978,ACC0002003978,Customer_3979,Couples Saving Deposit,Addis Ababa,7104.31,288,0.9999997404758517
CIF01003960,ACC0002003960,Customer_3961,Abew Saving Account,Addis Ababa,4645.67,333,0.9999997404758517
CIF01003955,ACC0002003955,Customer_3956,Ordinary Saving Account,SNNPR,19073.77,360,0.9999997404758517
CIF01003952,ACC0002003952,Customer_3953,Hiruyan Saving Account,Addis Ababa,1590.58,274,0.9999997404758517
CIF01003946,ACC0002003946,Customer_3947,Special Saving Account,Benishangul-Gumuz,145749.19,192,0.9999997404758517
CIF01003943,ACC0002003943,Customer_3944,Special Saving Account,Addis Ababa,6994.12,350,0.9999997404758517
CIF01003904,ACC0002003904,Customer_3905,Werazut Saving Account,Addis Ababa,3767.51,182,0.9999997404758517
CIF01003899,ACC0002003899,Customer_3900,Special Saving Account,Dire Dawa,6696.53,286,0.9999997404758517
CIF01003897,ACC0002003897,Customer_3898,Werazut Saving Account,Afar,107709.9,306,0.9999997404758517
CIF01003887,ACC0002003887,Customer_3888,Equb Saving Account,SNNPR,23970.1,354,0.9999997404758517
CIF01003883,ACC0002003883,Customer_3884,Werazut Saving Account,Addis Ababa,6161.8,286,0.9999997404758517
CIF01003877,ACC0002003877,Customer_3878,Special Saving Account,Benishangul-Gumuz,140602.53,260,0.9999997404758517
CIF01003855,ACC0002003855,Customer_3856,Hiruyan Saving Account,Gambela,7778.48,299,0.9999997404758517
CIF01004136,ACC0002004136,Customer_4137,Ahati Saving Account,Addis Ababa,13362.01,354,0.9999997404758517
CIF01004135,ACC0002004135,Customer_4136,Asrat Bekurat Saving Account,Oromia,55802.25,238,0.9999997404758517
CIF01004134,ACC0002004134,Customer_4135,Abew Saving Account,Addis Ababa,1600.02,263,0.9999997404758517
CIF01004124,ACC0002004124,Customer_4125,Tirufat Savings Account,Oromia,8778.16,322,0.9999997404758517
CIF01004110,ACC0002004110,Customer_4111,Washera Saving Account,Addis Ababa,17077.0,231,0.9999997404758517
CIF01004099,ACC0002004099,Customer_4100,Prime Customer Deposit Account,Oromia,30963.78,195,0.9999997404758517
CIF01004073,ACC0002004073,Customer_4074,Ordinary Saving Account,Tigray,9002.76,297,0.9999997404758517
CIF01004071,ACC0002004071,Customer_4072,Ahati Saving Account,Amhara,337971.99,278,0.9999997404758517
CIF01004070,ACC0002004070,Customer_4071,Special Saving Account,SNNPR,3443.58,279,0.9999997404758517
CIF01004048,ACC0002004048,Customer_4049,Ordinary Saving Account,Tigray,27794.6,275,0.9999997404758517
CIF01004041,ACC0002004041,Customer_4042,Ordinary Saving Account,Addis Ababa,22828.12,340,0.9999997404758517
CIF01004037,ACC0002004037,Customer_4038,Special Saving Account,Oromia,223.29,256,0.9999997404758517
CIF01004030,ACC0002004030,Customer_4031,Werazut Saving Account,Addis Ababa,36906.9,281,0.9999997404758517
CIF01004029,ACC0002004029,Customer_4030,Hiruyan Saving Account,Addis Ababa,2162.41,329,0.9999997404758517
CIF01004026,ACC0002004026,Customer_4027,Sitota Saving Deposit,Amhara,44772.51,294,0.9999997404758517
CIF01004018,ACC0002004018,Customer_4019,Equb Saving Account,SNNPR,120506.11,216,0.9999997404758517
CIF01004347,ACC0002004347,Customer_4348,Dekemezmur Saving Account,Oromia,73727.94,350,0.9999997404758517
CIF01004341,ACC0002004341,Customer_4342,Hiruyan Saving Account,Dire Dawa,15625.24,251,0.9999997404758517
CIF01004316,ACC0002004316,Customer_4317,Ordinary Saving Account,Amhara,62507.95,336,0.9999997404758517
CIF01004309,ACC0002004309,Customer_4310,Tirufat Savings Account,Harari,5401.37,316,0.9999997404758517
CIF01004306,ACC0002004306,Customer_4307,Asrat Bekurat Saving Account,Gambela,114944.97,184,0.9999997404758517
CIF01004304,ACC0002004304,Customer_4305,Ahadu Bereket Saving Account,Addis Ababa,135062.63,333,0.9999997404758517
CIF01004293,ACC0002004293,Customer_4294,Hiruyan Saving Account,Oromia,1693.05,259,0.9999997404758517
CIF01004274,ACC0002004274,Customer_4275,Special Saving Account,Benishangul-Gumuz,7701.72,240,0.9999997404758517
CIF01004273,ACC0002004273,Customer_4274,Werazut Saving Account,Oromia,195726.46,273,0.9999997404758517
CIF01004259,ACC0002004259,Customer_4260,Janderebaw Saving Account,Addis Ababa,1989.7,267,0.9999997404758517
CIF01004242,ACC0002004242,Customer_4243,Ahati Saving Account,Addis Ababa,32809.35,272,0.9999997404758517
CIF01004241,ACC0002004241,Customer_4242,Abew Saving Account,Oromia,12859.08,307,0.9999997404758517
CIF01004204,ACC0002004204,Customer_4205,Janderebaw Saving Account,Sidama,38910.57,339,0.9999997404758517
CIF01004202,ACC0002004202,Customer_4203,Ordinary Saving Account,Amhara,27364.44,222,0.9999997404758517
CIF01004171,ACC0002004171,Customer_4172,Werazut Saving Account,Oromia,10511.58,183,0.9999997404758517
CIF01004140,ACC0002004140,Customer_4141,Abew Saving Account,Harari,140464.95,209,0.9999997404758517
CIF01004539,ACC0002004539,Customer_4540,Werazut Saving Account,Amhara,2217.4,232,0.9999997404758517
CIF01004535,ACC0002004535,Customer_4536,Couples Saving Deposit,Gambela,415804.27,350,0.9999997404758517
CIF01004506,ACC0002004506,Customer_4507,Ordinary Saving Account,SNNPR,18774.82,258,0.9999997404758517
CIF01004503,ACC0002004503,Customer_4504,Blatena Saving Account,Addis Ababa,32736.7,332,0.9999997404758517
CIF01004493,ACC0002004493,Customer_4494,Ordinary Saving Account,Benishangul-Gumuz,32397.63,240,0.9999997404758517
CIF01004471,ACC0002004471,Customer_4472,Sitota Saving Deposit,Oromia,6864.3,284,0.9999997404758517
CIF01004463,ACC0002004463,Customer_4464,Ahati Saving Account,Amhara,1029.77,288,0.9999997404758517
CIF01004454,ACC0002004454,Customer_4455,Ordinary Saving Account,SNNPR,13032.52,282,0.9999997404758517
CIF01004448,ACC0002004448,Customer_4449,Ahadu Bereket Saving Account,Amhara,27159.12,353,0.9999997404758517
CIF01004436,ACC0002004436,Customer_4437,Washera Saving Account,Tigray,109306.16,317,0.9999997404758517
CIF01004423,ACC0002004423,Customer_4424,Ordinary Saving Account,Oromia,7834.34,314,0.9999997404758517
CIF01004409,ACC0002004409,Customer_4410,Werazut Saving Account,Tigray,18138.06,185,0.9999997404758517
CIF01004391,ACC0002004391,Customer_4392,Blatena Saving Account,Oromia,5976.13,353,0.9999997404758517
CIF01004370,ACC0002004370,Customer_4371,Ahadu Bereket Saving Account,Dire Dawa,14828.46,312,0.9999997404758517
CIF01004369,ACC0002004369,Customer_4370,Ordinary Saving Account,Gambela,29752.64,235,0.9999997404758517
CIF01004368,ACC0002004368,Customer_4369,Sitota Saving Deposit,Amhara,27564.49,224,0.9999997404758517
CIF01004705,ACC0002004705,Customer_4706,Hiruyan Saving Account,Amhara,1220.31,269,0.9999997404758517
CIF01004702,ACC0002004702,Customer_4703,Werazut Saving Account,Oromia,73936.9,320,0.9999997404758517
CIF01004698,ACC0002004698,Customer_4699,Blatena Saving Account,Amhara,2572.46,245,0.9999997404758517
CIF01004691,ACC0002004691,Customer_4692,Ordinary Saving Account,Amhara,55554.49,302,0.9999997404758517
CIF01004678,ACC0002004678,Customer_4679,Equb Saving Account,Afar,32335.38,300,0.9999997404758517
CIF01004664,ACC0002004664,Customer_4665,Blatena Saving Account,SNNPR,81448.14,307,0.9999997404758517
CIF01004651,ACC0002004651,Customer_4652,Blatena Saving Account,Harari,29075.99,318,0.9999997404758517
CIF01004625,ACC0002004625,Customer_4626,Special Saving Account,Dire Dawa,22729.52,305,0.9999997404758517
CIF01004620,ACC0002004620,Customer_4621,Special Saving Account,Oromia,5086.46,213,0.9999997404758517
CIF01004619,ACC0002004619,Customer_4620,Hiruyan Saving Account,Addis Ababa,145741.14,204,0.9999997404758517
CIF01004601,ACC0002004601,Customer_4602,Ahati Saving Account,Addis Ababa,24050.3,232,0.9999997404758517
CIF01004598,ACC0002004598,Customer_4599,Hiruyan Saving Account,Addis Ababa,900.65,214,0.9999997404758517
CIF01004574,ACC0002004574,Customer_4575,Abew Saving Account,Tigray,56993.88,320,0.9999997404758517
CIF01004569,ACC0002004569,Customer_4570,Equb Saving Account,Dire Dawa,473.19,307,0.9999997404758517
CIF01004565,ACC0002004565,Customer_4566,Ordinary Saving Account,Oromia,4646.38,314,0.9999997404758517
CIF01004543,ACC0002004543,Customer_4544,Ordinary Saving Account,Addis Ababa,1654.32,345,0.9999997404758517
CIF01004810,ACC0002004810,Customer_4811,Ordinary Saving Account,Afar,1403.26,287,0.9999997404758517
CIF01004782,ACC0002004782,Customer_4783,Prime Customer Deposit Account,Tigray,111777.57,343,0.9999997404758517
CIF01004767,ACC0002004767,Customer_4768,Special Saving Account,Oromia,380595.58,226,0.9999997404758517
CIF01004763,ACC0002004763,Customer_4764,Ahati Saving Account,Addis Ababa,4567.67,256,0.9999997404758517
CIF01004762,ACC0002004762,Customer_4763,Ordinary Saving Account,Addis Ababa,2273.64,194,0.9999997404758517
CIF01004759,ACC0002004759,Customer_4760,Dekemezmur Saving Account,Addis Ababa,6058.83,296,0.9999997404758517
CIF01004750,ACC0002004750,Customer_4751,Ahati Saving Account,Addis Ababa,2300.98,194,0.9999997404758517
CIF01004737,ACC0002004737,Customer_4738,Special Saving Account,Amhara,31099.6,186,0.9999997404758517
CIF01004732,ACC0002004732,Customer_4733,Ordinary Saving Account,Tigray,873.52,326,0.9999997404758517
CIF01004723,ACC0002004723,Customer_4724,Special Saving Account,Amhara,8361.94,251,0.9999997404758517
CIF01004716,ACC0002004716,Customer_4717,Asrat Bekurat Saving Account,Sidama,17231.93,275,0.9999997404758517
CIF01004713,ACC0002004713,Customer_4714,Ahadu Bereket Saving Account,Addis Ababa,3921.35,186,0.9999997404758517
CIF01004709,ACC0002004709,Customer_4710,Agape Saving Account,Amhara,5068.53,234,0.9999997404758517
CIF01004707,ACC0002004707,Customer_4708,Janderebaw Saving Account,Addis Ababa,5046.78,183,0.9999997404758517
CIF01004981,ACC0002004981,Customer_4982,Ordinary Saving Account,Addis Ababa,5595.34,184,0.9999997404758517
CIF01004969,ACC0002004969,Customer_4970,Agape Saving Account,Amhara,1384.07,319,0.9999997404758517
CIF01004960,ACC0002004960,Customer_4961,Ahati Saving Account,Oromia,121025.01,220,0.9999997404758517
CIF01004956,ACC0002004956,Customer_4957,Ordinary Saving Account,SNNPR,3752.9,303,0.9999997404758517
CIF01004939,ACC0002004939,Customer_4940,Werazut Saving Account,Addis Ababa,65948.95,220,0.9999997404758517
CIF01004935,ACC0002004935,Customer_4936,Dekemezmur Saving Account,Amhara,825856.77,194,0.9999997404758517
CIF01004928,ACC0002004928,Customer_4929,Blatena Saving Account,Gambela,2662.84,296,0.9999997404758517
CIF01004915,ACC0002004915,Customer_4916,Ordinary Saving Account,Oromia,127483.39,217,0.9999997404758517
CIF01004912,ACC0002004912,Customer_4913,Prime Customer Deposit Account,Addis Ababa,84277.85,296,0.9999997404758517
CIF01004908,ACC0002004908,Customer_4909,Ordinary Saving Account,Harari,53899.17,320,0.9999997404758517
CIF01004905,ACC0002004905,Customer_4906,Ahati Saving Account,Addis Ababa,26961.24,321,0.9999997404758517
CIF01004903,ACC0002004903,Customer_4904,Ordinary Saving Account,Addis Ababa,18478.76,288,0.9999997404758517
CIF01004900,ACC0002004900,Customer_4901,Janderebaw Saving Account,Amhara,123883.96,300,0.9999997404758517
CIF01004895,ACC0002004895,Customer_4896,Special Saving Account,SNNPR,47572.98,293,0.9999997404758517
CIF01004821,ACC0002004821,Customer_4822,Special Saving Account,Addis Ababa,1296.18,331,0.9999997404758517
CIF01004818,ACC0002004818,Customer_4819,Dekemezmur Saving Account,SNNPR,4014.95,205,0.9999997404758517
CIF01005169,ACC0002005169,Customer_5170,Ordinary Saving Account,Harari,5075.54,299,0.9999997404758517
CIF01005167,ACC0002005167,Customer_5168,Special Saving Account,Addis Ababa,67444.66,239,0.9999997404758517
CIF01005154,ACC0002005154,Customer_5155,Special Saving Account,Tigray,115050.43,265,0.9999997404758517
CIF01005144,ACC0002005144,Customer_5145,Ordinary Saving Account,Addis Ababa,31351.31,345,0.9999997404758517
CIF01005136,ACC0002005136,Customer_5137,Washera Saving Account,Oromia,22162.17,184,0.9999997404758517
CIF01005124,ACC0002005124,Customer_5125,Hiruyan Saving Account,Sidama,3302.94,270,0.9999997404758517
CIF01005120,ACC0002005120,Customer_5121,Couples Saving Deposit,Tigray,1188.9,231,0.9999997404758517
CIF01005116,ACC0002005116,Customer_5117,Werazut Saving Account,Tigray,7568.53,311,0.9999997404758517
CIF01005102,ACC0002005102,Customer_5103,Special Saving Account,Benishangul-Gumuz,606513.69,328,0.9999997404758517
CIF01005095,ACC0002005095,Customer_5096,Werazut Saving Account,Addis Ababa,1733.06,334,0.9999997404758517
CIF01005052,ACC0002005052,Customer_5053,Ordinary Saving Account,Addis Ababa,17640.85,262,0.9999997404758517
CIF01005051,ACC0002005051,Customer_5052,Prime Customer Deposit Account,Amhara,24873.28,252,0.9999997404758517
CIF01005030,ACC0002005030,Customer_5031,Ordinary Saving Account,Tigray,40739.3,223,0.9999997404758517
CIF01005014,ACC0002005014,Customer_5015,Washera Saving Account,Amhara,29816.9,292,0.9999997404758517
CIF01005001,ACC0002005001,Customer_5002,Hiruyan Saving Account,Sidama,47031.15,219,0.9999997404758517
CIF01005294,ACC0002005294,Customer_5295,Ordinary Saving Account,Addis Ababa,31180.88,196,0.9999997404758517
CIF01005286,ACC0002005286,Customer_5287,Hiruyan Saving Account,Oromia,2556.25,220,0.9999997404758517
CIF01005278,ACC0002005278,Customer_5279,Blatena Saving Account,SNNPR,236265.28,342,0.9999997404758517
CIF01005253,ACC0002005253,Customer_5254,Ordinary Saving Account,SNNPR,31082.17,309,0.9999997404758517
CIF01005249,ACC0002005249,Customer_5250,Special Saving Account,Addis Ababa,34668.71,293,0.9999997404758517
CIF01005235,ACC0002005235,Customer_5236,Ordinary Saving Account,Oromia,139.36,341,0.9999997404758517
CIF01005229,ACC0002005229,Customer_5230,Abew Saving Account,Addis Ababa,4611.35,216,0.9999997404758517
CIF01005223,ACC0002005223,Customer_5224,Special Saving Account,Afar,4516.84,259,0.9999997404758517
CIF01005216,ACC0002005216,Customer_5217,Asrat Bekurat Saving Account,Oromia,8883.27,251,0.9999997404758517
CIF01005209,ACC0002005209,Customer_5210,Blatena Saving Account,Tigray,15450.63,339,0.9999997404758517
CIF01005196,ACC0002005196,Customer_5197,Werazut Saving Account,Addis Ababa,2025.79,203,0.9999997404758517
CIF01005195,ACC0002005195,Customer_5196,Special Saving Account,SNNPR,12369.95,315,0.9999997404758517
CIF01005187,ACC0002005187,Customer_5188,Ordinary Saving Account,Addis Ababa,4298.3,294,0.9999997404758517
CIF01005185,ACC0002005185,Customer_5186,Sitota Saving Deposit,Addis Ababa,69588.73,221,0.9999997404758517
CIF01005184,ACC0002005184,Customer_5185,Ahati Saving Account,Addis Ababa,45726.26,188,0.9999997404758517
CIF01005183,ACC0002005183,Customer_5184,Ahati Saving Account,Addis Ababa,20187.42,210,0.9999997404758517
CIF01005461,ACC0002005461,Customer_5462,Ordinary Saving Account,Oromia,5650.02,298,0.9999997404758517
CIF01005451,ACC0002005451,Customer_5452,Agape Saving Account,Oromia,47681.24,319,0.9999997404758517
CIF01005447,ACC0002005447,Customer_5448,Hiruyan Saving Account,SNNPR,67432.44,363,0.9999997404758517
CIF01005418,ACC0002005418,Customer_5419,Ahati Saving Account,Somali,78748.66,272,0.9999997404758517
CIF01005416,ACC0002005416,Customer_5417,Special Saving Account,SNNPR,86542.56,285,0.9999997404758517
CIF01005399,ACC0002005399,Customer_5400,Special Saving Account,Benishangul-Gumuz,49727.73,347,0.9999997404758517
CIF01005393,ACC0002005393,Customer_5394,Asrat Bekurat Saving Account,Amhara,1269.53,314,0.9999997404758517
CIF01005391,ACC0002005391,Customer_5392,Special Saving Account,Benishangul-Gumuz,8184.33,224,0.9999997404758517
CIF01005384,ACC0002005384,Customer_5385,Couples Saving Deposit,Addis Ababa,8213.49,290,0.9999997404758517
CIF01005377,ACC0002005377,Customer_5378,Agape Saving Account,Gambela,86874.98,339,0.9999997404758517
CIF01005348,ACC0002005348,Customer_5349,Werazut Saving Account,SNNPR,7565.12,249,0.9999997404758517
CIF01005321,ACC0002005321,Customer_5322,Special Saving Account,Sidama,9458.94,226,0.9999997404758517
CIF01005320,ACC0002005320,Customer_5321,Ahadu Bereket Saving Account,Amhara,2352.96,200,0.9999997404758517
CIF01005316,ACC0002005316,Customer_5317,Ordinary Saving Account,Addis Ababa,3296.95,257,0.9999997404758517
CIF01005305,ACC0002005305,Customer_5306,Prime Customer Deposit Account,Addis Ababa,169.18,259,0.9999997404758517
CIF01005296,ACC0002005296,Customer_5297,Ahadu Bereket Saving Account,SNNPR,94207.28,238,0.9999997404758517
CIF01005693,ACC0002005693,Customer_5694,Agape Saving Account,Addis Ababa,1867.18,309,0.9999997404758517
CIF01005686,ACC0002005686,Customer_5687,Ordinary Saving Account,Addis Ababa,6436.74,342,0.9999997404758517
CIF01005685,ACC0002005685,Customer_5686,Ordinary Saving Account,Dire Dawa,5467.34,264,0.9999997404758517
CIF01005683,ACC0002005683,Customer_5684,Special Saving Account,Addis Ababa,34141.79,193,0.9999997404758517
CIF01005653,ACC0002005653,Customer_5654,Dekemezmur Saving Account,Oromia,38788.9,203,0.9999997404758517
CIF01005651,ACC0002005651,Customer_5652,Equb Saving Account,Addis Ababa,2196.27,215,0.9999997404758517
CIF01005644,ACC0002005644,Customer_5645,Ordinary Saving Account,Amhara,19130.47,320,0.9999997404758517
CIF01005626,ACC0002005626,Customer_5627,Special Saving Account,Somali,6235.05,242,0.9999997404758517
CIF01005603,ACC0002005603,Customer_5604,Ordinary Saving Account,Tigray,31215.56,222,0.9999997404758517
CIF01005595,ACC0002005595,Customer_5596,Janderebaw Saving Account,Gambela,3284.83,270,0.9999997404758517
CIF01005582,ACC0002005582,Customer_5583,Ordinary Saving Account,Amhara,6891.07,202,0.9999997404758517
CIF01005554,ACC0002005554,Customer_5555,Blatena Saving Account,Benishangul-Gumuz,230802.6,227,0.9999997404758517
CIF01005548,ACC0002005548,Customer_5549,Hiruyan Saving Account,Tigray,10236.65,224,0.9999997404758517
CIF01005532,ACC0002005532,Customer_5533,Werazut Saving Account,Oromia,11256.77,292,0.9999997404758517
CIF01005525,ACC0002005525,Customer_5526,Abew Saving Account,Addis Ababa,6312.07,335,0.9999997404758517
CIF01005484,ACC0002005484,Customer_5485,Abew Saving Account,Sidama,1768.1,315,0.9999997404758517
CIF01005848,ACC0002005848,Customer_5849,Special Saving Account,Addis Ababa,30553.89,301,0.9999997404758517
CIF01005831,ACC0002005831,Customer_5832,Ordinary Saving Account,Benishangul-Gumuz,4039.07,194,0.9999997404758517
CIF01005824,ACC0002005824,Customer_5825,Prime Customer Deposit Account,Addis Ababa,65139.47,306,0.9999997404758517
CIF01005821,ACC0002005821,Customer_5822,Blatena Saving Account,SNNPR,6845.41,343,0.9999997404758517
CIF01005819,ACC0002005819,Customer_5820,Agape Saving Account,Harari,15332.65,186,0.9999997404758517
CIF01005818,ACC0002005818,Customer_5819,Prime Customer Deposit Account,Sidama,1171.12,189,0.9999997404758517
CIF01005814,ACC0002005814,Customer_5815,Werazut Saving Account,Oromia,2617.93,249,0.9999997404758517
CIF01005799,ACC0002005799,Customer_5800,Janderebaw Saving Account,Addis Ababa,43568.36,228,0.9999997404758517
CIF01005783,ACC0002005783,Customer_5784,Werazut Saving Account,Addis Ababa,2765.08,229,0.9999997404758517
CIF01005779,ACC0002005779,Customer_5780,Ahadu Bereket Saving Account,Amhara,6166.77,331,0.9999997404758517
CIF01005773,ACC0002005773,Customer_5774,Janderebaw Saving Account,Amhara,44091.2,235,0.9999997404758517
CIF01005749,ACC0002005749,Customer_5750,Special Saving Account,SNNPR,96334.85,194,0.9999997404758517
CIF01005741,ACC0002005741,Customer_5742,Special Saving Account,Addis Ababa,45098.76,266,0.9999997404758517
CIF01005730,ACC0002005730,Customer_5731,Washera Saving Account,Addis Ababa,37118.66,354,0.9999997404758517
CIF01005728,ACC0002005728,Customer_5729,Werazut Saving Account,Oromia,91640.85,239,0.9999997404758517
CIF01005696,ACC0002005696,Customer_5697,Janderebaw Saving Account,Oromia,14485.91,189,0.9999997404758517
CIF01006078,ACC0002006078,Customer_6079,Janderebaw Saving Account,Dire Dawa,100532.8,357,0.9999997404758517
CIF01006077,ACC0002006077,Customer_6078,Hiruyan Saving Account,Amhara,55570.03,363,0.9999997404758517
CIF01006070,ACC0002006070,Customer_6071,Janderebaw Saving Account,Oromia,389257.83,257,0.9999997404758517
CIF01006054,ACC0002006054,Customer_6055,Special Saving Account,Gambela,33019.67,253,0.9999997404758517
CIF01006016,ACC0002006016,Customer_6017,Ordinary Saving Account,Dire Dawa,59067.85,362,0.9999997404758517
CIF01006003,ACC0002006003,Customer_6004,Janderebaw Saving Account,Addis Ababa,45269.98,233,0.9999997404758517
CIF01005988,ACC0002005988,Customer_5989,Blatena Saving Account,Addis Ababa,9367.57,264,0.9999997404758517
CIF01005984,ACC0002005984,Customer_5985,Tirufat Savings Account,Oromia,13408.36,314,0.9999997404758517
CIF01005976,ACC0002005976,Customer_5977,Ordinary Saving Account,SNNPR,4084.09,364,0.9999997404758517
CIF01005964,ACC0002005964,Customer_5965,Ordinary Saving Account,Benishangul-Gumuz,82570.45,183,0.9999997404758517
CIF01005952,ACC0002005952,Customer_5953,Special Saving Account,Sidama,118965.46,256,0.9999997404758517
CIF01005943,ACC0002005943,Customer_5944,Ahadu Bereket Saving Account,Oromia,3937.52,227,0.9999997404758517
CIF01005903,ACC0002005903,Customer_5904,Ahati Saving Account,Amhara,4030.54,225,0.9999997404758517
CIF01005899,ACC0002005899,Customer_5900,Ordinary Saving Account,Benishangul-Gumuz,683.37,220,0.9999997404758517
CIF01005884,ACC0002005884,Customer_5885,Ahati Saving Account,Dire Dawa,50411.21,301,0.9999997404758517
CIF01005860,ACC0002005860,Customer_5861,Tirufat Savings Account,Oromia,349408.71,234,0.9999997404758517
CIF01006232,ACC0002006232,Customer_6233,Special Saving Account,Oromia,959.14,241,0.9999997404758517
CIF01006222,ACC0002006222,Customer_6223,Ahati Saving Account,Amhara,2680.13,329,0.9999997404758517
CIF01006220,ACC0002006220,Customer_6221,Werazut Saving Account,Addis Ababa,110370.71,304,0.9999997404758517
CIF01006216,ACC0002006216,Customer_6217,Prime Customer Deposit Account,Tigray,16236.87,322,0.9999997404758517
CIF01006205,ACC0002006205,Customer_6206,Special Saving Account,Amhara,346126.73,259,0.9999997404758517
CIF01006200,ACC0002006200,Customer_6201,Ahati Saving Account,Addis Ababa,21492.74,191,0.9999997404758517
CIF01006195,ACC0002006195,Customer_6196,Hiruyan Saving Account,Sidama,899.06,324,0.9999997404758517
CIF01006180,ACC0002006180,Customer_6181,Sitota Saving Deposit,Amhara,9647.43,183,0.9999997404758517
CIF01006177,ACC0002006177,Customer_6178,Blatena Saving Account,Amhara,3710.35,252,0.9999997404758517
CIF01006173,ACC0002006173,Customer_6174,Washera Saving Account,Tigray,25929.54,329,0.9999997404758517
CIF01006162,ACC0002006162,Customer_6163,Ordinary Saving Account,Dire Dawa,12232.55,196,0.9999997404758517
CIF01006154,ACC0002006154,Customer_6155,Ordinary Saving Account,Addis Ababa,54747.48,304,0.9999997404758517
CIF01006148,ACC0002006148,Customer_6149,Ahati Saving Account,SNNPR,8443.62,233,0.9999997404758517
CIF01006139,ACC0002006139,Customer_6140,Equb Saving Account,Oromia,81851.73,336,0.9999997404758517
CIF01006126,ACC0002006126,Customer_6127,Agape Saving Account,SNNPR,71152.76,203,0.9999997404758517
CIF01006121,ACC0002006121,Customer_6122,Werazut Saving Account,SNNPR,10877.67,354,0.9999997404758517
CIF01006376,ACC0002006376,Customer_6377,Blatena Saving Account,Addis Ababa,508900.88,318,0.9999997404758517
CIF01006373,ACC0002006373,Customer_6374,Equb Saving Account,Somali,230.12,199,0.9999997404758517
CIF01006372,ACC0002006372,Customer_6373,Tirufat Savings Account,Addis Ababa,12507.43,260,0.9999997404758517
CIF01006357,ACC0002006357,Customer_6358,Blatena Saving Account,Amhara,1264.89,288,0.9999997404758517
CIF01006346,ACC0002006346,Customer_6347,Ahadu Bereket Saving Account,Addis Ababa,1745.53,340,0.9999997404758517
CIF01006323,ACC0002006323,Customer_6324,Ordinary Saving Account,Benishangul-Gumuz,8473.74,272,0.9999997404758517
CIF01006322,ACC0002006322,Customer_6323,Ordinary Saving Account,Addis Ababa,169.27,242,0.9999997404758517
CIF01006313,ACC0002006313,Customer_6314,Prime Customer Deposit Account,Oromia,86422.32,230,0.9999997404758517
CIF01006305,ACC0002006305,Customer_6306,Ordinary Saving Account,Amhara,7841.68,289,0.9999997404758517
CIF01006300,ACC0002006300,Customer_6301,Ahadu Bereket Saving Account,Addis Ababa,7932.23,212,0.9999997404758517
CIF01006292,ACC0002006292,Customer_6293,Ahati Saving Account,Sidama,373.97,299,0.9999997404758517
CIF01006269,ACC0002006269,Customer_6270,Ahati Saving Account,Afar,21173.91,261,0.9999997404758517
CIF01006263,ACC0002006263,Customer_6264,Blatena Saving Account,Oromia,20752.26,185,0.9999997404758517
CIF01006258,ACC0002006258,Customer_6259,Ahati Saving Account,Gambela,22941.01,353,0.9999997404758517
CIF01006244,ACC0002006244,Customer_6245,Ahadu Bereket Saving Account,Dire Dawa,3710.8,286,0.9999997404758517
CIF01006238,ACC0002006238,Customer_6239,Ahati Saving Account,Amhara,8815.75,244,0.9999997404758517
CIF01006572,ACC0002006572,Customer_6573,Werazut Saving Account,Oromia,158343.33,294,0.9999997404758517
CIF01006528,ACC0002006528,Customer_6529,Special Saving Account,Somali,9480.72,280,0.9999997404758517
CIF01006507,ACC0002006507,Customer_6508,Abew Saving Account,Addis Ababa,2849.18,208,0.9999997404758517
CIF01006482,ACC0002006482,Customer_6483,Sitota Saving Deposit,Amhara,45592.56,284,0.9999997404758517
CIF01006479,ACC0002006479,Customer_6480,Blatena Saving Account,Amhara,11233.17,307,0.9999997404758517
CIF01006477,ACC0002006477,Customer_6478,Special Saving Account,Addis Ababa,10183.03,250,0.9999997404758517
CIF01006470,ACC0002006470,Customer_6471,Ordinary Saving Account,Addis Ababa,29285.19,297,0.9999997404758517
CIF01006458,ACC0002006458,Customer_6459,Werazut Saving Account,Oromia,30667.42,251,0.9999997404758517
CIF01006456,ACC0002006456,Customer_6457,Ahati Saving Account,Harari,19281.41,251,0.9999997404758517
CIF01006431,ACC0002006431,Customer_6432,Tirufat Savings Account,Amhara,9617.9,332,0.9999997404758517
CIF01006417,ACC0002006417,Customer_6418,Ahati Saving Account,Tigray,6179.59,246,0.9999997404758517
CIF01006413,ACC0002006413,Customer_6414,Abew Saving Account,Afar,33865.5,208,0.9999997404758517
CIF01006411,ACC0002006411,Customer_6412,Ordinary Saving Account,SNNPR,5201.06,303,0.9999997404758517
CIF01006410,ACC0002006410,Customer_6411,Abew Saving Account,Oromia,20002.69,293,0.9999997404758517
CIF01006391,ACC0002006391,Customer_6392,Sitota Saving Deposit,Oromia,6803.28,187,0.9999997404758517
CIF01006390,ACC0002006390,Customer_6391,Dekemezmur Saving Account,Addis Ababa,4310.18,357,0.9999997404758517
CIF01006752,ACC0002006752,Customer_6753,Special Saving Account,Addis Ababa,30205.75,195,0.9999997404758517
CIF01006743,ACC0002006743,Customer_6744,Ordinary Saving Account,Addis Ababa,71291.26,346,0.9999997404758517
CIF01006734,ACC0002006734,Customer_6735,Hiruyan Saving Account,Oromia,48203.34,302,0.9999997404758517
CIF01006725,ACC0002006725,Customer_6726,Sitota Saving Deposit,Afar,3345.83,326,0.9999997404758517
CIF01006718,ACC0002006718,Customer_6719,Dekemezmur Saving Account,Oromia,278.73,224,0.9999997404758517
CIF01006715,ACC0002006715,Customer_6716,Ordinary Saving Account,Addis Ababa,34749.24,309,0.9999997404758517
CIF01006708,ACC0002006708,Customer_6709,Asrat Bekurat Saving Account,Addis Ababa,801090.07,363,0.9999997404758517
CIF01006686,ACC0002006686,Customer_6687,Tirufat Savings Account,Amhara,14300.06,264,0.9999997404758517
CIF01006682,ACC0002006682,Customer_6683,Equb Saving Account,Addis Ababa,9554.95,223,0.9999997404758517
CIF01006673,ACC0002006673,Customer_6674,Werazut Saving Account,Addis Ababa,39741.94,260,0.9999997404758517
CIF01006650,ACC0002006650,Customer_6651,Blatena Saving Account,Oromia,6379.62,220,0.9999997404758517
CIF01006649,ACC0002006649,Customer_6650,Ahati Saving Account,Oromia,51291.95,191,0.9999997404758517
CIF01006627,ACC0002006627,Customer_6628,Couples Saving Deposit,Sidama,71844.29,317,0.9999997404758517
CIF01006617,ACC0002006617,Customer_6618,Ordinary Saving Account,SNNPR,84672.4,257,0.9999997404758517
CIF01006607,ACC0002006607,Customer_6608,Werazut Saving Account,Amhara,11772.89,306,0.9999997404758517
CIF01006933,ACC0002006933,Customer_6934,Ordinary Saving Account,Dire Dawa,26395.32,216,0.9999997404758517
CIF01006928,ACC0002006928,Customer_6929,Equb Saving Account,Amhara,1543.78,234,0.9999997404758517
CIF01006916,ACC0002006916,Customer_6917,Ahati Saving Account,Oromia,19274.33,322,0.9999997404758517
CIF01006913,ACC0002006913,Customer_6914,Ahati Saving Account,SNNPR,21463.44,312,0.9999997404758517
CIF01006887,ACC0002006887,Customer_6888,Asrat Bekurat Saving Account,Addis Ababa,32281.97,275,0.9999997404758517
CIF01006866,ACC0002006866,Customer_6867,Asrat Bekurat Saving Account,Dire Dawa,358161.96,231,0.9999997404758517
CIF01006844,ACC0002006844,Customer_6845,Dekemezmur Saving Account,Addis Ababa,1565.52,189,0.9999997404758517
CIF01006838,ACC0002006838,Customer_6839,Sitota Saving Deposit,Addis Ababa,7847.75,267,0.9999997404758517
CIF01006828,ACC0002006828,Customer_6829,Werazut Saving Account,Sidama,7039.99,355,0.9999997404758517
CIF01006803,ACC0002006803,Customer_6804,Prime Customer Deposit Account,Addis Ababa,44664.14,215,0.9999997404758517
CIF01006795,ACC0002006795,Customer_6796,Ordinary Saving Account,Addis Ababa,14808.84,285,0.9999997404758517
CIF01006793,ACC0002006793,Customer_6794,Couples Saving Deposit,Somali,10749.14,288,0.9999997404758517
CIF01006774,ACC0002006774,Customer_6775,Abew Saving Account,Addis Ababa,15984.83,221,0.9999997404758517
CIF01006771,ACC0002006771,Customer_6772,Blatena Saving Account,Oromia,82710.42,308,0.9999997404758517
CIF01006770,ACC0002006770,Customer_6771,Werazut Saving Account,Tigray,14951.92,337,0.9999997404758517
CIF01006765,ACC0002006765,Customer_6766,Ordinary Saving Account,Oromia,76350.96,267,0.9999997404758517
CIF01007111,ACC0002007111,Customer_7112,Dekemezmur Saving Account,Addis Ababa,880.6,254,0.9999997404758517
CIF01007107,ACC0002007107,Customer_7108,Ordinary Saving Account,Addis Ababa,868.34,316,0.9999997404758517
CIF01007097,ACC0002007097,Customer_7098,Ordinary Saving Account,SNNPR,814.94,246,0.9999997404758517
CIF01007082,ACC0002007082,Customer_7083,Special Saving Account,Addis Ababa,3467.65,331,0.9999997404758517
CIF01007074,ACC0002007074,Customer_7075,Ahadu Bereket Saving Account,Tigray,18294.24,288,0.9999997404758517
CIF01007066,ACC0002007066,Customer_7067,Ordinary Saving Account,Sidama,9303.91,342,0.9999997404758517
CIF01007056,ACC0002007056,Customer_7057,Ordinary Saving Account,Addis Ababa,10715.72,228,0.9999997404758517
CIF01007049,ACC0002007049,Customer_7050,Hiruyan Saving Account,Tigray,37637.49,264,0.9999997404758517
CIF01007007,ACC0002007007,Customer_7008,Special Saving Account,Sidama,4741.09,198,0.9999997404758517
CIF01007002,ACC0002007002,Customer_7003,Blatena Saving Account,Oromia,9194.08,216,0.9999997404758517
CIF01006968,ACC0002006968,Customer_6969,Ordinary Saving Account,Oromia,55894.75,322,0.9999997404758517
CIF01006966,ACC0002006966,Customer_6967,Special Saving Account,Afar,21026.99,248,0.9999997404758517
CIF01006965,ACC0002006965,Customer_6966,Washera Saving Account,Addis Ababa,270.0,223,0.9999997404758517
CIF01006955,ACC0002006955,Customer_6956,Dekemezmur Saving Account,SNNPR,3039.37,297,0.9999997404758517
CIF01006950,ACC0002006950,Customer_6951,Werazut Saving Account,Amhara,3318.42,351,0.9999997404758517
CIF01006947,ACC0002006947,Customer_6948,Ordinary Saving Account,Harari,9684.34,238,0.9999997404758517
CIF01007264,ACC0002007264,Customer_7265,Ahadu Bereket Saving Account,Oromia,10995.01,267,0.9999997404758517
CIF01007258,ACC0002007258,Customer_7259,Abew Saving Account,Oromia,13105.1,243,0.9999997404758517
CIF01007241,ACC0002007241,Customer_7242,Ordinary Saving Account,Tigray,4300.64,187,0.9999997404758517
CIF01007233,ACC0002007233,Customer_7234,Blatena Saving Account,Addis Ababa,6225.81,348,0.9999997404758517
CIF01007230,ACC0002007230,Customer_7231,Couples Saving Deposit,Addis Ababa,73523.46,293,0.9999997404758517
CIF01007226,ACC0002007226,Customer_7227,Equb Saving Account,Tigray,9763.21,208,0.9999997404758517
CIF01007222,ACC0002007222,Customer_7223,Ordinary Saving Account,Harari,37276.68,227,0.9999997404758517
CIF01007198,ACC0002007198,Customer_7199,Asrat Bekurat Saving Account,Addis Ababa,5049.56,256,0.9999997404758517
CIF01007178,ACC0002007178,Customer_7179,Ordinary Saving Account,Amhara,453928.2,327,0.9999997404758517
CIF01007170,ACC0002007170,Customer_7171,Dekemezmur Saving Account,Addis Ababa,26915.14,345,0.9999997404758517
CIF01007165,ACC0002007165,Customer_7166,Ordinary Saving Account,Addis Ababa,3392370.75,349,0.9999997404758517
CIF01007160,ACC0002007160,Customer_7161,Werazut Saving Account,Addis Ababa,196560.34,261,0.9999997404758517
CIF01007148,ACC0002007148,Customer_7149,Dekemezmur Saving Account,Tigray,67490.7,299,0.9999997404758517
CIF01007140,ACC0002007140,Customer_7141,Abew Saving Account,Dire Dawa,2324.94,190,0.9999997404758517
CIF01007126,ACC0002007126,Customer_7127,Ahadu Bereket Saving Account,Addis Ababa,20004.14,266,0.9999997404758517
CIF01007385,ACC0002007385,Customer_7386,Prime Customer Deposit Account,Addis Ababa,138885.7,201,0.9999997404758517
CIF01007378,ACC0002007378,Customer_7379,Ordinary Saving Account,Amhara,10586.56,208,0.9999997404758517
CIF01007371,ACC0002007371,Customer_7372,Dekemezmur Saving Account,Addis Ababa,4339.27,267,0.9999997404758517
CIF01007345,ACC0002007345,Customer_7346,Tirufat Savings Account,Oromia,10305.64,189,0.9999997404758517
CIF01007343,ACC0002007343,Customer_7344,Ordinary Saving Account,Oromia,7359.84,224,0.9999997404758517
CIF01007336,ACC0002007336,Customer_7337,Agape Saving Account,Benishangul-Gumuz,7319.68,345,0.9999997404758517
CIF01007326,ACC0002007326,Customer_7327,Werazut Saving Account,Somali,14464.02,359,0.9999997404758517
CIF01007324,ACC0002007324,Customer_7325,Ordinary Saving Account,SNNPR,65496.76,315,0.9999997404758517
CIF01007323,ACC0002007323,Customer_7324,Janderebaw Saving Account,Harari,7126.83,344,0.9999997404758517
CIF01007316,ACC0002007316,Customer_7317,Special Saving Account,Addis Ababa,34567.48,344,0.9999997404758517
CIF01007313,ACC0002007313,Customer_7314,Blatena Saving Account,Addis Ababa,967.88,271,0.9999997404758517
CIF01007301,ACC0002007301,Customer_7302,Couples Saving Deposit,Addis Ababa,8861.09,365,0.9999997404758517
CIF01007284,ACC0002007284,Customer_7285,Ordinary Saving Account,Addis Ababa,3028709.42,208,0.9999997404758517
CIF01007283,ACC0002007283,Customer_7284,Ordinary Saving Account,Tigray,52054.66,203,0.9999997404758517
CIF01007272,ACC0002007272,Customer_7273,Ordinary Saving Account,SNNPR,29574.99,313,0.9999997404758517
CIF01007544,ACC0002007544,Customer_7545,Werazut Saving Account,Oromia,91787.93,295,0.9999997404758517
CIF01007543,ACC0002007543,Customer_7544,Equb Saving Account,Amhara,5057.43,217,0.9999997404758517
CIF01007532,ACC0002007532,Customer_7533,Blatena Saving Account,Oromia,4216.63,185,0.9999997404758517
CIF01007527,ACC0002007527,Customer_7528,Ahati Saving Account,Addis Ababa,8697.27,253,0.9999997404758517
CIF01007514,ACC0002007514,Customer_7515,Ordinary Saving Account,Addis Ababa,88040.12,212,0.9999997404758517
CIF01007501,ACC0002007501,Customer_7502,Ahadu Bereket Saving Account,SNNPR,68467.21,279,0.9999997404758517
CIF01007475,ACC0002007475,Customer_7476,Dekemezmur Saving Account,Tigray,42262.05,212,0.9999997404758517
CIF01007470,ACC0002007470,Customer_7471,Tirufat Savings Account,SNNPR,1437.9,279,0.9999997404758517
CIF01007434,ACC0002007434,Customer_7435,Tirufat Savings Account,Afar,25171.24,213,0.9999997404758517
CIF01007425,ACC0002007425,Customer_7426,Ahati Saving Account,Addis Ababa,19292.69,311,0.9999997404758517
CIF01007420,ACC0002007420,Customer_7421,Agape Saving Account,SNNPR,4989.84,192,0.9999997404758517
CIF01007412,ACC0002007412,Customer_7413,Ahati Saving Account,Addis Ababa,623939.48,317,0.9999997404758517
CIF01007408,ACC0002007408,Customer_7409,Couples Saving Deposit,Addis Ababa,11455.69,220,0.9999997404758517
CIF01007407,ACC0002007407,Customer_7408,Ordinary Saving Account,Oromia,5896.9,241,0.9999997404758517
CIF01007402,ACC0002007402,Customer_7403,Prime Customer Deposit Account,Addis Ababa,49673.45,302,0.9999997404758517
CIF01007395,ACC0002007395,Customer_7396,Blatena Saving Account,Oromia,981.14,191,0.9999997404758517
CIF01007813,ACC0002007813,Customer_7814,Abew Saving Account,Sidama,52418.23,256,0.9999997404758517
CIF01007801,ACC0002007801,Customer_7802,Ahati Saving Account,Addis Ababa,38902.54,317,0.9999997404758517
CIF01007797,ACC0002007797,Customer_7798,Blatena Saving Account,Dire Dawa,3009.85,314,0.9999997404758517
CIF01007796,ACC0002007796,Customer_7797,Abew Saving Account,Amhara,18805.43,269,0.9999997404758517
CIF01007782,ACC0002007782,Customer_7783,Sitota Saving Deposit,Amhara,6138.27,253,0.9999997404758517
CIF01007770,ACC0002007770,Customer_7771,Ordinary Saving Account,Tigray,3695.65,354,0.9999997404758517
CIF01007747,ACC0002007747,Customer_7748,Janderebaw Saving Account,Addis Ababa,9344.84,289,0.9999997404758517
CIF01007704,ACC0002007704,Customer_7705,Ordinary Saving Account,Addis Ababa,7976.9,295,0.9999997404758517
CIF01007702,ACC0002007702,Customer_7703,Tirufat Savings Account,Amhara,11060.3,352,0.9999997404758517
CIF01007699,ACC0002007699,Customer_7700,Ordinary Saving Account,Sidama,48619.46,296,0.9999997404758517
CIF01007678,ACC0002007678,Customer_7679,Agape Saving Account,Benishangul-Gumuz,230746.52,198,0.9999997404758517
CIF01007676,ACC0002007676,Customer_7677,Ordinary Saving Account,Somali,765808.6,324,0.9999997404758517
CIF01007640,ACC0002007640,Customer_7641,Special Saving Account,Addis Ababa,2966.46,352,0.9999997404758517
CIF01007636,ACC0002007636,Customer_7637,Ordinary Saving Account,Amhara,81184.34,289,0.9999997404758517
CIF01007615,ACC0002007615,Customer_7616,Ordinary Saving Account,Oromia,13195.52,292,0.9999997404758517
CIF01007561,ACC0002007561,Customer_7562,Ordinary Saving Account,Amhara,36050.51,241,0.9999997404758517
CIF01007972,ACC0002007972,Customer_7973,Special Saving Account,Addis Ababa,117437.57,305,0.9999997404758517
CIF01007958,ACC0002007958,Customer_7959,Ordinary Saving Account,Addis Ababa,1224.95,222,0.9999997404758517
CIF01007945,ACC0002007945,Customer_7946,Werazut Saving Account,Addis Ababa,4826.45,209,0.9999997404758517
CIF01007939,ACC0002007939,Customer_7940,Hiruyan Saving Account,Addis Ababa,5059.94,261,0.9999997404758517
CIF01007919,ACC0002007919,Customer_7920,Ahati Saving Account,Addis Ababa,7401.54,321,0.9999997404758517
CIF01007911,ACC0002007911,Customer_7912,Blatena Saving Account,Oromia,3894.48,189,0.9999997404758517
CIF01007901,ACC0002007901,Customer_7902,Janderebaw Saving Account,Addis Ababa,583746.09,323,0.9999997404758517
CIF01007898,ACC0002007898,Customer_7899,Ordinary Saving Account,Dire Dawa,33005.59,288,0.9999997404758517
CIF01007879,ACC0002007879,Customer_7880,Prime Customer Deposit Account,Oromia,29440.07,198,0.9999997404758517
CIF01007876,ACC0002007876,Customer_7877,Washera Saving Account,Amhara,87451.87,261,0.9999997404758517
CIF01007862,ACC0002007862,Customer_7863,Agape Saving Account,Tigray,10843.74,194,0.9999997404758517
CIF01007861,ACC0002007861,Customer_7862,Blatena Saving Account,Afar,3661.53,337,0.9999997404758517
CIF01007854,ACC0002007854,Customer_7855,Equb Saving Account,Addis Ababa,7258.38,344,0.9999997404758517
CIF01007844,ACC0002007844,Customer_7845,Blatena Saving Account,Amhara,1375.51,243,0.9999997404758517
CIF01007836,ACC0002007836,Customer_7837,Tirufat Savings Account,SNNPR,12584.44,185,0.9999997404758517
CIF01007833,ACC0002007833,Customer_7834,Dekemezmur Saving Account,Addis Ababa,17773.99,304,0.9999997404758517
CIF01008132,ACC0002008132,Customer_8133,Hiruyan Saving Account,Addis Ababa,39090.97,280,0.9999997404758517
CIF01008129,ACC0002008129,Customer_8130,Sitota Saving Deposit,Addis Ababa,3213.9,265,0.9999997404758517
CIF01008127,ACC0002008127,Customer_8128,Ahadu Bereket Saving Account,Harari,26546.66,283,0.9999997404758517
CIF01008125,ACC0002008125,Customer_8126,Tirufat Savings Account,Oromia,9760.14,280,0.9999997404758517
CIF01008114,ACC0002008114,Customer_8115,Janderebaw Saving Account,Somali,608.29,191,0.9999997404758517
CIF01008111,ACC0002008111,Customer_8112,Asrat Bekurat Saving Account,Oromia,3753.29,356,0.9999997404758517
CIF01008100,ACC0002008100,Customer_8101,Special Saving Account,Oromia,1795.97,223,0.9999997404758517
CIF01008098,ACC0002008098,Customer_8099,Dekemezmur Saving Account,Sidama,11458.66,230,0.9999997404758517
CIF01008092,ACC0002008092,Customer_8093,Ordinary Saving Account,Amhara,938.79,298,0.9999997404758517
CIF01008087,ACC0002008087,Customer_8088,Ordinary Saving Account,Afar,4343.81,252,0.9999997404758517
CIF01008033,ACC0002008033,Customer_8034,Prime Customer Deposit Account,Amhara,96269.28,234,0.9999997404758517
CIF01008021,ACC0002008021,Customer_8022,Sitota Saving Deposit,Addis Ababa,96422.57,239,0.9999997404758517
CIF01008018,ACC0002008018,Customer_8019,Couples Saving Deposit,Benishangul-Gumuz,43821.27,364,0.9999997404758517
CIF01008017,ACC0002008017,Customer_8018,Blatena Saving Account,Addis Ababa,78598.54,292,0.9999997404758517
CIF01008010,ACC0002008010,Customer_8011,Dekemezmur Saving Account,Sidama,38283.68,346,0.9999997404758517
CIF01008006,ACC0002008006,Customer_8007,Janderebaw Saving Account,Sidama,11108.4,248,0.9999997404758517
CIF01008309,ACC0002008309,Customer_8310,Ordinary Saving Account,Addis Ababa,49874.88,350,0.9999997404758517
CIF01008304,ACC0002008304,Customer_8305,Ordinary Saving Account,Amhara,1124049.16,246,0.9999997404758517
CIF01008279,ACC0002008279,Customer_8280,Prime Customer Deposit Account,Addis Ababa,28260.65,356,0.9999997404758517
CIF01008278,ACC0002008278,Customer_8279,Ordinary Saving Account,Addis Ababa,14163.93,208,0.9999997404758517
CIF01008276,ACC0002008276,Customer_8277,Werazut Saving Account,Amhara,18718.58,264,0.9999997404758517
CIF01008272,ACC0002008272,Customer_8273,Washera Saving Account,Oromia,4294.64,225,0.9999997404758517
CIF01008271,ACC0002008271,Customer_8272,Werazut Saving Account,Addis Ababa,6157.52,276,0.9999997404758517
CIF01008266,ACC0002008266,Customer_8267,Ordinary Saving Account,SNNPR,2363.5,295,0.9999997404758517
CIF01008261,ACC0002008261,Customer_8262,Special Saving Account,Addis Ababa,65352.02,226,0.9999997404758517
CIF01008257,ACC0002008257,Customer_8258,Special Saving Account,Oromia,506.51,360,0.9999997404758517
CIF01008229,ACC0002008229,Customer_8230,Ordinary Saving Account,Amhara,96034.53,205,0.9999997404758517
CIF01008219,ACC0002008219,Customer_8220,Ordinary Saving Account,SNNPR,28693.83,247,0.9999997404758517
CIF01008195,ACC0002008195,Customer_8196,Special Saving Account,Dire Dawa,9123.8,277,0.9999997404758517
CIF01008190,ACC0002008190,Customer_8191,Hiruyan Saving Account,Tigray,41465.65,233,0.9999997404758517
CIF01008181,ACC0002008181,Customer_8182,Ordinary Saving Account,Addis Ababa,18398.41,246,0.9999997404758517
CIF01008179,ACC0002008179,Customer_8180,Abew Saving Account,Oromia,10229.53,183,0.9999997404758517
CIF01008464,ACC0002008464,Customer_8465,Prime Customer Deposit Account,Addis Ababa,2092.4,339,0.9999997404758517
CIF01008463,ACC0002008463,Customer_8464,Washera Saving Account,Benishangul-Gumuz,9187.02,290,0.9999997404758517
CIF01008456,ACC0002008456,Customer_8457,Asrat Bekurat Saving Account,SNNPR,1336.93,328,0.9999997404758517
CIF01008447,ACC0002008447,Customer_8448,Ordinary Saving Account,Sidama,536827.75,220,0.9999997404758517
CIF01008440,ACC0002008440,Customer_8441,Hiruyan Saving Account,Addis Ababa,50045.89,213,0.9999997404758517
CIF01008429,ACC0002008429,Customer_8430,Ordinary Saving Account,Sidama,5966.08,346,0.9999997404758517
CIF01008421,ACC0002008421,Customer_8422,Blatena Saving Account,Harari,82528.37,321,0.9999997404758517
CIF01008402,ACC0002008402,Customer_8403,Werazut Saving Account,Tigray,15217.06,324,0.9999997404758517
CIF01008393,ACC0002008393,Customer_8394,Equb Saving Account,Harari,11321.72,265,0.9999997404758517
CIF01008387,ACC0002008387,Customer_8388,Tirufat Savings Account,Tigray,100120.0,256,0.9999997404758517
CIF01008368,ACC0002008368,Customer_8369,Ordinary Saving Account,Addis Ababa,2027.71,327,0.9999997404758517
CIF01008365,ACC0002008365,Customer_8366,Ordinary Saving Account,Addis Ababa,8509.54,269,0.9999997404758517
CIF01008340,ACC0002008340,Customer_8341,Blatena Saving Account,Addis Ababa,14886.68,237,0.9999997404758517
CIF01008337,ACC0002008337,Customer_8338,Special Saving Account,SNNPR,20657.62,308,0.9999997404758517
CIF01008323,ACC0002008323,Customer_8324,Sitota Saving Deposit,Amhara,199103.11,330,0.9999997404758517
CIF01008317,ACC0002008317,Customer_8318,Special Saving Account,Addis Ababa,618.68,317,0.9999997404758517
CIF01008588,ACC0002008588,Customer_8589,Blatena Saving Account,Addis Ababa,3016.8,273,0.9999997404758517
CIF01008569,ACC0002008569,Customer_8570,Agape Saving Account,Addis Ababa,20599.73,205,0.9999997404758517
CIF01008566,ACC0002008566,Customer_8567,Abew Saving Account,Tigray,113804.99,361,0.9999997404758517
CIF01008555,ACC0002008555,Customer_8556,Special Saving Account,Addis Ababa,2113.74,243,0.9999997404758517
CIF01008554,ACC0002008554,Customer_8555,Werazut Saving Account,Amhara,52965.37,300,0.9999997404758517
CIF01008552,ACC0002008552,Customer_8553,Tirufat Savings Account,Sidama,92390.19,344,0.9999997404758517
CIF01008543,ACC0002008543,Customer_8544,Werazut Saving Account,Tigray,5008.92,332,0.9999997404758517
CIF01008537,ACC0002008537,Customer_8538,Dekemezmur Saving Account,Amhara,85544.84,345,0.9999997404758517
CIF01008536,ACC0002008536,Customer_8537,Blatena Saving Account,Dire Dawa,18429.17,186,0.9999997404758517
CIF01008532,ACC0002008532,Customer_8533,Ordinary Saving Account,Tigray,957.55,232,0.9999997404758517
CIF01008517,ACC0002008517,Customer_8518,Ordinary Saving Account,Addis Ababa,1736.9,232,0.9999997404758517
CIF01008510,ACC0002008510,Customer_8511,Ordinary Saving Account,Addis Ababa,3063.43,227,0.9999997404758517
CIF01008505,ACC0002008505,Customer_8506,Ahati Saving Account,Harari,36529.41,223,0.9999997404758517
CIF01008494,ACC0002008494,Customer_8495,Ahati Saving Account,Oromia,5140.59,182,0.9999997404758517
CIF01008490,ACC0002008490,Customer_8491,Ahadu Bereket Saving Account,Dire Dawa,103009.7,256,0.9999997404758517
CIF01008468,ACC0002008468,Customer_8469,Werazut Saving Account,Addis Ababa,33026.35,287,0.9999997404758517
CIF01008684,ACC0002008684,Customer_8685,Ordinary Saving Account,Benishangul-Gumuz,922.12,325,0.9999997404758517
CIF01008676,ACC0002008676,Customer_8677,Ahati Saving Account,Addis Ababa,68822.8,200,0.9999997404758517
CIF01008664,ACC0002008664,Customer_8665,Blatena Saving Account,Addis Ababa,31670.37,348,0.9999997404758517
CIF01008659,ACC0002008659,Customer_8660,Ordinary Saving Account,Addis Ababa,55423.66,306,0.9999997404758517
CIF01008649,ACC0002008649,Customer_8650,Hiruyan Saving Account,Addis Ababa,4205.07,236,0.9999997404758517
CIF01008644,ACC0002008644,Customer_8645,Ahati Saving Account,Oromia,17407.29,251,0.9999997404758517
CIF01008639,ACC0002008639,Customer_8640,Dekemezmur Saving Account,Addis Ababa,22169.62,285,0.9999997404758517
CIF01008631,ACC0002008631,Customer_8632,Ordinary Saving Account,Amhara,35698.63,322,0.9999997404758517
CIF01008629,ACC0002008629,Customer_8630,Hiruyan Saving Account,Addis Ababa,8579.81,356,0.9999997404758517
CIF01008622,ACC0002008622,Customer_8623,Ahati Saving Account,Oromia,45199.21,183,0.9999997404758517
CIF01008621,ACC0002008621,Customer_8622,Washera Saving Account,Addis Ababa,4698.81,186,0.9999997404758517
CIF01008617,ACC0002008617,Customer_8618,Ahadu Bereket Saving Account,Afar,1391.0,269,0.9999997404758517
CIF01008610,ACC0002008610,Customer_8611,Ahati Saving Account,Amhara,29130.58,335,0.9999997404758517
CIF01008608,ACC0002008608,Customer_8609,Blatena Saving Account,Harari,1777.92,284,0.9999997404758517
CIF01008599,ACC0002008599,Customer_8600,Dekemezmur Saving Account,Afar,3037.18,220,0.9999997404758517
CIF01008589,ACC0002008589,Customer_8590,Sitota Saving Deposit,Amhara,222049.37,210,0.9999997404758517
CIF01008787,ACC0002008787,Customer_8788,Ordinary Saving Account,Amhara,69688.83,291,0.9999997404758517
CIF01008784,ACC0002008784,Customer_8785,Ordinary Saving Account,Benishangul-Gumuz,10379.01,182,0.9999997404758517
CIF01008769,ACC0002008769,Customer_8770,Washera Saving Account,Dire Dawa,10443.12,258,0.9999997404758517
CIF01008760,ACC0002008760,Customer_8761,Ordinary Saving Account,SNNPR,2684.39,284,0.9999997404758517
CIF01008750,ACC0002008750,Customer_8751,Ahati Saving Account,SNNPR,46066.18,356,0.9999997404758517
CIF01008746,ACC0002008746,Customer_8747,Werazut Saving Account,Amhara,4904.96,282,0.9999997404758517
CIF01008745,ACC0002008745,Customer_8746,Ahati Saving Account,Amhara,10949.3,349,0.9999997404758517
CIF01008744,ACC0002008744,Customer_8745,Special Saving Account,Harari,5794.47,193,0.9999997404758517
CIF01008732,ACC0002008732,Customer_8733,Abew Saving Account,Afar,46172.67,257,0.9999997404758517
CIF01008727,ACC0002008727,Customer_8728,Hiruyan Saving Account,Oromia,8000.63,256,0.9999997404758517
CIF01008717,ACC0002008717,Customer_8718,Ahati Saving Account,Tigray,185848.01,268,0.9999997404758517
CIF01008711,ACC0002008711,Customer_8712,Couples Saving Deposit,Amhara,20254.01,300,0.9999997404758517
CIF01008706,ACC0002008706,Customer_8707,Ordinary Saving Account,Amhara,18143.45,235,0.9999997404758517
CIF01008696,ACC0002008696,Customer_8697,Ahati Saving Account,Amhara,3302.67,255,0.9999997404758517
CIF01008694,ACC0002008694,Customer_8695,Special Saving Account,Addis Ababa,250088.57,331,0.9999997404758517
CIF01008965,ACC0002008965,Customer_8966,Ordinary Saving Account,Benishangul-Gumuz,20267.8,222,0.9999997404758517
CIF01008964,ACC0002008964,Customer_8965,Ahadu Bereket Saving Account,Addis Ababa,33511.03,255,0.9999997404758517
CIF01008956,ACC0002008956,Customer_8957,Ordinary Saving Account,Amhara,2487.62,285,0.9999997404758517
CIF01008955,ACC0002008955,Customer_8956,Special Saving Account,Addis Ababa,31069.61,340,0.9999997404758517
CIF01008936,ACC0002008936,Customer_8937,Dekemezmur Saving Account,SNNPR,8548.2,335,0.9999997404758517
CIF01008931,ACC0002008931,Customer_8932,Special Saving Account,Sidama,315511.91,218,0.9999997404758517
CIF01008909,ACC0002008909,Customer_8910,Werazut Saving Account,Oromia,8185.94,355,0.9999997404758517
CIF01008886,ACC0002008886,Customer_8887,Ahadu Bereket Saving Account,Oromia,12469.82,273,0.9999997404758517
CIF01008858,ACC0002008858,Customer_8859,Prime Customer Deposit Account,Amhara,16111.06,264,0.9999997404758517
CIF01008855,ACC0002008855,Customer_8856,Equb Saving Account,Amhara,12407.45,348,0.9999997404758517
CIF01008843,ACC0002008843,Customer_8844,Special Saving Account,Oromia,2306.13,330,0.9999997404758517
CIF01008836,ACC0002008836,Customer_8837,Janderebaw Saving Account,Addis Ababa,34342.29,286,0.9999997404758517
CIF01008826,ACC0002008826,Customer_8827,Abew Saving Account,Amhara,9671.83,307,0.9999997404758517
CIF01008817,ACC0002008817,Customer_8818,Ordinary Saving Account,Oromia,11689.44,310,0.9999997404758517
CIF01008811,ACC0002008811,Customer_8812,Equb Saving Account,Addis Ababa,9262.59,342,0.9999997404758517
CIF01008807,ACC0002008807,Customer_8808,Ahati Saving Account,Addis Ababa,13876.98,238,0.9999997404758517
CIF01009123,ACC0002009123,Customer_9124,Ordinary Saving Account,Benishangul-Gumuz,41469.71,244,0.9999997404758517
CIF01009122,ACC0002009122,Customer_9123,Equb Saving Account,Dire Dawa,6185.11,217,0.9999997404758517
CIF01009112,ACC0002009112,Customer_9113,Dekemezmur Saving Account,Dire Dawa,296099.19,246,0.9999997404758517
CIF01009063,ACC0002009063,Customer_9064,Werazut Saving Account,SNNPR,3515.85,248,0.9999997404758517
CIF01009053,ACC0002009053,Customer_9054,Ordinary Saving Account,Amhara,16201.22,337,0.9999997404758517
CIF01009051,ACC0002009051,Customer_9052,Agape Saving Account,Addis Ababa,2773.51,268,0.9999997404758517
CIF01009039,ACC0002009039,Customer_9040,Ordinary Saving Account,Addis Ababa,24312.35,224,0.9999997404758517
CIF01009028,ACC0002009028,Customer_9029,Hiruyan Saving Account,Amhara,2924.17,200,0.9999997404758517
CIF01009027,ACC0002009027,Customer_9028,Blatena Saving Account,Benishangul-Gumuz,4587.32,216,0.9999997404758517
CIF01009022,ACC0002009022,Customer_9023,Tirufat Savings Account,Oromia,123834.27,258,0.9999997404758517
CIF01009012,ACC0002009012,Customer_9013,Special Saving Account,Addis Ababa,73817.7,202,0.9999997404758517
CIF01009011,ACC0002009011,Customer_9012,Blatena Saving Account,Benishangul-Gumuz,31988.29,235,0.9999997404758517
CIF01008987,ACC0002008987,Customer_8988,Ordinary Saving Account,Addis Ababa,18255.9,239,0.9999997404758517
CIF01008982,ACC0002008982,Customer_8983,Ordinary Saving Account,Afar,416567.84,281,0.9999997404758517
CIF01008974,ACC0002008974,Customer_8975,Tirufat Savings Account,Addis Ababa,2883207.63,186,0.9999997404758517
CIF01009294,ACC0002009294,Customer_9295,Ordinary Saving Account,Oromia,99243.38,198,0.9999997404758517
CIF01009278,ACC0002009278,Customer_9279,Prime Customer Deposit Account,Oromia,90157.8,206,0.9999997404758517
CIF01009275,ACC0002009275,Customer_9276,Werazut Saving Account,Oromia,52209.11,308,0.9999997404758517
CIF01009267,ACC0002009267,Customer_9268,Agape Saving Account,Oromia,29764.45,305,0.9999997404758517
CIF01009251,ACC0002009251,Customer_9252,Janderebaw Saving Account,SNNPR,48572.27,356,0.9999997404758517
CIF01009240,ACC0002009240,Customer_9241,Asrat Bekurat Saving Account,Addis Ababa,62288.02,351,0.9999997404758517
CIF01009227,ACC0002009227,Customer_9228,Ordinary Saving Account,SNNPR,20882.55,249,0.9999997404758517
CIF01009220,ACC0002009220,Customer_9221,Ordinary Saving Account,Harari,39314.69,318,0.9999997404758517
CIF01009218,ACC0002009218,Customer_9219,Washera Saving Account,SNNPR,94756.68,215,0.9999997404758517
CIF01009206,ACC0002009206,Customer_9207,Ordinary Saving Account,SNNPR,83273.83,214,0.9999997404758517
CIF01009205,ACC0002009205,Customer_9206,Ordinary Saving Account,Oromia,40219.94,224,0.9999997404758517
CIF01009197,ACC0002009197,Customer_9198,Dekemezmur Saving Account,Addis Ababa,10755.7,250,0.9999997404758517
CIF01009178,ACC0002009178,Customer_9179,Abew Saving Account,Addis Ababa,1043.68,334,0.9999997404758517
CIF01009175,ACC0002009175,Customer_9176,Sitota Saving Deposit,SNNPR,6304.21,198,0.9999997404758517
CIF01009146,ACC0002009146,Customer_9147,Abew Saving Account,Addis Ababa,142112.4,310,0.9999997404758517
CIF01009139,ACC0002009139,Customer_9140,Agape Saving Account,Oromia,5677.84,244,0.9999997404758517
CIF01009510,ACC0002009510,Customer_9511,Blatena Saving Account,Oromia,5826.81,196,0.9999997404758517
CIF01009499,ACC0002009499,Customer_9500,Abew Saving Account,Oromia,39077.69,219,0.9999997404758517
CIF01009457,ACC0002009457,Customer_9458,Asrat Bekurat Saving Account,Oromia,17078.8,278,0.9999997404758517
CIF01009455,ACC0002009455,Customer_9456,Sitota Saving Deposit,Addis Ababa,9813.58,360,0.9999997404758517
CIF01009453,ACC0002009453,Customer_9454,Tirufat Savings Account,Addis Ababa,1914.95,250,0.9999997404758517
CIF01009425,ACC0002009425,Customer_9426,Tirufat Savings Account,Afar,5263.72,293,0.9999997404758517
CIF01009424,ACC0002009424,Customer_9425,Special Saving Account,Addis Ababa,31996.1,191,0.9999997404758517
CIF01009420,ACC0002009420,Customer_9421,Special Saving Account,Sidama,11352.44,182,0.9999997404758517
CIF01009416,ACC0002009416,Customer_9417,Ordinary Saving Account,Addis Ababa,1687855.52,213,0.9999997404758517
CIF01009394,ACC0002009394,Customer_9395,Equb Saving Account,Addis Ababa,1607.19,282,0.9999997404758517
CIF01009382,ACC0002009382,Customer_9383,Ahati Saving Account,Oromia,25578.31,255,0.9999997404758517
CIF01009361,ACC0002009361,Customer_9362,Prime Customer Deposit Account,Amhara,207157.92,303,0.9999997404758517
CIF01009356,ACC0002009356,Customer_9357,Washera Saving Account,Addis Ababa,393.19,194,0.9999997404758517
CIF01009338,ACC0002009338,Customer_9339,Special Saving Account,Amhara,1659.19,317,0.9999997404758517
CIF01009335,ACC0002009335,Customer_9336,Dekemezmur Saving Account,Sidama,13703.33,334,0.9999997404758517
CIF01009314,ACC0002009314,Customer_9315,Sitota Saving Deposit,Benishangul-Gumuz,337111.39,251,0.9999997404758517
CIF01000059,ACC0002000059,Customer_60,Dekemezmur Saving Account,Tigray,2911.67,303,0.9999997404758517
CIF01009980,ACC0002009980,Customer_9981,Ordinary Saving Account,Oromia,2467.41,217,0.9999997404758517
CIF01009950,ACC0002009950,Customer_9951,Prime Customer Deposit Account,Addis Ababa,28983.04,264,0.9999997404758517
CIF01009897,ACC0002009897,Customer_9898,Couples Saving Deposit,Amhara,173871.83,227,0.9999997404758517
CIF01009883,ACC0002009883,Customer_9884,Blatena Saving Account,Amhara,5607.1,188,0.9999997404758517
CIF01009860,ACC0002009860,Customer_9861,Couples Saving Deposit,Oromia,49402.05,268,0.9999997404758517
CIF01009844,ACC0002009844,Customer_9845,Abew Saving Account,Addis Ababa,7700.55,246,0.9999997404758517
CIF01009833,ACC0002009833,Customer_9834,Agape Saving Account,Oromia,15978.91,288,0.9999997404758517
CIF01009831,ACC0002009831,Customer_9832,Ordinary Saving Account,Amhara,86225.58,279,0.9999997404758517
CIF01009827,ACC0002009827,Customer_9828,Prime Customer Deposit Account,Oromia,6990.92,314,0.9999997404758517
CIF01009820,ACC0002009820,Customer_9821,Ordinary Saving Account,Tigray,6039.72,211,0.9999997404758517
CIF01009802,ACC0002009802,Customer_9803,Equb Saving Account,SNNPR,91470.05,216,0.9999997404758517
CIF01009794,ACC0002009794,Customer_9795,Ordinary Saving Account,Addis Ababa,328692.01,355,0.9999997404758517
CIF01009785,ACC0002009785,Customer_9786,Ordinary Saving Account,Addis Ababa,14328.2,207,0.9999997404758517
CIF01009759,ACC0002009759,Customer_9760,Dekemezmur Saving Account,Amhara,2469.21,194,0.9999997404758517
CIF01009756,ACC0002009756,Customer_9757,Ordinary Saving Account,Addis Ababa,6148.25,303,0.9999997404758517
CIF01000332,ACC0002000332,Customer_333,Dekemezmur Saving Account,SNNPR,4459.36,240,0.9999997404758517
CIF01000331,ACC0002000331,Customer_332,Special Saving Account,Addis Ababa,12248.73,207,0.9999997404758517
CIF01000280,ACC0002000280,Customer_281,Agape Saving Account,Addis Ababa,1464862.03,302,0.9999997404758517
CIF01000272,ACC0002000272,Customer_273,Ordinary Saving Account,Addis Ababa,20227.0,210,0.9999997404758517
CIF01000264,ACC0002000264,Customer_265,Blatena Saving Account,Addis Ababa,6236.29,293,0.9999997404758517
CIF01000252,ACC0002000252,Customer_253,Ordinary Saving Account,Addis Ababa,271526.39,253,0.9999997404758517
CIF01000251,ACC0002000251,Customer_252,Ordinary Saving Account,Addis Ababa,1579.66,192,0.9999997404758517
CIF01000226,ACC0002000226,Customer_227,Tirufat Savings Account,Amhara,10553.11,320,0.9999997404758517
CIF01000212,ACC0002000212,Customer_213,Ahadu Bereket Saving Account,Addis Ababa,7547.12,182,0.9999997404758517
CIF01000200,ACC0002000200,Customer_201,Special Saving Account,Tigray,6491.11,184,0.9999997404758517
CIF01000188,ACC0002000188,Customer_189,Dekemezmur Saving Account,Harari,152040.96,288,0.9999997404758517
CIF01000186,ACC0002000186,Customer_187,Dekemezmur Saving Account,Amhara,49311.08,297,0.9999997404758517
CIF01000182,ACC0002000182,Customer_183,Blatena Saving Account,Amhara,3556.76,312,0.9999997404758517
CIF01000113,ACC0002000113,Customer_114,Special Saving Account,Addis Ababa,4001.43,345,0.9999997404758517
CIF01000107,ACC0002000107,Customer_108,Werazut Saving Account,Tigray,23384.89,218,0.9999997404758517
CIF01000094,ACC0002000094,Customer_95,Blatena Saving Account,SNNPR,34140.36,349,0.9999997404758517
CIF01004801,ACC0002004801,Customer_4802,Prime Customer Deposit Account,Amhara,3787.54,360,0.9999996830573447
CIF01007219,ACC0002007219,Customer_7220,Equb Saving Account,Amhara,12621.94,359,0.9999996830556398
CIF01008797,ACC0002008797,Customer_8798,Special Saving Account,Addis Ababa,72207.13,181,0.9999996830297769
CIF01008971,ACC0002008971,Customer_8972,Blatena Saving Account,Amhara,778.41,181,0.9999996830297769
CIF01004769,ACC0002004769,Customer_4770,Abew Saving Account,Addis Ababa,4778.04,181,0.9999996830297769
CIF01003475,ACC0002003475,Customer_3476,Ordinary Saving Account,Addis Ababa,24820.39,181,0.9999996830297769
CIF01002922,ACC0002002922,Customer_2923,Blatena Saving Account,Sidama,1036.25,181,0.9999996830297769
CIF01007314,ACC0002007314,Customer_7315,Prime Customer Deposit Account,Addis Ababa,26732.14,362,0.9999996829596401
CIF01006689,ACC0002006689,Customer_6690,Washera Saving Account,Sidama,26872.0,361,0.9999996829596401
CIF01005016,ACC0002005016,Customer_5017,Ahadu Bereket Saving Account,Oromia,3700.87,363,0.9999994808022503
